train_04_154,One would have thought the futility of offensive troop deployments and the suspension or downgrading of normal transport and diplomatic relations — methods the BJP-led Vajpayee government unsuccessfully tried after the terrorist attack on Parliament in December 2001 — would be apparent by now .,0,1,3,train_04,1
train_08_274,"According to police reports from different districts , nearly 12,000 workers and leaders of the RJD were arrested during the shutdown but later released .",0,0.5,2,train_08,1
train_04_189,"Kumar , an officer of the elite Para unit who hailed from Jind , was among two army personnel from elite Para unit who lost their lives today in the fierce encounter with militants holed up inside a government building in Pampore town .",0,1,2,train_04,1
train_01_121,"He is an accused in the Delhi High Court blast of Sep 7 , 2011 in which at least 10 people were killed and over 70 injured .",1,0.666666667,3,train_01,0
train_09_A_71,Forensics had later matched the bullets which killed Chika to this gun .,0,1,3,train_09,1
train_09_A_81,"Hoisting of the specially prepared multi-colour flag was seen as a mark of protest against the merger of the then Vidarbha , the Central Provinces and Berar into Maharashtra on May 1 , 1960 .",0,1,3,train_09,1
train_05_63,More than 50 people were reportedly taken to hospital for treatment after various protests throughout the day .,0,0.5,2,train_05,1
train_08_108,He said the Chief Minister had announced that the role of the non-official persons in the agitation and the subsequent police firing would be inquired into by the CBI .,1,1,2,train_08,0
train_07_223,"Arun , who is the sanitation supervisor of the area , alleged he was asked to clean the streets by Pandey in the morning but before he could send his workers , Pandey and his supporters came to Jhabban ki Bagiya and started beating him , his brother Anil , colleague Sachidanand and other workers .",1,0.5,2,train_07,0
train_05_278,"It was bound to be rejected . "" Hardik maintained Patels would continue their agitation in support of their demands .",1,1,2,train_05,0
train_09_B_123,He said an attack on the transport of goods was an attack on the economy .,0,1,2,train_09,1
train_03_39,"Lok Sabha members , cutting across party lines , meanwhile , expressed outrage at the language used by members of Team Anna during Anna ’ s one-day sit-in fast at Jantar Mantar .",0,0.666666667,3,train_03,1
train_08_45,"Similarly , some palmyrah farmers tapped toddy at Pattankaadu even as the police arrested 517 protestors , including 66 women , in the neighbouring town of Vasudevanallur .",1,0.5,2,train_08,0
train_04_153,Too early It is too early to say how these demands for an immediate and decisive response to what happened in Mumbai will affect relations with Pakistan .,0,1,3,train_04,1
train_01_223,"In recent days , Beijing has ramped up its condemnation of the protests , which it describes as “ riots ” , and has accused the US and other western powers of instigating the unrest to hurt China .",0,0.666666667,3,train_01,1
train_07_247,"While tourists visiting the Union Buildings used cameras and cellphones to photograph the protest , the vendors outside packed up their wares .",0,0.5,2,train_07,1
train_02_76,The members voiced concern over the absence of a breakthrough in earlier incidents of blasts in Punjab and emphasised that the culprits should be brought to book with an iron fist .,0,0.666666667,3,train_02,1
train_04_263,"Anticipating the strike some of the banks , particularly SBI and its associates , had ensured that their ATMs ( automated teller machines ) had cash to meet the customer demand , he added .",0,0.666666667,3,train_04,1
train_02_92,Photo : A. Muralitharan Staff Reporter Being built as part of underground drainage network scheme TAMBARAM : Residents of Keelkattalai on Tuesday protested the construction of a lift station ( a powerful pumping station ) at a burial ground at Arulmurugan Nagar .,0,0.666666667,3,train_02,1
train_06_324,"There was also allegation that some of the Congress workers , who came to interrupt the fest , were in an inebriated state .",1,0.5,2,train_06,0
train_01_228,The statement condemned authorities for turning “ a deaf ear to peaceful protests from a wide section society ” and threatened more actions .,0,1,3,train_01,1
train_09_A_11,"Kejriwals team attacked by Congress workers - Indian Express Express News Service , Express News Service : Lucknow , Thu Dec 13 2012 , 04:52 hrs A group of Congress workers allegedly attacked members of Arvind Kejriwal-led Aam Aadmi Party who were staging demonstration on the arrival of External Affairs Minister Salman Khurshid 's wife Louise Khurshid at an event in Mainpuri district on Wednesday .",0,1,3,train_09,1
train_09_A_13,Mainpuri SP Shalabh Mathur said that a complaint has been lodged by a Aam Aadmi Party worker at City Kotwali police station alleging attack on him and other agitators .,0,0.666666667,3,train_09,1
train_02_112,"The university was closed following the disturbances , Vice-Chancellor Ngoato Takalo said on Monday .",0,0.666666667,3,train_02,1
train_01_232,"Besides the bank and the insurance company employees , medical and sales representatives , members of the UTF , anganwadi , municipal and construction workers , hamalis , including the RTC porters , participated in the rally taken out under the banner of the leftist unions protesting against the ‘ anti-employee ’ and ‘ anti-national ’ policies of the Congress-led UPA government .",0,0.666666667,3,train_01,1
train_09_B_29,ANANTNAG : Police today arrested two top militants and claimed to have solved the bomb blast at the high-security MLA hostel in Srinagar last year .,1,0.5,2,train_09,0
train_01_278,"Addressing a congregation at Gokulnagar , Nandigram , Trinamool Congress chief Mamata Banerjee said the people would give a fitting reply to the Communist Party of India (Marxist)-led government for the “ carnage . ” “ Violence continues ” Condemning the “ atrocities committed by CPI(M) cadres on the innocent people of Nandigram , ” Ms. Banerjee said even after a year “ those responsible had not been punished .",0,0.666666667,3,train_01,1
train_01_139,"Biswal , who had travelled to the city from Washington to speak at the Indian Consulate General 's Media-India Lecture Series yesterday , said not only were there a large number of Indian victims in the attack but there were Americans also who lost their lives .",1,0.666666667,3,train_01,0
train_02_178,"Employees at three factories had signed a petition supporting Mr Zong and were demanding reassurances about the future of the venture and their jobs , Xinhua said .",0,0.666666667,3,train_02,1
train_01_319,Blockade against power plant 13th September 2011 08:19 AM ANGUL : They made their intention loud and clear raising slogans against JR Power Plant .,1,0.666666667,3,train_01,0
train_02_236,"On August 16 , 2012 , police shot dead 34 people , almost all striking mineworkers , while trying to disperse and disarm them .",1,0.666666667,3,train_02,0
train_01_230,"ANDHRA PRADESH Work in banks , insurance firms hit August 21 , 2008 00:00 IST Back to old days : A horse-drawn cart comes in handy for passengers as autos went off the road during the general strike in Kurnool on Wednesday .",0,0.666666667,3,train_01,1
train_07_220,"Muck on road after SP leader , supporters beat up LMC men - Indian Express Express News Service , Express News Service : Lucknow , Wed Jul 11 2012 , 04:20 hrs A Samajwadi Party leader and his supporters allegedly beat up three Lucknow Municipal Corporation sanitation workers and manhandled a constable in Thakurganj area on Tuesday .",0,0.5,2,train_07,1
train_06_319,"Mthuthuzeli Tom , the president of the National Union of Metalworkers of SA ( Numsa ) said during a march to the offices of the Fuel Retailers Association ( FRA ) and the Retail Motor Industry ( RMI ) that it is better for their members to suffer now than to keep on suffering .",0,0.5,2,train_06,1
train_02_94,"Consequently , the residents staged a demonstration on Tuesday .",0,0.666666667,3,train_02,1
train_05_47,Mr. Bommai later told presspersons that whoever was responsible for forcing the protestors to stage such a protest would be dealt with sternly .,1,1,2,train_05,0
train_07_122,"“ It was a planned attack instigated by the PMK , who are trying to gain political mileage , ” he charged and added that members of a community in 30 villages , spread across political parties , joined the PMK-led assault .",1,1,2,train_07,0
train_05_165,"Two protestors were shot dead , allegedly by police , on Monday during a service delivery protest .",1,1,2,train_05,71:97,0:63,:,:,:,45:97,0:29,42:44,:,:,0
train_02_259,""" The relay fast is a way of supporting Anna from Pune .",1,0.5,2,train_02,20:54,2:16,20:28,:,:,0
train_08_36,"In the melee , Ms. Rajakumari lost her consciousness .",1,0.5,2,train_08,3:12,15:52,:,:,:,0
train_09_B_108,""" Three terrorists have been killed in this gunfight , which is still going on .",1,1,2,train_09,39:52,2:35,:,:,:,0
train_07_64,The four inmates who held her hostage were arrested .,1,0.5,2,train_07,0:37,43:51,:,:,:,0
train_01_210,"`` We do not know about the strike , if we called for a strike we could have informed commuters , '' said president Philip Taaibosch .",1,1,3,train_01,0
train_07_159,"Sainath Metri , taluk panchayat member ; Pandurang , Yeshwant Datekar , Mahadev Kumtekar and Narayan Govekar , leaders of fishermen who led the agitation , told presspersons that the officials would forget the development of road after the inauguration of the bridge .",0,0.5,2,train_07,1
train_01_108,"In Yuen Long , Chung and other protesters are demanding the government conducts an independent investigation and officially characterises the violence as a “ cross-border terrorist attack ” .",0,0.666666667,3,train_01,1
train_02_278,"AISF State general secretary Viswanath , district president Srinivasulu , secretary Chandrasekhar , city secretary Mahendra , organising secretary Ranganna , vice-presidents Bhargav and Venkatesh and a large number of students jostled with the police when they picketed Kurnool Collectorate .",0,0.666666667,3,train_02,1
train_04_81,Hundreds of them raised slogans against the SP .,0,1,3,train_04,1
train_02_228,Two Limpopo women were targeted for wearing mini-skirts on the day the world celebrates women 's rights .,1,0.666666667,3,train_02,0
train_01_35,"September 14 , 2012 00:00 IST Her absence from Vijayamma ’ s protest meet gives credence to rumours Rumour mills are abuzz in Warangal hinting that YSR Congress party leader and former Minister Konda Surekha may join the Congress soon .",1,0.666666667,3,train_01,0
train_09_A_35,"I am warning other theatres to stop the screening , otherwise , we will intensify our protest in the city in coming days , ” said city Bajrang Dal chief Jwalit Mehta , who led the attack .",1,0.666666667,3,train_09,0
train_01_258,"Former TDP Minister P. Babumohan , who was in oblivion for long , participated in the agitation Despite assurances by the authorities , the stock of urea is not reaching farmers",1,0.666666667,3,train_01,0
train_02_135,The inspector in-charge was injured in the incident .,0,0.666666667,3,train_02,1
train_06_263,July 16 : CPI-Maoist cadres killed 17 personnel of the Special Operations Group of the Orissa Police in a landmine blast in Malkangiri district .,0,0.5,2,train_06,1
train_04_79,"Despite the presence of the IG , policemen moving in vehicles forced a bandh in the town .",0,0.666666667,3,train_04,1
train_06_127,"The anti-Posco activists torched our houses , damaged our betel vines and paddy crops and threw us out .",1,1,2,train_06,0
train_09_A_61,"It questioned the commission ’ s action in withholding the report on the “ dubious role ” of the State government in supporting the accused involved in the carnage against the minority community , which followed the train fire .",0,0.666666667,3,train_09,1
train_01_173,"Yes , he 's the fellow who assured his government bosses the July 1 , 2003 , protest march would draw mere thousands , not the half a million that actually turned up .",1,0.666666667,3,train_01,0
train_04_1,"The poor response could be gauged from the fact that out of 21,773 candidates only 3,391 appeared and the boycott was total in campus colleges .",0,0.666666667,3,train_04,1
train_08_191,The incident took place in the Sahebganj police station area between 12.30 and 1.30 a.m. “ They first set two JCBs [ excavating machines ] and two tractors on fire .,0,0.5,2,train_08,1
train_04_204,"There are nine million Uygurs among Xinjiang 's 20 million people , and they are the main targets of blame for the unrest .",0,1,3,train_04,1
train_05_116,Party leaders and activists came onto the roads and stopped RTC buses around 6.30 a.m. They were arrested and taken to the respective police stations .,1,1,2,train_05,0
train_01_206,`` We have been told of a possible one-day strike that has already affected Soweto .,0,0.666666667,3,train_01,1
train_02_13,"– PHOTO : PTI ROHTAK : , Arya Samaj activists place body of police firing victim on road An uneasy calm prevailed in Karontha village here on Monday with protesters blocking traffic and placing the body of one of the three persons killed in Sunday ’ s clash on road even as Haryana Chief Minister Bhupinder Singh Hooda ordered a magisterial probe into the violence .",0,0.666666667,3,train_02,1
train_04_231,"KOCHI : DYFI , Youth Congress activists clash October 11 , 2011 00:00 IST The prevailing tension between members of the Democratic Youth Federation of India ( DYFI ) and Youth Congress turned into full scale violence at Alinchuvadu Junction near Vennala on Monday evening .",0,0.666666667,3,train_04,1
train_03_28,"Singh said the militants had tried to breach the cordon Tuesday night , "" but the troops fired at them , pushing them back into the jungle "" .",0,0.666666667,3,train_03,1
train_02_131,"Kolkata : No arrests yet in Malda case January 05 , 2016 00:00 IST No arrests have been made so far in connection with Sunday ’ s mob attack on police personnel in the Kaliachak area of West Bengal ’ s Malda district .",0,0.666666667,3,train_02,1
train_05_241,"Two others were lynched by a mob , which suspected them of being supporters of the group .",1,1,2,train_05,0
train_03_322,And the students seem to be in no mood to skip them citing the agitation as they have realised that they are crucial to complete the course .,0,0.666666667,3,train_03,1
train_09_B_107,"Three LeT guerrillas killed in Kashmir gunfight 15th July 2011 09:42 AM SRINAGAR : Three separatist guerrillas have been killed Friday in the ongoing gunfight between terrorists and security forces in Jammu and Kashmir , the army said .",1,1,2,train_09,0
train_09_A_29,"UFBU is meeting at Hyderabad on December 23 to discuss further course of action and the next phase of the agitation , Venkatachalam said .",0,1,3,train_09,1
train_06_63,IFP hotheads at the township entrance tried again to barricade the road and were removed by the police .,1,1,2,train_06,0
train_07_224,Pandey 's supporters also allegedly manhandled constable Rahul Kushwaha who had gone to control the situation .,0,0.5,2,train_07,1
train_02_107,"They allege that the attack , apparently triggered by an inter-caste marriage , was politically engineered .",0,0.666666667,3,train_02,1
train_07_111,"Banking up on the Health Minister ’ s assurance , the students , who were on the warpath against the CRS and bond system retracted from the agitations on April 23 , 2012 .",1,1,2,train_07,0
train_04_63,"I want your participation in talks before we frame the law , "" he told the gathering amid loud cheers and slogans in his favour .",0,1,3,train_04,1
train_01_243,"Police clueless about 15 abducted by Maoists 04th November 2011 09:45 PM PATNA : Four days after armed Maoists abducted 15 people , including 12 labourers , in Bihar 's Jamui district , police are still in dark about their whereabouts and have failed to rescue them , officials here said Friday .",0,1,3,train_01,1
train_01_217,"One group held a black banner with the words : “ The police have overstepped ” , while others chanted for the release of protesters who have been arrested over the last two months of demonstrations .",0,0.666666667,3,train_01,1
train_08_19,"PM condemns ' dastardly ' attack on Congress workers in Chhattisgarh - Indian Express PTI , PTI : New Delhi , Sun May 26 2013 , 01:39 hrs Prime Minister Manmohan Singh tonight strongly condemned the "" dastardly "" Maoists attack on Congress leaders and workers in Chhattisgarh and appealed to the attackers to release at the earliest all those who may have been abducted .",1,0.5,2,train_08,0
train_06_0,"June 10 , 2009 : Nine security personnel , including CRPF troopers , ambushed by Maoists during a routine patrol in Saranda jungles in Jharkhand .",0,1,2,train_06,1
train_06_140,"Earthlife activists marched to Anglo 's offices in the Johannesburg CBD against the company 's planned coal mine and power station in Waterberg , Limpopo .",1,1,2,train_06,0
train_01_49,"Protests show rising green concerns PUBLISHED : Wednesday , 04 July , 2012 , 12:00am Mass protests this week over the planned construction of a molybdenum-copper alloy plant in Shifang , Sichuan province show that environmental concerns are becoming a leading cause of social unrest .",0,0.666666667,3,train_01,1
train_09_B_130,"“ He is also found guilty of assaulting police officers and obstructing them from doing their duty , ” he said .",1,1,2,train_09,0
train_05_18,"Angered community members mobilised and marched to a suspected gang member 's house in Bardien Street where Tavern Moss was stabbed and beaten to death , police said at the time .",1,0.5,2,train_05,0
train_04_47,"The Maoists hit back with a vengeance within 48 hours , butchering 76 security personnel .",1,0.666666667,3,train_04,0
train_05_83,The Pathankot incident too exposed how far the malignant cancer of corruption has spread .,1,1,2,train_05,0
train_01_12,It was in January this year a group of persons attacked the NHAI office at Kalamassery and distributed notices supporting armed revolt against the government .,0,0.666666667,3,train_01,1
train_02_282,"Four Fisheries Control and Parks officers were taken hostage after 15 armed poachers ambushed them at Hout Bay , SABC radio news reported on Wednesday .",0,1,3,train_02,1
train_07_141,"The Cecelia Makiwane Hospital in East London was again the scene of anger and protest on Tuesday , following the death of four babies at the hospital last week , the SABC reported .",0,0.5,2,train_07,1
train_06_180,"Even after six days of the hunger strike , the government has not reached a consensus on demands raised by the striking doctors .",1,0.5,2,train_06,0
train_02_183,"M. Ranjit , representing the protesting students , said that the Deputy Director of Education ( DDE ) had tried to hoodwink them by issuing an order by which the appointment of language teachers for physical education work was suspended temporarily .",0,0.666666667,3,train_02,1
train_08_245,"Yet older people have been drawn into the protests too : not just democracy veterans , but citizens inspired by the younger generation .",1,1,2,train_08,0
train_09_A_12,"One of the agitators , Vivek Yadav , who was later hospitalised , lodged a complaint alleging that Congress district president Prakash Pradhan and his party workers assaulted him while Louise Khurshid 's vehicle hit him causing injuries .",0,0.666666667,3,train_09,1
train_05_26,"Around 4.30 pm , a 70 - member contingent of VHP and Bajrang Dal activists led by their leaders Yaman Singh and nearly 20 religious heads went in a procession towards the Raj Bhavan with an intention to submit a representation t o g o v e r n o r E S L Narasimhan .",1,1,2,train_05,0
train_01_26,"Claiming that the dozen new trains would prove to be a boon for UP , Sonia said later at a public rally organised adjacent to the railway station that it was after a long gap that the Railway ministry had done so much in one go for the state .",0,0.666666667,3,train_01,1
train_01_238,"Seven Maoists Killed in Gun Battle 18th February 2014 11:36 AM Seven Maoists were killed in a two-hour long gun battle with Maharashtra Police on the border the state shares with Chhattisgarh , a top official said Tuesday .",1,1,3,train_01,0
train_02_161,"Police negotiators facing ' toughest challenge yet ' at Occupy sites Officers trying to defuse tensions at Occupy sites deal with insults and lack of protest leadership PUBLISHED : Wednesday , 08 October , 2014 , 4:52am Opposition losing support of public opinion 4 Jun 2018 Police negotiators say Occupy Central has presented them with their toughest challenge yet , facing hundreds of sometimes hostile demonstrators instead of the one or two people they usually deal with .",0,1,3,train_02,1
train_03_85,"`` They said to me that the reburial was very dignified , proceeded very well , until plus minus 60 people made a noise when the president was about to speak , and decided to walk out , '' Motlanthe said .",0,0.666666667,3,train_03,1
train_06_159,A number of BJP and ABVP activists were killed by Maoists in the Telangana region in the last several years but they do not think Maoists will dominate after formation of the separate state .,0,0.5,2,train_06,1
train_03_96,"An improvised explosive device ( IED ) kept under the seat of a motorbike blew up after being remotely triggered , just 100 metres from Jagannath Bhavan , the state BJP headquarters in Malleswaram around 10.30 am .",0,0.666666667,3,train_03,1
train_06_304,"Speakers at the rally , orgainsed by the Peoples Union for Civil Liberties ( PUCL ) , CPI , CPM , and Chhattisgarh Mukti Morcha ( CMM ) , accused the Raman Singh government of having implicated Sen in a false case .",1,0.5,2,train_06,0
