train_04_209,"It took a communal turn that had resulted in stone-pelting , arson and loot .",0,0.666666667,3,train_04,1
train_04_104,The protesters were taken into police custody when they started picketing vehicles passing through the State Bank circle .,1,1,3,train_04,0
train_02_185,"Maoists damage three bridges in Bihar 09th October 2009 12:05 PM PATNA : Maoist guerrillas early Friday damaged three bridges in Bihar 's Aurangabad district with dynamites , police said .",0,0.666666667,3,train_02,1
train_07_214,"Wary of Sena , migrants get into a huddle MUMBAI , NOVEMBER 26 As many as 80 migrants from Bihar and Uttar Pradesh  shopkeepers to businessmen and politicians  huddled in a hastily-called meeting at Andheri on Tuesday .",0,0.5,2,train_07,1
train_02_194,"Protestors in Clashes With Police on Jammu-Pathankot NH During Eviction Drive 22nd February 2016 05:22 PM JAMMU : Clashes erupted on the Jammu-Pathankot national highway between police and protesters in Samba district of Jammu region on Monday , police said .",0,1,3,train_02,1
train_02_153,"Nokia Supplier 's Turn to Offer VRS ; 850 Staffers Strike Work 22nd June 2014 07:37 AM CHENNAI : The ripple effect of the drastic downsizing of Nokia ’ s Sriperumbudur plant was felt in another ancillary company , as BYD Electronics India Private Ltd announced a VRS offer for its 1,500 employees .",0,0.666666667,3,train_02,1
train_07_255,"The recent rash of bombings in Gauteng reflected rising discontent among Afrikaners , the Afrikaner Group of 63 said on Thursday .",1,1,2,train_07,0
train_09_A_152,The posters have warned them against joining the police and army and threatened to take up such cases in the praja court .,0,1,3,train_09,1
train_02_83,"Coinciding with the unrest in the board is the indefinite hunger strike launched by three employees Mahesh Ahire , Shriram Gavai and Balkrishna Gadekar whose regular promotions were denied and the former two were transferred to Nashik on the same post .",0,0.666666667,3,train_02,1
train_05_277,"Reacting to the news , Hardik Patel , the face of Patel quota stir , called it "" failure "" of the government .",0,0.5,2,train_05,1
train_05_7,"On Monday , residents blocked the N12 and set alight a municipal office , community hall , houses belonging to the mayor , two councillors and two officials , and several businesses .",0,1,2,train_05,1
train_01_189,"After family members narrated the incident to their neighbours , people came on the road and held demonstrations .",1,1,3,train_01,0
train_04_281,"Seeking their jobs back , hundreds of protesters from across the state converged at the Vikas Bhawan ( Punjab Rural Development and Panchayats department headquarters ) in Mohali 's Sector 62 early in the morning .",1,1,3,train_04,0
train_05_301,Addressing a press conference TRS leader B. Goverdhan Reddy and others said the march was a success despite the hurdles created by the government .,1,0.5,2,train_05,0
train_01_166,"At least five more people will be tried over the attack , Xinhua has reported .",0,1,3,train_01,1
train_08_311,"A spokesman for the Pakistan-based guerrilla group called journalists in Srinagar on Monday and said its "" suicide squad "" had inflicted heavy casualties on Indian forces at the Ashajipora camp .",1,0.5,2,train_08,0
train_05_307,Orders Nizamabad Staff Reporter adds : Despite prohibitory orders imposed on the movement of Telangana protagonists many of them from the district managed to make it to the twin cities take part in the ‘ Million March ' held on Thursday .,1,0.5,2,train_05,0
train_08_12,"Though the police had assured people of full protection during the bandh , most business establishments remained closed .",1,0.5,2,train_08,0
train_09_B_97,"Tuesday was marked by further protests and police had to disperse a group at least once , Martins-Engelbrecht said .",0,1,1,train_09,1
train_08_114,Mulaudzi could not confirm reports that the miners were demonstrating after Xstrata fired them .,1,1,2,train_08,0
train_05_322,"July 27 , 2009 : Six CRPF men killed in a landmine blast at Dantewada district in Chhattisgarh .",1,1,2,train_05,0
train_01_68,"April 09 , 2006 00:00 IST Senior officers reportedly trying to sort out issue VISAKHAPATNAM : The Police Stadium , which also houses the headquarters of the City Armed Reserve located , witnessed a rare incident of a constable and a Sub-Inspector staging a silent protest .",0,0.666666667,3,train_01,1
train_02_229,The report said that a crowd of men shouted obscenities at the women and asked them to undress .,0,1,3,train_02,1
train_01_138,""" We have certainly reiterated our support and our commitment to India 's efforts to seek justice on behalf of the victims "" of the 26/11 attack , Assistant Secretary of State for South and Central Asian Affairs Nisha Desai Biswal told PTI when asked about the delay in bringing to justice the perpetrators of the 2008 terror attacks .",0,0.666666667,3,train_01,1
train_02_130,"One of them , a 24 - year-old , said : "" I hope this can be a good beginning for a dialogue between citizens and the government on major decisions . "" The rallies are seen as a sign of growing public awareness of environmental issues on the mainland and increasing courage in speaking out .",0,1,3,train_02,1
train_02_104,"More than two weeks after three Dalit settlements , not far from Nayakankottai in this backward district in north-west Tamil Nadu , were attacked , the air is still thick with tension .",0,0.666666667,3,train_02,1
train_03_86,"He said he told Ndebele that since this was a repeat of what happened when the prime minister of India was in the country , party officials should have followed those who were leaving the stadium and observed them .",0,1,3,train_03,1
train_03_136,He said the peaceful strike demanding a memorial for Chattambi Swami will continue till the government takes a decision on the issue .,0,0.666666667,3,train_03,1
train_01_218,"Protesters distributed protective gear such as face masks , in the event of clashes with police , who have used teargas on demonstrators .",0,0.666666667,3,train_01,1
train_06_270,"April 26 : Three policemen and two CPI-Maoist cadres were killed in an encounter in Dumka , Jharkhand .",1,0.5,2,train_06,0
train_06_132,The protest over housing started around 6am on Main Reef road .,0,1,2,train_06,1
train_02_144,"At an April 30 election rally in Khalilabad in Sant Kabir Nagar district of Uttar Pradesh , Azmi said : "" If any Muslim opposes the Samajwadi Party , have a DNA test done , he could be an RSS man .",0,0.666666667,3,train_02,1
train_09_B_20,“ Had the administration wanted it could have averted the incident .,1,1,2,train_09,6:31,32:66,2:5,:,:,0
train_09_B_24,"However , local villagers resisted the searches , saying there were no militants hiding there .",1,1,2,train_09,50:93,10:47,:,:,:,0
train_05_171,"He said incidents of protest affected voting stations in areas including Mahikeng and Marikana in North West ; Malamulelele , Musina , Mogalakwena , and Northhampton , in Limpopo ; Bushbuckridge in Mpumalanaga ; Khayelitsha in the Western Cape ; Denver , George Koch , and Orange Farm in Gauteng ; Ethekwini and Jozini in KwaZulu-Natal ; Nelson Mandela Bay , Butterworth , and OR Tambo in the Eastern Cape ; Pampierstad in the Northern Cape ; and Maluti-a-Phofung in the Free State .",1,1,2,train_05,8:28,29:62,29:37,:,:,0
train_03_323,"“ Our students are smart enough to understand that exams are crucial and they ca n't boycott them every time , ” says B. Laxmaiah , OSD to Vice-Chancellor and who has dealt with students carefully at the peak of agitation as Dean of Students ' Welfare .",0,1,3,train_03,1
train_03_244,It found that the police were not suitably equipped to quell public disorder during the protest and had failed to devise a plan to regulate and monitor the protest .,0,1,3,train_03,1
train_03_16,The decision was taken following a demonstration staged by a group of persons who are natives of Salem and have registered with the District Employment Office ( DEO ) for the same post .,1,1,3,train_03,0
train_05_138,NLC strike to go on despite MK appeal 26th October 2010 06:13 PM CHENNAI : The 36 - day strike by contract workers of Neyveli Lignite Corp ( NLC ) is set to continue despite the request to resume work by Tamil Nadu Chief Minister M. Karunanidhi Tuesday .,0,0.5,2,train_05,1
train_03_49,"Urging the Commission to reveal names of people involved in the attacks , he said the protestors against the church attack were assaulted by police , youth were hunted and criminal cases were booked on them .",0,0.666666667,3,train_03,1
train_01_63,"Joshua Wong , the teenage activist who was one of the most recognisable faces of Hong Kong ’ s umbrella movement protests , has been found guilty of “ illegal assembly ” by a court in the former British colony .",0,0.666666667,3,train_01,1
train_06_33,"Personnel from the local police station , which is less than half-a-kilometre from the spot , reached 20 minutes after the clashes broke out .",1,0.5,2,train_06,0
train_01_71,They poured out their woes to the reporters and photographers who reached the Police Stadium on hearing about the incident .,1,0.666666667,3,train_01,0
train_05_281,"Broken glass , rocks , a broken traffic light and other debris were scattered on Albertina Sisulu Road during the protests .",1,1,2,train_05,0
train_05_81,The burnt-down police station was repaired and given a fresh coat of paint overnight .,1,1,2,train_05,0
train_01_162,"They did not confess to the planned attack after their capture , and so should bear full responsibility for the loss of life , the court said .",1,0.666666667,3,train_01,0
train_08_68,""" On December 29 , we halted at Basaguda village in Chhattisgarh but some people in civil clothes approached us and tied our hands upon which we realised we have been kidnapped .",1,1,2,train_08,0
train_03_79,"After showering flower petals in the sea to mark the World Oceans Day , the villagers and their children started the relay fast at Kooththenkuzhi .",0,0.666666667,3,train_03,1
train_08_58,Speeches of Congress leaders who addressed a large gathering of party men made it abundantly clear that all major issues prominent in the political discourse of the State would be highlighted by the march visiting all constituencies in the State .,1,1,2,train_08,0
train_07_110,"The allegations got strong back-up when the Kerala Medicos Joint Action Council ( KMJAC ) , which spearheaded the previous strike , also raised the same concern .",1,1,2,train_07,0
train_02_1,"“ Instead of blocking traffic here , they should go to Bhubaneswar with their demand .",0,1,3,train_02,1
train_06_119,"Meanwhile , disruption of services in Osmania and Gandhi hospital continues and emergency services in Osmania General Hospital are boycotted by the PG students .",0,0.5,2,train_06,1
train_08_67,""" We had gone to study the life of people in remote and Naxal-affected tribal areas as part of our mission and did not expect to be kidnapped by the Naxals , though we fully knew about their presence , "" they said .",1,1,2,train_08,0
train_08_223,"TAMIL NADU Post blasts , the web of security tightens May 29 , 2014 00:00 IST Railway stations , places of worship , cinema halls , malls – the enhanced protective measures are everywhere The May Day twin blasts on platform nine of Chennai Central sent a strong message to various enforcement agencies in the city .",1,1,2,train_08,0
train_07_248,"`` The protest is out of concern by Sadtu that our education in this country needs a lot of fixing , '' said Dlamini .",0,0.5,2,train_07,1
train_02_116,Police apparently fired teargas and rubber bullets after students barricaded the main entrance .,1,1,3,train_02,0
train_07_4,Stones were thrown and a number of people were left injured .,1,0.5,2,train_07,0:18,23:59,:,:,:,0
train_03_263,"Agitation to be intensified 02nd April 2011 12:35 AM ALUVA : The ongoing agitation against the closure of study centres in the name of reformist leaders in Sree Sankaracharya Sanskrit University in Kalady will be intensified , said the office-bearers of the Confederation of Sanathana Dharma Suhruth Vedi here on Friday .",0,0.666666667,3,train_03,1
train_04_230,"Mahant Jugal Kishore Shastri , a priest with the Ayodhya-based Saryu Kunj temple , said : "" At this stage , if other religious leaders from different parts of the country also come forward and join hands to work out an amicable settlement of the Ayodhya issue , I personally feel that the Ansari 's move would definitely produce the desirable result . "" A special three-judge bench of the Allahabad High Court 's Lucknow bench Thursday by a majority verdict ruled that the place where the Babri Masjid in Ayodhya stood , before it was razed by Hindu mobs in 1992 , was indeed the birthplace of Hindu god Ram .",1,0.666666667,3,train_04,0
train_03_157,Metro police intervened and the fire was put out .,0,0.666666667,3,train_03,1
train_07_272,"Parents and teachers held a protest demonstration in front of the school stating that the headmaster was always coming to school late , or on leave .",1,1,2,train_07,0
train_07_37,""" Some protesters attacked me when I was clicking pictures , but their colleagues dissuaded them .",1,0.5,2,train_07,0
train_05_52,His supporters chanted and waved placards calling for state agencies not to be used in political matters .,1,1,2,train_05,0
train_03_231,The developments at the prestigious engineering institute also triggered politicking even as the state government assured that safety will be ensured for the students hailing from other states at the campus where CRPF has been deployed to instill a sense of security .,0,0.666666667,3,train_03,1
train_07_70,Hundreds of lawyers took on media persons at the court barring them from entering the premises and also threw stones and bottles on them .,0,0.5,2,train_07,1
train_08_295,"He claimed that YSR Congress activists "" manhandled "" TDP activists at A. Konduru and Khambhampadu villages in which about 10 workers were injured .",1,1,2,train_08,0
train_08_168,"Hong Kong must not become a breeding ground for hate Susan Chan denounces the abuse perpetrated by radical protest groups PUBLISHED : Monday , 16 March , 2015 , 2:13pm In recent weeks , there have been protests organised against parallel trading in the New Territories and Tsim Sha Tsui .",1,1,2,train_08,0
train_05_27,The march was intercepted at the Khairatabad Crossroads and the marchers were taken into preventive custody .,0,0.5,2,train_05,1
train_09_B_138,The police had said that it has sufficient circumstantial evidence and phone records to prove that Shahzad was present in the Jamia Nagar flat and was among those who had fired at the police team leading to the death of inspector Sharma .,1,1,2,train_09,0
train_08_239,"Jagan had taken up the hunger strike on Sunday morning in support of ‘ Samaikyandra ’ agitation in Coastal Andhra and Rayalaseema regions , which is going on for the last 27 days .",1,1,2,train_08,0
train_01_152,Bimbola village turned into a battle field as rival groups wielding guns took the centre stage .,1,1,3,train_01,0
train_09_B_114,Sub-Inspector Murlidhar Bastia of Raghunathpur area was killed in Maoist attack while working in Keonjhar district .,1,1,2,train_09,0
train_05_158,"It may be recalled that SPO Raju , an exservicemen participated in Kargil war , who was on duty at Gandhi Bhavan had received severe burns when the MRPS activists had set fire to the Congress party office on February 28 .",1,0.5,2,train_05,0
train_03_209,"“ We are here to fight for democracy and universal suffrage. ” Organisers said more than 60,000 people joined the 3km march , which has been held nearly every year since Hong Kong returned to China in 1997 .",1,0.666666667,3,train_03,0
train_03_62,"Govt urged to take over Nellimarla jute mill 24th July 2009 03:08 AM HYDERABAD : Representatives of the Nellimarla Jute Mill Karmika Sangham , affiliated to IFTU , today urged Chief Minister YS Rajasekhara Reddy to intervene in resolving their problems and to put an end to the 10 - month-old strike involving about 5,000 jute mill workers at Nellimarla in Vizianagaram district .",0,0.666666667,3,train_03,1
train_07_98,"Anguished by the murder of Ramesh , hundreds of BJP workers staged a protest at near the Valluvar Kottam in Chennai on Saturday .",1,1,2,train_07,0
train_07_154,"’ 93 blasts : SC to deliver verdict today 21st March 2013 07:54 AM Twenty years and a week after the serial blasts rocked Mumbai on March 12 , 1993 , the Supreme Court will be delivering its judgment in the case on Thursday .",0,0.5,2,train_07,1
train_05_193,"The Indian Government had yesterday assured the family members of African national Masunda Oliver , who was brutally killed in the national capital , that speedy trial would take place in the case and all the three accused would be prosecuted as per law of the land .",0,0.5,2,train_05,1
train_09_B_52,"Soon , the huge posse of advocates started raising defamatory slogans against a few judges .",0,1,2,train_09,1
train_09_A_48,"KARNATAKA Traders against plan to amend APMC Act January 06 , 2007 00:00 IST REST : A farmer takes a nap on a cotton bale at the APMC yard , in Hubli on Friday as the APMC traders across the State observe bandh .",0,0.666666667,3,train_09,1
train_07_157,Main accused Dawood Ibrahim Kaskar and Tiger Memon have still not been brought to trial as they fled India hours after the blasts .,1,1,2,train_07,0
train_09_A_161,Post offices wore a deserted look as members of the National Federation of Postal Employees and many other associations did not turn up for duty .,1,1,3,train_09,0
train_05_177,"The incident took place around noon in Gaya district 's Uchla village near Sherghati , about 100 km from here , when Maoists blew up a patrolling vehicle of the Roshanganj police station .",1,1,2,train_05,0
train_01_62,"“ The youth was killed at a protest against the Army ’ s action halting the vehicles , ” alleged Mohammad Yasin Khan , head of a traders ’ body .",0,0.666666667,3,train_01,1
train_09_B_153,"Meanwhile , security forces and Naxalites had an encounter near village Belgaon  12 km from Bairamgarh in Bijapurkilling a Maoist rebel on the spot .",1,1,2,train_09,0
train_06_294,Five members of the old group entered the church during the Sunday mass yesterday and assaulted Akilan injuring him .,1,0.5,2,train_06,0
train_01_141,Biswal underlined that the US on its part had offered rewards for information leading to the arrest and prosecution of individuals associated with the Mumbai attack .,0,0.666666667,3,train_01,1
train_03_280,"Campaign against Negligence of Girl Child , a non-governmental organisation , and the District Legal Services Authority jointly organised the human chain as part of the worldwide campaign on violence against women from November 25 to December 12 .",1,0.666666667,3,train_03,0
train_06_186,"The leader 's henchmen offered him a "" settlement "" but when he approached the state Lok Ayukta with a complaint of corruption , they attacked him and his wife .",0,0.5,2,train_06,1
train_02_195,Police said irate protesters set ablaze an earth-mover machine of the Jammu Development Authority ( JDA ) at Sarore on the Jammu-Pathankot national highway when JDA authorities went there to evict illegal occupants of JDA land .,0,0.666666667,3,train_02,1
train_04_26,"While Mamata Banerjee participated in her padayatra , her arch political rival and West Bengal Chief Minister Buddhadeb Bhattacharjee confined himself with an interactive session with the students on a college campus in Garia , Southern part of the city to get their support .",0,0.666666667,3,train_04,1
train_06_73,"The MLAs , along with a large number of party supporters , raised slogans against the government and condemned the attack on the woman MLA .",0,0.5,2,train_06,1
train_09_B_135,Highly-decorated Delhi Police Inspector Mohan Chand Sharma succumbed to the bullet injuries sustained during the gun battle while head constable Balwant was injured .,1,1,2,train_09,0
train_01_201,But Congress MP and Union minister from Murshidabad Adhir Chowdhury blamed the Trinamool for the violence .,0,1,3,train_01,1
train_02_198,Reports from the area said agitated protestors had blocked the highway and security personnel were trying to pacify them .,0,0.666666667,3,train_02,1
train_02_272,About 15 cars were burnt and seven damaged by the angry protesters .,0,0.666666667,3,train_02,1
train_06_311,"Earlier in the day , the agitating sanitation workers took out a protest rally from Tummalapalli Kalakshetram to the Collector ’ s Camp Office , where they staged a dharna shouting anti-establishment slogans for a couple of hours .",1,0.5,2,train_06,0
train_05_321,"Oct 8 , 2009 : 17 policemen were killed in an ambush by Maoists at Laheri police station in Gadchiroli district of Maharashtra .",1,1,2,train_05,0
train_05_39,"Despite the march being peaceful , most of the businesses in the inner city were closed .",1,0.5,2,train_05,0
train_09_A_27,"Hence , the strike was forced on us , ” he added .",0,1,3,train_09,1
train_03_315,"KCR , who was arrested Sunday and sent to judicial custody for 14 days ahead of his ' fast unto death ' , launched the hunger strike in Khammam sub-jail .",1,0.666666667,3,train_03,0
train_03_139,Protestors and activists of Janmasthana Samrakshana Samithy alleged that the idol was destroyed as directed by Sandhya .,0,1,3,train_03,1
train_09_B_59,"HYDERABAD : BJP leaders court arrest during bandh May 01 , 2012 00:00 IST It was private moneylender Srinivas alias Salman Srinu , one of the two alleged masterminds behind the temple desecration in Madannapet , who purchased the blue paint which was sprinkled on the temple wall , the police said .",0,1,2,train_09,1
