train_08_308,"The attack , the first of its kind since Government suspended hostilities against militants in Jammu and Kashmir a week ago , came amid a rash of violence across the Himalayan region .",0,0.5,2,train_08,1
train_01_163,"Despite losing contact with the three men , five other members of the group went ahead with the attack .",0,0.666666667,3,train_01,1
train_06_322,There were also efforts to attack a local cable channel cameraman .,1,1,2,train_06,0
train_06_314,SC lifts stay on Gujarat riot cases 26th October 2010 09:24 PM NEW DELHI : The Supreme Court today gave the green signal for the trial courts in Gujarat to give their verdict in the 2002 Godhra train carnage and seven cases of communal riots that followed but kept on hold the judgement in the case in which Chief Minister Narendra Modi was questioned .,1,1,2,train_06,0
train_09_A_14,"The video footage of the incident is being scanned and a case will be registered after verifying the allegations , he added .",0,0.666666667,3,train_09,1
train_04_222,Party leaders here have requested educational institutions and other private establishments in twin cities to cooperate with them and make bandh successful .,0,1,3,train_04,1
train_09_B_141,This hints at possible differences in the organisation that backed the villagers protesting the proposed project about six years ago .,0,1,2,train_09,1
train_05_16,"While Singhdeo sat on a dharna in the Well in protest , Congress and other BJP members rushed into the Well shouting slogans .",0,0.5,2,train_05,1
train_03_88,""" The FIRs have been registered under various sections of the IPC pertaining to rioting , mischief and damaging public property .",0,1,3,train_03,1
train_06_150,"About 300 community members began blockading roads around the town and in front of the municipal offices , using rocks , burning tyres and car wrecks at 3.30am , police spokeswoman Captain Charlize van der Linden said .",0,1,2,train_06,1
train_01_38,"A protest march jointly organised by the Vishwa Hindu Parishad and Hindu Aikya Vedi entered into a scuffle with the police near the State Central Library even as Blessing led , his supporters claimed , ` ` a packed prayer meeting ’ ’ at the Chandrasekharan Nair Stadium .",0,0.666666667,3,train_01,1
train_09_A_95,"Residents chanted songs drowning out the mayor , who had to be removed from the stadium under police escort .",0,1,2,train_09,1
train_02_151,"Trouble was also reported from Mirzapur in the city , when a mob gathered near a mosque threw two crude bombs at the police .",0,0.666666667,3,train_02,1
train_09_A_155,"He impressed upon the gathering that unlike the Congress and the BJP , BJD will take decision pertaining to the interest of the state in the state itself and not in New Delhi .",0,1,3,train_09,1
train_03_119,This caused injury to accused no : 37 in the case .,0,0.666666667,3,train_03,1
train_07_300,"On Lung Wo Road , some protesters dug up bricks and built make-shift barricades from roadside metal railings .",0,0.5,2,train_07,1
train_02_95,"Gandhiji leads fast , boycotts I-Day 16th August 2009 11:21 PM HEAVEN : Mahatma Gandhi led a host of freedom fighters , who after much deliberation , decided not to celebrate Independence Day , instead marking it with prayers and a hunger sit-in and passing a special resolution to write to Parliament on changes they want in the way India is run .",0,1,3,train_02,1
train_08_166,"In the early hours of 6 May , Beijing police detained Pu Zhiqiang , a prominent human rights lawyer who helped organise the 1989 demonstration ; three days prior , he had participated in a private panel discussion commemorating the massacre .",1,0.5,2,train_08,0
train_05_153,"Some of the youths decided they were not satisfied with this , and on Wednesday morning barricaded the doors of their cells , he said .",1,1,2,train_05,0
train_08_199,"In a detailed submission , LDF delegation comprising CPI parliamentary party leader C Divakaran , Mathew T Thomas of Janata Dal and A K Saseendran of NCP made a strong case citing the recent struggle for better wages by women plantation workers in Munnar .",0,1,2,train_08,1
train_04_85,“ There was no formal notice of strike and this has created a lot of hassle for the public .,0,0.666666667,3,train_04,1
train_03_66,The drivers allegedly shot Mandisi Ngomani several times in the back while he was running away from them several days before a taxi strike in September last year .,0,0.666666667,3,train_03,1
train_03_89,They have been identified on the basis of the photographs and video footage of the incident .,0,1,3,train_03,1
train_05_114,"Another bomb was recovered on the same railway track this morning at Rowta in the district during investigations by police , Bishnoi said .",0,0.5,2,train_05,1
train_09_A_3,"The Gujjar priest , Mewa Ram , accompanied by youngsters from his community allegedly thrashed the 80 - year-old Dalit priest Hazari Balai during the Navratra festivities on October 1 and declared a ban on the entry of Dalits into the temple .",0,1,3,train_09,1
train_07_311,"Many waved Chinese flags and hurled insults at anti-government demonstrators camped nearby , highlighting the deep ideological fissures now dividing the finance hub .",0,0.5,2,train_07,1
train_03_51,He urged the government to drop the cases registered against the Christians in connection with church attacks .,0,0.666666667,3,train_03,1
train_05_62,"After the protesters were dispersed , images of the vandalised building were broadcast .",0,1,2,train_05,1
train_09_B_74,“ No amount of forgiveness can absolve Modi of the crime that was committed under his watch in Gujarat .,0,1,2,train_09,1
train_07_306,Protesters have also surrounded the police headquarters twice in past weeks in noisy and emotionally charged protests in which young people spray-painted obscenities on its front wall and barricaded its entrances .,0,0.5,2,train_07,1
train_04_46,Blatant efforts to wage a proxy war 15th April 2010 12:33 AM The Dantewada massacre took the lives of 76 CRPF jawans and caused a huge setback to the Union home ministry ’ s self-proclaimed ‘ war on tribal terror ’ .,0,0.666666667,3,train_04,1
train_01_128,"By visiting the families of the Patna blast victims , NaMo is drilling home the point that NiKu is least bothered about the personal tragedies of his people .",0,0.666666667,3,train_01,1
train_03_129,"City Police Commissioner Ravada Chandrasekhar has also directed Shangumugham Assistant Commissioner Suresh Kumar to probe into the role of the police in the incident , including the allegation that LDF candidate P. Ramachandran Nair was pushed by the Pettah Circle Inspector .",0,0.666666667,3,train_03,1
train_05_314,SC curbs on NIA questioning Sadhvi Pragya 09th July 2012 09:26 PM The Supreme Court Monday restrained the National Investigation Agency from interrogating Sadhvi Pragya Singh Thakur in connection with the 2007 murder of Rashtriya Swayamsewak Sangh activist Sunil Joshi in Madhya Pradesh .,0,0.5,2,train_05,1
train_09_B_19,"Pramod Mishra , president of Koshal Kranti Dal , blamed the administration for the incident .",1,1,2,train_09,0
train_09_A_69,"Two men who confessed to being involved in the murder of ANC North West official Obuti Chika were tortured by police , the Klerksdorp Magistrate 's Court heard on Tuesday .",0,1,3,train_09,1
train_04_218,Police were in the area as Economic Freedom Fighters supporters and African National Congress supporters clashed .,0,1,3,train_04,1
train_09_B_133,The police had reached Batla House on a tip off that some suspected militants involved in the blasts were holed up in the building .,0,0.5,2,train_09,1
train_05_175,"As per reports from Orissa , Dr. Alathara said , several people had been injured and houses and institutions run by Christian missionaries burnt in the incidents on Tuesday .",0,0.5,2,train_05,1
train_01_96,"‘ ’ They did nothing when the staff were brutally attacked by anti-social elements and police officials , ’ ’ said Jose Jacob , general secretary of the KSRTEA .",0,1,3,train_01,1
train_03_113,"We hope that those having faith in democracy will condemn this violence , ” Gadkari said .",0,1,3,train_03,1
train_07_226,They ended the protest after four hours when LMC Commissioner N P Singh assured that action will be taken against Pandey .,1,1,2,train_07,0
train_07_256,"`` The bombings , which have been ascribed to Afrikaners , is a clear sign of the serious alienation being experienced by Afrikaners with respect to their situation in South Africa . ''",0,0.5,2,train_07,1
train_07_286,These aspirations were behind the series of demonstrations and rallies held last Sunday .,1,1,2,train_07,0
train_07_94,"While the pipe bomb planted near Alampatti was fortunately detected in time , Seetharaman said not all accused in the case have been arrested , with at least two people as yet absconding .",0,0.5,2,train_07,1
train_02_162,""" People shouted out things , which were so provoking we were very worried [ the man ] would jump in many instances , "" Cheung said .",0,1,3,train_02,1
train_05_53,"`` Free Napoleon and six others now , '' read one placard and another read : `` Stop police brutality '' .",0,0.5,2,train_05,1
train_04_88,"While the Dalits firmly state that a mob of their erstwhile Vanniyar friends entered the Dalit area after disconnecting the power supply , and hurled petrol bombs at their temple car and torched eight houses , the Vanniyars claim they were not involved in the attack .",0,1,3,train_04,1
train_05_64,"“ I don ’ t know whether this would work , but what other channels are there to make Carrie Lam listen to us ? ” said a male protester outside the legislative council building , who declined to be named .",0,1,2,train_05,1
train_02_20,"The row over possession of Satlok Ashram , headed by Rampal , took a violent turn on Sunday when police tried to stop Arya Pratinidhi Sabha activists from marching towards the Ashram .",0,0.666666667,3,train_02,1
train_04_114,"Taxi strike in Tshwane off to a slow start ANA Reporter JOHANNESBURG , November 8 ( ANA ) - Commuters in Tshwane on Wednesday began posting updates on social media about the much-dreaded Taxi strike in the early hours .",0,1,2,train_04,1
train_02_147,"On Sunday , a group of people belonging to the Bharwad community allegedly went on the rampage and damaged shops owned by Patels , who too retaliated .",0,0.666666667,3,train_02,1
train_02_158,"An employee who wished to remain unnamed also told Express that around seven management personnel inside the plant , including five foreign nationals , were forcibly prevented from leaving the plant all night by the protesters .",0,1,3,train_02,1
train_05_196,The African nationals had sustained minor injuries in the attack that took place in South Delhi 's Mehrauli area on Friday .,0,0.5,2,train_05,1
train_04_271,"Ambur Violence Targeted at Police , Was Not Communal : MMK Leader 04th July 2015 06:30 AM COIMBATORE : The violence that broke out in Ambur condemning the death of Shameel Ahmed is not based on communal grounds , said Manithaneya Makkal Katchi ( MMK ) MLA M H Jawahirullah here on Friday .",0,1,3,train_04,1
train_02_55,"`` Residents went on a rampage by throwing stones at Nala Municipality offices , '' said Thakeng .",0,0.666666667,3,train_02,1
train_07_322,"Earlier the Congress of South African Trade Unions ( Cosatu ) Western Cape regional secretary , Tony Ehrenreich , said the strike could be resolved for about R1 million a year .",0,1,2,train_07,1
train_08_32,"ANDHRA PRADESH Nannapaneni injured in ‘ attack ’ Mobbed : District TDP president Karanam Balaramakrishna Murthi trying to shield Nannapaneni Rajakumari from Congress workers at Karamchedu , Ongole , on Monday .",0,0.5,2,train_08,1
train_06_285,"Despite the poor weather , supporters sang and danced in the rain to the sounds of gospel and ANC struggle songs .",0,1,2,train_06,1
train_08_128,"However , trade unions refused to accept it and continued their strike .",1,0.5,2,train_08,10:43,48:70,:,:,:,0
train_04_310,Police said a poster was first found on the walls of Gagandhuli Seva Samabaya Samiti ( co-operative society ) which was vandalised by some miscreants who had claimed themselves to be Maoists in the poster .,0,1,3,train_04,1
train_09_A_19,Yadav also alleged that Pradhan beat him when he was raising slogansin front of Khurshid 's vehicle .,0,1,3,train_09,1
train_03_254,"Moreover , he said the Akhilesh Government ought to be complimented for ensuring that the state had not witnessed anymore incidents of communal violence since the Muzaffarnagar carnage .",0,0.666666667,3,train_03,1
train_08_23,"He wished speedy recovery to those who have been injured in the attack , including senior Congress leader V C Shukla .",0,0.5,2,train_08,1
train_09_A_105,The poor people from Bihar and Uttar Pradesh who migrate to Mumbai have been the targets of violent attacks by MNS cadre .,0,0.666666667,3,train_09,1
train_06_232,The hartal supporters assaulted a police party in Chettukuzhy while they were engaged in removing the road block .,0,0.5,2,train_06,1
train_05_150,The protest went on for more than two hours and shops on the highway were shut during that time .,0,0.5,2,train_05,1
train_09_A_5,Pakistan PM offers prayers at Ajmer dargah amid protests 09th March 2013 12:39 PM Pakistan Prime Minister Raja Parvez Ashraf today offered prayers at the historic dargah of Khwaja Moinuddin Chishti during his private visit here that was marked by protests .,0,1,3,train_09,1
train_03_265,"The Suhruth Vedi activists were on a war path demonstrating various forms of peaceful agitations in Kalady , Angamaly , Thiruvananthapuram , etc. However , the agitation will be intensified by forming action committees in Aluva , Perumbavoor , Chalakudy , Manjapra , Thuravoor and Malayattoor , said SNDP Aluva Union Secretary K N Divakaran .",0,1,3,train_03,1
train_05_99,"On Thursday , another explosion struck a residential area in the city of Liuzhou , a day after the first series of blasts at a number of locations including shopping malls , hospitals and government buildings .",0,1,2,train_05,1
train_01_165,"Police announced on the Monday after the attack that three suspects had been taken into custody , which now appears to be a reference to the trio detained on February 27 .",0,0.666666667,3,train_01,1
train_09_B_67,These regular yatris from Lutyens ’ Delhi to Lahore are more concerned about their evening parties where champagne is spilled than about the blood spattered all over the streets of Pakistan and in Mumbai during 26/11 .,0,1,2,train_09,1
train_01_95,The management responded to this by issuing an order the other day seeking immediate removal of the posters .,0,0.666666667,3,train_01,1
train_05_5,He was allegedly part of a mob looting shops while protests were underway in the town .,0,0.5,2,train_05,1
train_05_131,"According to A. Neelakantan , husband of panchayat president Dhanapackiyam , who also led the protest , the shop was shifted from a secluded place to the current premises on Sivan Koil Street , 22 days ago .",0,1,2,train_05,1
train_06_108,"NGO volunteers and prostitutes , holding red umbrellas symbolising protection , shouted : ' Legalisation of sex workers , innocence of sex workers ! ' The authorities quickly stepped in and banned the petition .",1,0.5,2,train_06,0
train_01_92,"Although everyone is keenly aware of how the power of the internet helped foster the massive march in 2003 , for now there are hotter topics in local cyberspace .",0,0.666666667,3,train_01,1
train_03_148,"The caller threatened to kill the former minister , saying that Nehru would be the next target after his brother Ramajayam .",0,1,3,train_03,1
train_03_4,"Protests rocked Bhaderwah , Banihal , Thathri , Kishtwar , Gool , Doda , Sangaldan areas of Jammu region amid raising of anti-India slogans and burning of tyres , police said .",0,0.666666667,3,train_03,1
train_07_72,"Whatever incidents have taken place have already been controlled , peace has been restored , we have registered criminal cases , we will identify the culprits and we will take action , "" the Karnataka DGP said .",0,0.5,2,train_07,1
train_09_A_158,"‘ ‘ People have lost faith in both the NDA and UPA and in these circumstances , regional parties will play a significant role in the post-poll scenario , ’ ’ he said while speaking at a rally at Chhendipada .",0,1,3,train_09,1
train_02_322,"The Sadbhavna fast , its expenses , the 2002 riots and the Lokayukta issues are likely to become major elections issue with both the BJP and the Congress planning to use them to show the other side in poor light .",0,0.666666667,3,train_02,1
train_08_319,The clashes started as a police team went to the park .,0,0.5,2,train_08,1
train_08_242,The mass pro-democracy movement that seized the streets of Hong Kong has been obviously and overwhelmingly youthful .,1,1,2,train_08,0
train_09_B_41,"Played active part in wage deal : Vijay Mallya - Indian Express Agencies , Agencies : Greater Noida , Sat Oct 27 2012 , 13:37 hrs Kingfisher Airlines Chairman Vijay Mallya today said he was never out of reach of his striking employees during the 26 - day impasse over non-payment of salaries since March this year and had played an active part in the wage settlement .",0,0.5,2,train_09,1
train_02_75,He also announced that investigations into two recent violent incidents in Bhatinda and Bagha Purana had reached crucial stages and affirmed that the culprits would be arrested soon .,0,0.666666667,3,train_02,1
train_02_71,"Suspended cops throw may go a long way - Indian Express Muzamil Jaleel , Muzamil Jaleel : Srinagar , Mon Aug 16 2010 , 02:58 hrs The embattled Omar Abdullah took another hit today when a suspended policeman hurled a shoe towards the dais where he was taking the salute after unfurling the tricolour at the Independence Day function here .",0,0.666666667,3,train_02,1
train_04_286,Protest Federation of various autorickshaw employees union on Thursday staged a protest in front of regional transport office raising several demands .,0,0.666666667,3,train_04,1
train_03_301,"`` This was part of their lobbying campaign to be appointed into permanent part-time positions , '' SAPO said at the time .",0,0.666666667,3,train_03,1
train_06_145,A group of people protested outside the Nelspruit Magistrate 's Court where three men accused of fraud relating to the building of the Mbombela stadium were to appear on Thursday .,0,0.5,2,train_06,1
train_02_245,The incident was followed by the killing of special police officer Mohammad Arif Bhat by militants near Abu Baker Masjid in posh Jawahar Nagar locality on March 12 .,0,0.666666667,3,train_02,1
train_06_18,After Dlulisa accepted the memorandum the suspects were led handcuffed into the court to jeers from the protestors .,0,0.5,2,train_06,1
train_09_B_152,"Police suspect that the panchayat members , including the Salwa Judum leader , were abducted and killed by Maoist rebels , who had left the bodies near the village .",0,1,2,train_09,1
train_02_250,"( SUBS/NEDS : IF USED , CREDIT MUST BE RETAINED ) Two Daily Sun reporters were held captive , allegedly by Economic Freedom Fighters members during a protest in Nellmapius , Pretoria , Beeld reported on Thursday .",0,1,3,train_02,1
train_07_103,"Chennai also saw such an incident when Vital , a ward secretary of the party , was found dead in Koyambedu in April 2012 .",0,0.5,2,train_07,1
train_07_62,"During the strike the facility , which houses nearly 2000 inmates , was run with limited staff .",0,0.5,2,train_07,1
train_03_218,He said in an address before the protests began that Hong Kong must not be used as a launchpad to challenge Beijing ’ s authority and any questioning of China ’ s sovereignty in the territory “ crosses a red line ” .,0,1,3,train_03,1
train_04_150,"In the charged atmosphere generated by the dangerous currents of domestic politics and media-induced panic , Prime Minister Manmohan Singh is finding himself under tremendous pressure to respond decisively to initial evidence that ‘ elements in Pakistan ’ were responsible for last week ’ s terrorist outrage in Mumbai .",0,0.666666667,3,train_04,1
train_06_287,It finally ended up in clashes between two communities .,0,1,2,train_06,1
train_09_B_158,"Soon after reports of Mr. Mony 's statement started appearing in the visual media , inferences were made that Mr. Mony was alluding to the killing of Ancheri Baby , Mullanchira Mathai and Muttukad Nanappan , all of them Congress workers , in the early eighties .",0,0.5,2,train_09,1
train_05_164,During service delivery protests three people died .,0,0.5,2,train_05,1
train_05_285,They instantly responded by shouting a firm “ no ” .,0,0.5,2,train_05,1
train_03_146,The police questioned Sanmugavel regarding the threat call to Nehru .,0,0.666666667,3,train_03,1
train_01_156,Soon a clash ensued between supporters of Pradhan and the rival group in which 17 persons were injured .,0,0.666666667,3,train_01,1
train_09_A_136,"After the blast , Maoists opened indiscriminate firing .",0,0.666666667,3,train_09,1
train_03_226,“ Chen has gone in the opposite direction with these military parades which are quite remarkable really … We saw similar-type events after the 2009 riots but here we are talking about in response to what was really a small knife attack in Hotan .,0,0.666666667,3,train_03,1
train_09_B_126,"Meanwhile , another group of DMK men , who were accompanying a Member of Parliament , allegedly indulged in “ skirmishes ” at Sholandur in which one Narayanan of Pandamangalam was injured .",0,1,2,train_09,1
train_06_242,"He said that the police have learnt that some notorious elements were present in the crowed , which turned violent .",0,0.5,2,train_06,1
train_09_B_49,"Maretha , where till recently riot victims were not allowed to return home , victims of Best Bakery carnage , residents of Noor Park , and some other hotbeds of violence went unrepresented .",1,0.5,2,train_09,0
train_02_255,"Afew social organisations chipped in by holding agitations , though not with ' India Against Corruption ' ( IAC ) in front of the PMC headquarters , but in their own areas on Thursday .",0,1,2,train_02,1
train_09_A_134,"Chhattisgarh Chief Minister Raman Singh strongly condemned the attack , describing it as most unfortunate and cowardly act of Maoists .",0,1,3,train_09,1
train_03_43,"It claimed that during the attack a five-vehicle convoy of 6th Dogra Regiment was "" assaulted "" at Tengnoupal-New Somtal Road in Chandel district of Manipur .",1,0.666666667,3,train_03,0
train_07_219,"As the general strike entered the 11 { + t } { + h } day on Friday , autorickshaw driver unions also announced a two-day-long bandh till Sunday midnight .",0,0.5,2,train_07,1
train_09_B_5,"A group , comprising leaders of the Communist Party of India ( Marxist ) and the Democratic Youth Federation of India , had roughed up a journalist who had put out a report to that effect .",1,0.5,2,train_09,0
train_04_202,"Beijing backs policy on minorities PUBLISHED : Thursday , 16 July , 2009 , 12:00am A senior government official said Beijing had no plan to alter its generally preferential policies toward ethnic minorities in the first official response to smouldering public discontent against the measures following the Xinjiang riot .",0,0.666666667,3,train_04,1
train_08_305,"Earlier Jagn ’ s mother and honorary president of YSRC Vijayamma was on a hunger strike for six days , before it was broken by the police .",0,1,2,train_08,1
train_09_A_140,""" When the security forces surrounded the house , they came under heavy gunfire from inside .",0,0.666666667,3,train_09,1
train_09_B_139,"It had said that Shahzad , along with Junaid , had jumped off the balcony and fled after firing at the police team during the September 19 , 2008 encounter .",0,1,2,train_09,1
train_07_91,“ I am shocked to hear about the brutal killing of Shri V Ramesh our General Secretary of Tamil Nadu unit .,1,1,2,train_07,0
train_02_246,"Days after blasts , Patna to host another rally 30th October 2013 11:55 AM The Communist Party of India ( Marxist-Leninist ) is holding its rally here amid tight security Wednesday , barely three days after a string of explosions here left six dead and over 80 injured .",0,0.666666667,3,train_02,1
train_09_A_89,"The protest saw the participation of almost 1,700 differently-abled people and their supporters walking the length of Langs Garden Road , after which representatives from TARATDAC met the State Minister for Social Welfare , B Valarmathi , and put forth their demands .",0,0.666666667,3,train_09,1
train_05_188,Africans attacked : Kanhaiya to lead ‘ March for Justice ’ at Jantar Mantar 31st May 2016 10:32 AM NEW DELHI : Jawaharlal Nehru University Students Union ( JNUSU ) president Kanhaiya Kumar urged the nation to come out in large numbers and join the African students for the ‘ March for Justice ’ at the Jantar Mantar in the national capital on Tuesday .,1,1,2,train_05,0
train_06_138,"Parking contract has been given to some goons who were collecting high rates from students and patients , ” he claimed and warned of intensifying the agitation .",0,0.5,2,train_06,1
train_01_123,The Kishtwar area has been in focus ever since the Delhi High Court blast as the first of the e—mails claiming responsibility for the blast emanated from here .,0,0.666666667,3,train_01,1
train_05_20,"Popcru members carried placards which read : `` Away with level three salaries for 20 years , '' and `` Away with slavery packages '' .",0,1,2,train_05,1
