train_03_154,The interdict followed an incident in the morning when two security guards were chased off the Durban building site by striking workers .,1,1,3,train_03,0
train_04_209,"It took a communal turn that had resulted in stone-pelting , arson and loot .",0,0.666666667,3,train_04,1
train_04_104,The protesters were taken into police custody when they started picketing vehicles passing through the State Bank circle .,1,1,3,train_04,0
train_01_3,"Tip asked Mathunjwa why he had not `` explicitly '' told armed , striking mineworkers to leave the hill where they had gathered and return to work .",0,1,3,train_01,1
train_04_118,"And the saffron party ’ s warning , asking Didi ‘ to set her house in order ’ , came at a massive rally staged as part of the ‘ awareness programme ’ , which will continue till July 6 , the death anniversary of Jan Sangh founder Shyama Prasad Mookherjee .",0,1,3,train_04,1
train_08_253,They were protesting the proposed merger of State Bank of Indore into the State Bank of India .,1,0.5,2,train_08,0
train_07_214,"Wary of Sena , migrants get into a huddle MUMBAI , NOVEMBER 26 As many as 80 migrants from Bihar and Uttar Pradesh  shopkeepers to businessmen and politicians  huddled in a hastily-called meeting at Andheri on Tuesday .",0,0.5,2,train_07,1
train_02_153,"Nokia Supplier 's Turn to Offer VRS ; 850 Staffers Strike Work 22nd June 2014 07:37 AM CHENNAI : The ripple effect of the drastic downsizing of Nokia ’ s Sriperumbudur plant was felt in another ancillary company , as BYD Electronics India Private Ltd announced a VRS offer for its 1,500 employees .",0,0.666666667,3,train_02,1
train_07_255,"The recent rash of bombings in Gauteng reflected rising discontent among Afrikaners , the Afrikaner Group of 63 said on Thursday .",1,1,2,train_07,0
train_09_A_152,The posters have warned them against joining the police and army and threatened to take up such cases in the praja court .,0,1,3,train_09,1
train_02_83,"Coinciding with the unrest in the board is the indefinite hunger strike launched by three employees Mahesh Ahire , Shriram Gavai and Balkrishna Gadekar whose regular promotions were denied and the former two were transferred to Nashik on the same post .",0,0.666666667,3,train_02,1
train_05_7,"On Monday , residents blocked the N12 and set alight a municipal office , community hall , houses belonging to the mayor , two councillors and two officials , and several businesses .",0,1,2,train_05,1
train_03_30,He was also booked by the Central Bureau of Investigation ( CBI ) as one of the 17 accused in the 2007 ‘ Dinakaran ’ newspaper office attack case .,1,0.666666667,3,train_03,0
train_01_189,"After family members narrated the incident to their neighbours , people came on the road and held demonstrations .",1,1,3,train_01,0
train_06_281,"Curfew relaxed in violence-hit areas of Hyderabad - Indian Express Agencies , Agencies : Hyderabad , Sat Apr 03 2010 , 11:05 hrs Curfew was relaxed for two hours this morning in some violence-hit areas of the city which witnessed communal clashes last week .",0,0.5,2,train_06,1
train_07_116,"The end to the platinum strike has brought a stop to the hardships that South Africa has suffered in the last few months , Lonmin CEO Ben Magara said on Tuesday .",1,1,2,train_07,0
train_05_301,Addressing a press conference TRS leader B. Goverdhan Reddy and others said the march was a success despite the hurdles created by the government .,1,0.5,2,train_05,0
train_08_311,"A spokesman for the Pakistan-based guerrilla group called journalists in Srinagar on Monday and said its "" suicide squad "" had inflicted heavy casualties on Indian forces at the Ashajipora camp .",1,0.5,2,train_08,0
train_05_307,Orders Nizamabad Staff Reporter adds : Despite prohibitory orders imposed on the movement of Telangana protagonists many of them from the district managed to make it to the twin cities take part in the ‘ Million March ' held on Thursday .,1,0.5,2,train_05,0
train_08_12,"Though the police had assured people of full protection during the bandh , most business establishments remained closed .",1,0.5,2,train_08,0
train_08_114,Mulaudzi could not confirm reports that the miners were demonstrating after Xstrata fired them .,1,1,2,train_08,0
train_05_322,"July 27 , 2009 : Six CRPF men killed in a landmine blast at Dantewada district in Chhattisgarh .",1,1,2,train_05,0
train_03_143,The university has planned an increased despite the # FeesMustFall protests that caused unrest and turned violent towards the end of the year .,1,0.666666667,3,train_03,0
train_02_52,"They took to the street and within minutes a farm house was on fire , two more house were set alight and road blocked .",1,0.666666667,3,train_02,0
train_01_68,"April 09 , 2006 00:00 IST Senior officers reportedly trying to sort out issue VISAKHAPATNAM : The Police Stadium , which also houses the headquarters of the City Armed Reserve located , witnessed a rare incident of a constable and a Sub-Inspector staging a silent protest .",0,0.666666667,3,train_01,1
train_02_229,The report said that a crowd of men shouted obscenities at the women and asked them to undress .,0,1,3,train_02,1
train_03_86,"He said he told Ndebele that since this was a repeat of what happened when the prime minister of India was in the country , party officials should have followed those who were leaving the stadium and observed them .",0,1,3,train_03,1
train_03_136,He said the peaceful strike demanding a memorial for Chattambi Swami will continue till the government takes a decision on the issue .,0,0.666666667,3,train_03,1
train_01_218,"Protesters distributed protective gear such as face masks , in the event of clashes with police , who have used teargas on demonstrators .",0,0.666666667,3,train_01,1
train_06_270,"April 26 : Three policemen and two CPI-Maoist cadres were killed in an encounter in Dumka , Jharkhand .",1,0.5,2,train_06,0
train_02_144,"At an April 30 election rally in Khalilabad in Sant Kabir Nagar district of Uttar Pradesh , Azmi said : "" If any Muslim opposes the Samajwadi Party , have a DNA test done , he could be an RSS man .",0,0.666666667,3,train_02,1
train_09_B_20,“ Had the administration wanted it could have averted the incident .,1,1,2,train_09,6:31,32:66,2:5,:,:,0
train_07_130,"He said some 200 protesters became violent , and traffic had to be diverted .",1,1,1,train_07,8:42,49:75,:,:,:,0
train_05_171,"He said incidents of protest affected voting stations in areas including Mahikeng and Marikana in North West ; Malamulelele , Musina , Mogalakwena , and Northhampton , in Limpopo ; Bushbuckridge in Mpumalanaga ; Khayelitsha in the Western Cape ; Denver , George Koch , and Orange Farm in Gauteng ; Ethekwini and Jozini in KwaZulu-Natal ; Nelson Mandela Bay , Butterworth , and OR Tambo in the Eastern Cape ; Pampierstad in the Northern Cape ; and Maluti-a-Phofung in the Free State .",1,1,2,train_05,8:28,29:62,29:37,:,:,0
train_03_16,The decision was taken following a demonstration staged by a group of persons who are natives of Salem and have registered with the District Employment Office ( DEO ) for the same post .,1,1,3,train_03,0
train_05_138,NLC strike to go on despite MK appeal 26th October 2010 06:13 PM CHENNAI : The 36 - day strike by contract workers of Neyveli Lignite Corp ( NLC ) is set to continue despite the request to resume work by Tamil Nadu Chief Minister M. Karunanidhi Tuesday .,0,0.5,2,train_05,1
train_03_49,"Urging the Commission to reveal names of people involved in the attacks , he said the protestors against the church attack were assaulted by police , youth were hunted and criminal cases were booked on them .",0,0.666666667,3,train_03,1
train_01_63,"Joshua Wong , the teenage activist who was one of the most recognisable faces of Hong Kong ’ s umbrella movement protests , has been found guilty of “ illegal assembly ” by a court in the former British colony .",0,0.666666667,3,train_01,1
train_06_33,"Personnel from the local police station , which is less than half-a-kilometre from the spot , reached 20 minutes after the clashes broke out .",1,0.5,2,train_06,0
train_05_281,"Broken glass , rocks , a broken traffic light and other debris were scattered on Albertina Sisulu Road during the protests .",1,1,2,train_05,0
train_05_81,The burnt-down police station was repaired and given a fresh coat of paint overnight .,1,1,2,train_05,0
train_01_162,"They did not confess to the planned attack after their capture , and so should bear full responsibility for the loss of life , the court said .",1,0.666666667,3,train_01,0
train_08_68,""" On December 29 , we halted at Basaguda village in Chhattisgarh but some people in civil clothes approached us and tied our hands upon which we realised we have been kidnapped .",1,1,2,train_08,0
train_03_79,"After showering flower petals in the sea to mark the World Oceans Day , the villagers and their children started the relay fast at Kooththenkuzhi .",0,0.666666667,3,train_03,1
train_08_58,Speeches of Congress leaders who addressed a large gathering of party men made it abundantly clear that all major issues prominent in the political discourse of the State would be highlighted by the march visiting all constituencies in the State .,1,1,2,train_08,0
train_02_1,"“ Instead of blocking traffic here , they should go to Bhubaneswar with their demand .",0,1,3,train_02,1
train_08_67,""" We had gone to study the life of people in remote and Naxal-affected tribal areas as part of our mission and did not expect to be kidnapped by the Naxals , though we fully knew about their presence , "" they said .",1,1,2,train_08,0
train_07_185,"Moreover , there was no loss of life or injuries to any person resulting out of use of fire arms or explosives by the warring groups , police officials said .",1,0.5,2,train_07,0
train_08_223,"TAMIL NADU Post blasts , the web of security tightens May 29 , 2014 00:00 IST Railway stations , places of worship , cinema halls , malls – the enhanced protective measures are everywhere The May Day twin blasts on platform nine of Chennai Central sent a strong message to various enforcement agencies in the city .",1,1,2,train_08,0
train_09_B_50,Outside the court hall were nearly 100 advocates shouting slogans and hurling abuses against the judiciary and a few judicial officers .,0,0.5,2,train_09,1
train_07_248,"`` The protest is out of concern by Sadtu that our education in this country needs a lot of fixing , '' said Dlamini .",0,0.5,2,train_07,1
train_02_116,Police apparently fired teargas and rubber bullets after students barricaded the main entrance .,1,1,3,train_02,0
train_03_263,"Agitation to be intensified 02nd April 2011 12:35 AM ALUVA : The ongoing agitation against the closure of study centres in the name of reformist leaders in Sree Sankaracharya Sanskrit University in Kalady will be intensified , said the office-bearers of the Confederation of Sanathana Dharma Suhruth Vedi here on Friday .",0,0.666666667,3,train_03,1
train_07_37,""" Some protesters attacked me when I was clicking pictures , but their colleagues dissuaded them .",1,0.5,2,train_07,0
train_04_7,"Students clash with police in Osmania university - Indian Express Agencies , Agencies : Hyderabad , Mon Feb 15 2010 , 14:34 hrs Over 10 security personnel and few media persons were injured on Monday in a fresh clash between students and security men in Osmania University in Hyderabad , the nerve-centre of separate Telangana agitation .",0,0.666666667,3,train_04,1
train_04_266,"Subsequently , more constituents , in a show of solidarity , joined and thus the protest was postponed to February 28 , said P .",1,1,3,train_04,0
train_03_231,The developments at the prestigious engineering institute also triggered politicking even as the state government assured that safety will be ensured for the students hailing from other states at the campus where CRPF has been deployed to instill a sense of security .,0,0.666666667,3,train_03,1
train_06_136,They shouted slogans against superintendent Dr Asok Kumar and RMO-I Dr BV Rao .,0,1,2,train_06,1
train_07_70,Hundreds of lawyers took on media persons at the court barring them from entering the premises and also threw stones and bottles on them .,0,0.5,2,train_07,1
train_08_295,"He claimed that YSR Congress activists "" manhandled "" TDP activists at A. Konduru and Khambhampadu villages in which about 10 workers were injured .",1,1,2,train_08,0
train_01_41,"Addressing a massive public rally at Vandalur , around 40 km from here , Modi said : "" The central government should be strong , only then the neighbouring countries will be friendly with us . "" Accusing the United Progressive Alliance ( UPA ) government of adopting a confrontationist attitude towards the states , he said it has been demolishing the constitutional institutions whereas the need of the hour is a cooperative attitude .",1,1,3,train_01,0
train_09_B_138,The police had said that it has sufficient circumstantial evidence and phone records to prove that Shahzad was present in the Jamia Nagar flat and was among those who had fired at the police team leading to the death of inspector Sharma .,1,1,2,train_09,0
train_09_B_114,Sub-Inspector Murlidhar Bastia of Raghunathpur area was killed in Maoist attack while working in Keonjhar district .,1,1,2,train_09,0
train_06_79,"“ We will not rest till the corrupt BJD Government is thrown out of power , ” Odisha Pradesh Congress Committee president Niranjan Patnaik thundered at the rally which saw a turnout of more than a lakh .",1,1,2,train_06,0
train_03_209,"“ We are here to fight for democracy and universal suffrage. ” Organisers said more than 60,000 people joined the 3km march , which has been held nearly every year since Hong Kong returned to China in 1997 .",1,0.666666667,3,train_03,0
train_03_62,"Govt urged to take over Nellimarla jute mill 24th July 2009 03:08 AM HYDERABAD : Representatives of the Nellimarla Jute Mill Karmika Sangham , affiliated to IFTU , today urged Chief Minister YS Rajasekhara Reddy to intervene in resolving their problems and to put an end to the 10 - month-old strike involving about 5,000 jute mill workers at Nellimarla in Vizianagaram district .",0,0.666666667,3,train_03,1
train_07_98,"Anguished by the murder of Ramesh , hundreds of BJP workers staged a protest at near the Valluvar Kottam in Chennai on Saturday .",1,1,2,train_07,0
train_07_154,"’ 93 blasts : SC to deliver verdict today 21st March 2013 07:54 AM Twenty years and a week after the serial blasts rocked Mumbai on March 12 , 1993 , the Supreme Court will be delivering its judgment in the case on Thursday .",0,0.5,2,train_07,1
train_09_B_52,"Soon , the huge posse of advocates started raising defamatory slogans against a few judges .",0,1,2,train_09,1
train_09_B_143,"PPSS has sought cooperation of the villagers , political parties and anti-land displacement leaders in their agitation against Posco .",0,0.5,2,train_09,1
train_09_A_48,"KARNATAKA Traders against plan to amend APMC Act January 06 , 2007 00:00 IST REST : A farmer takes a nap on a cotton bale at the APMC yard , in Hubli on Friday as the APMC traders across the State observe bandh .",0,0.666666667,3,train_09,1
train_05_177,"The incident took place around noon in Gaya district 's Uchla village near Sherghati , about 100 km from here , when Maoists blew up a patrolling vehicle of the Roshanganj police station .",1,1,2,train_05,0
train_06_12,It is being alleged that racism could have been one of the triggers for the quarrel .,1,1,2,train_06,0
train_01_62,"“ The youth was killed at a protest against the Army ’ s action halting the vehicles , ” alleged Mohammad Yasin Khan , head of a traders ’ body .",0,0.666666667,3,train_01,1
train_09_A_45,"At first , an apparently composed Zuma had insisted that he was not upset by the incident at the Congress of South African Trade Unions event in Bloemfontein on Monday , saying : `` You people do n't really understand what democracy is .",0,1,3,train_09,1
train_01_141,Biswal underlined that the US on its part had offered rewards for information leading to the arrest and prosecution of individuals associated with the Mumbai attack .,0,0.666666667,3,train_01,1
train_08_169,"The scenes are getting more and more ugly and disturbing , with shops being forced to close and people who are not parallel traders being molested and bullied .",1,1,2,train_08,0
train_03_280,"Campaign against Negligence of Girl Child , a non-governmental organisation , and the District Legal Services Authority jointly organised the human chain as part of the worldwide campaign on violence against women from November 25 to December 12 .",1,0.666666667,3,train_03,0
train_06_186,"The leader 's henchmen offered him a "" settlement "" but when he approached the state Lok Ayukta with a complaint of corruption , they attacked him and his wife .",0,0.5,2,train_06,1
train_02_195,Police said irate protesters set ablaze an earth-mover machine of the Jammu Development Authority ( JDA ) at Sarore on the Jammu-Pathankot national highway when JDA authorities went there to evict illegal occupants of JDA land .,0,0.666666667,3,train_02,1
train_04_26,"While Mamata Banerjee participated in her padayatra , her arch political rival and West Bengal Chief Minister Buddhadeb Bhattacharjee confined himself with an interactive session with the students on a college campus in Garia , Southern part of the city to get their support .",0,0.666666667,3,train_04,1
train_06_73,"The MLAs , along with a large number of party supporters , raised slogans against the government and condemned the attack on the woman MLA .",0,0.5,2,train_06,1
train_09_A_101,"KRISHNAGIRI : Awareness rally taken out March 18 , 2015 00:00 IST Stress on water harvesting , conservation and sanitation Drinking water security , conservation of potable water resources and water harvesting were the themes to ponder upon on the occasion of the National Rural Drinking Water and Sanitation Awareness Week , being observed under the aegis of the Tamil Nadu Water Supply and Drainage Board here .",0,1,3,train_09,1
train_08_321,He claimed that heavily armed men from the other side fired at the police and the latter had to resort to a baton charge and tear gas shelling and finally opened fire .,1,1,2,train_08,0
train_02_4,” AMU Registrar Prof. V. K. Abdul Jaleel 's notice says the university was being closed sine die “ on the basis of report received from the district administration and in the view of the unfortunate incident that occurred ” on Friday evening .,1,1,3,train_02,0
train_02_267,"Kishore Chandra Deo splits Cong , says Salwa Judum was a ' sinful strategy ' - Indian Express Press Trust Of India , Press Trust Of India : New Delhi , Thu May 30 2013 , 22:07 hrs Activists of Youth Indian National Trade Union Congress ( INTUC ) protest against recent Naxal attack on Congress leaders , in Raipur on Thursday .",1,0.5,2,train_02,0
train_09_B_135,Highly-decorated Delhi Police Inspector Mohan Chand Sharma succumbed to the bullet injuries sustained during the gun battle while head constable Balwant was injured .,1,1,2,train_09,0
train_01_201,But Congress MP and Union minister from Murshidabad Adhir Chowdhury blamed the Trinamool for the violence .,0,1,3,train_01,1
train_02_198,Reports from the area said agitated protestors had blocked the highway and security personnel were trying to pacify them .,0,0.666666667,3,train_02,1
train_02_272,About 15 cars were burnt and seven damaged by the angry protesters .,0,0.666666667,3,train_02,1
train_06_311,"Earlier in the day , the agitating sanitation workers took out a protest rally from Tummalapalli Kalakshetram to the Collector ’ s Camp Office , where they staged a dharna shouting anti-establishment slogans for a couple of hours .",1,0.5,2,train_06,0
train_05_39,"Despite the march being peaceful , most of the businesses in the inner city were closed .",1,0.5,2,train_05,0
train_05_110,"The blast occurred on the railway track last night about eight km south of Mazbat damaging a reinforced concrete cement ( RCC ) line sleeper , IGP L R Bishnoi said .",0,1,2,train_05,1
train_07_324,The Cape Town Regional Chamber of Commerce and Industry said the potential effect of the strike was `` so serious '' that there was a case to declare public transport an essential service that could not be disrupted by strike action .,1,1,2,train_07,0
train_03_315,"KCR , who was arrested Sunday and sent to judicial custody for 14 days ahead of his ' fast unto death ' , launched the hunger strike in Khammam sub-jail .",1,0.666666667,3,train_03,0
train_05_194,"A week after the killing of a Congolese man in the national capital that stirred a diplomatic row and instigated violence against Indians in Congo , four attacks on African nationals by the residents in Chattarpur were reported on Friday .",1,1,2,train_05,0
train_03_139,Protestors and activists of Janmasthana Samrakshana Samithy alleged that the idol was destroyed as directed by Sandhya .,0,1,3,train_03,1
