train_04_236,"Following the incident , police officials including Sunil Jacob , Assistant Commissioner of Police , Ernakulam ; and D.S. Suneesh Babu , Circle Inspector , Town Central , reached the spot .",1,0.666666667,3,train_04,0
train_06_322,There were also efforts to attack a local cable channel cameraman .,1,1,2,train_06,0
train_06_314,SC lifts stay on Gujarat riot cases 26th October 2010 09:24 PM NEW DELHI : The Supreme Court today gave the green signal for the trial courts in Gujarat to give their verdict in the 2002 Godhra train carnage and seven cases of communal riots that followed but kept on hold the judgement in the case in which Chief Minister Narendra Modi was questioned .,1,1,2,train_06,0
train_07_241,"Though the management led by Registrar K. Pochanna promised to resolve their problems on Wednesday , the students refused to end the protest saying that the management promised to do the same last year , but failed to keep its promise .",1,1,2,train_07,0
train_05_206,"Fight against FDI to go on : Oppn - Indian Express Agencies , Agencies : New Delhi , Wed Dec 12 2012 , 19:55 hrs Taking its protest against FDI to the streets , opposition parties today said their fight will go on till they ensure that it is scrapped altogether .",1,1,2,train_05,0
train_09_A_14,"The video footage of the incident is being scanned and a case will be registered after verifying the allegations , he added .",0,0.666666667,3,train_09,1
train_04_222,Party leaders here have requested educational institutions and other private establishments in twin cities to cooperate with them and make bandh successful .,0,1,3,train_04,1
train_09_B_141,This hints at possible differences in the organisation that backed the villagers protesting the proposed project about six years ago .,0,1,2,train_09,1
train_05_16,"While Singhdeo sat on a dharna in the Well in protest , Congress and other BJP members rushed into the Well shouting slogans .",0,0.5,2,train_05,1
train_09_A_95,"Residents chanted songs drowning out the mayor , who had to be removed from the stadium under police escort .",0,1,2,train_09,1
train_02_151,"Trouble was also reported from Mirzapur in the city , when a mob gathered near a mosque threw two crude bombs at the police .",0,0.666666667,3,train_02,1
train_07_276,"Qiangba Puncog said on the sidelines of the National People 's Congress that the situation in Tibet was stable , despite reports that several protests had broken out in some Tibetan-populated areas in the run-up to March 10 , the 50th anniversary of an uprising that saw the Dalai Lama flee to India .",1,0.5,2,train_07,0
train_03_119,This caused injury to accused no : 37 in the case .,0,0.666666667,3,train_03,1
train_02_95,"Gandhiji leads fast , boycotts I-Day 16th August 2009 11:21 PM HEAVEN : Mahatma Gandhi led a host of freedom fighters , who after much deliberation , decided not to celebrate Independence Day , instead marking it with prayers and a hunger sit-in and passing a special resolution to write to Parliament on changes they want in the way India is run .",0,1,3,train_02,1
train_08_166,"In the early hours of 6 May , Beijing police detained Pu Zhiqiang , a prominent human rights lawyer who helped organise the 1989 demonstration ; three days prior , he had participated in a private panel discussion commemorating the massacre .",1,0.5,2,train_08,0
train_05_153,"Some of the youths decided they were not satisfied with this , and on Wednesday morning barricaded the doors of their cells , he said .",1,1,2,train_05,0
train_08_199,"In a detailed submission , LDF delegation comprising CPI parliamentary party leader C Divakaran , Mathew T Thomas of Janata Dal and A K Saseendran of NCP made a strong case citing the recent struggle for better wages by women plantation workers in Munnar .",0,1,2,train_08,1
train_04_85,“ There was no formal notice of strike and this has created a lot of hassle for the public .,0,0.666666667,3,train_04,1
train_08_86,"Hong Kong ’ s hospital authority said 17 people had been hospitalised following the clashes , including two who were in serious condition .",1,1,2,train_08,0
train_03_89,They have been identified on the basis of the photographs and video footage of the incident .,0,1,3,train_03,1
train_04_93,"UPDATE 3 : Zuma receives warm welcome at Youth Day commemorations Gertrude Makhafola JOHANNESBURG , June 16 ( ANA ) - President Jacob Zuma arrived to loud cheers and chants at Orlando Stadium , Soweto on Thursday where commemorations to mark 40 years of the June 16 students uprising were underway .",1,0.666666667,3,train_04,0
train_03_163,The people protesting alleged that the factory owner Abdul Majeed was also unwilling to hand over the bodies to their family and forced to cremate them at the Pachalam cremation centre .,1,0.666666667,3,train_03,0
train_05_48,"' KSRTC suffering from operational loss ' 12th April 2012 07:01 AM Police removing VSDP workers who tried to disrupt the flag off function of Rajadhani ring road service in the city on Wednesday | B P Deepu THIRUVANANTHAPURAM : The Kerala State Road Transport Corporation ( KSRTC ) is suffering operational loss , but the Government is not viewing it as a loss , said Chief Minister Oommen Chandy .",1,1,2,train_05,0
train_03_293,"The party workers burnt posters of AAP leaders Manish Sisodia , Yogendra Yadav and Kejriwal after the party had earlier in the day announced a second list of 30 candidates for the general elections .",1,0.666666667,3,train_03,0
train_09_A_3,"The Gujjar priest , Mewa Ram , accompanied by youngsters from his community allegedly thrashed the 80 - year-old Dalit priest Hazari Balai during the Navratra festivities on October 1 and declared a ban on the entry of Dalits into the temple .",0,1,3,train_09,1
train_07_311,"Many waved Chinese flags and hurled insults at anti-government demonstrators camped nearby , highlighting the deep ideological fissures now dividing the finance hub .",0,0.5,2,train_07,1
train_09_B_86,"In 2001 , he allegedly hatched a conspiracy to murder his political opponent Javed Iqbal in Allahabad .",1,1,2,train_09,0
train_05_62,"After the protesters were dispersed , images of the vandalised building were broadcast .",0,1,2,train_05,1
train_04_46,Blatant efforts to wage a proxy war 15th April 2010 12:33 AM The Dantewada massacre took the lives of 76 CRPF jawans and caused a huge setback to the Union home ministry ’ s self-proclaimed ‘ war on tribal terror ’ .,0,0.666666667,3,train_04,1
train_08_109,"Meanwhile , Suneelam again claimed that the farmers ' agitation was completely peaceful and had provided no provocation to the police to open fire on them .",1,1,2,train_08,0
train_01_128,"By visiting the families of the Patna blast victims , NaMo is drilling home the point that NiKu is least bothered about the personal tragedies of his people .",0,0.666666667,3,train_01,1
train_03_129,"City Police Commissioner Ravada Chandrasekhar has also directed Shangumugham Assistant Commissioner Suresh Kumar to probe into the role of the police in the incident , including the allegation that LDF candidate P. Ramachandran Nair was pushed by the Pettah Circle Inspector .",0,0.666666667,3,train_03,1
train_05_314,SC curbs on NIA questioning Sadhvi Pragya 09th July 2012 09:26 PM The Supreme Court Monday restrained the National Investigation Agency from interrogating Sadhvi Pragya Singh Thakur in connection with the 2007 murder of Rashtriya Swayamsewak Sangh activist Sunil Joshi in Madhya Pradesh .,0,0.5,2,train_05,1
train_09_B_19,"Pramod Mishra , president of Koshal Kranti Dal , blamed the administration for the incident .",1,1,2,train_09,0
train_04_218,Police were in the area as Economic Freedom Fighters supporters and African National Congress supporters clashed .,0,1,3,train_04,1
train_03_183,"Taking strong exception to the inordinate delay in release of the promised compensation for crop loss in the August 2005 floods , nearly 50 farmers , led by the Telugu Desam Party MPTC member Gurumurthy and local CPI - ( M ) leaders Krishna Babu and Kondala Babu , squatted before the MRO .",1,1,3,train_03,0
train_03_289,"The memorandum given to Chief Minister Harish Rawat , on Saturday , read : “ The stone crushers working in the area will [ be the cause of dust and health problems which will ] result in migration of the population … here most of the people are completely dependent on the earnings from the agricultural produce [ and the dust from the stone crushers would destroy agriculture ] . ” Environmentalist Anil Prakash Joshi , founder of the Himalayan Environmental Studies and Conservation Organisation ( HESCO ) , was present during the protest .",1,1,3,train_03,0
train_07_69,PTI BANGALORE : All courts will be shut on Saturday after Friday 's violence the city 's civil court premises .,1,1,2,train_07,0
train_08_90,"The protests , which began over a controversial extradition bill , have evolved to take in other demands , including a police inquiry into the violence in Yuen Long last week .",1,1,2,train_08,0
train_02_164,"Pay ex-gratia to Sohrabuddin 's kin : SC 11th August 2009 06:22 PM NEW DELHI : The Supreme Court Tuesday asked the Gujarat government to pay Rs .1 million in ex-gratia to the mother and three brothers of Sohrabuddin Sheikh , who was wrongly branded a terrorist and killed by police in a staged shootout in 2005 .",1,0.666666667,3,train_02,0
train_05_175,"As per reports from Orissa , Dr. Alathara said , several people had been injured and houses and institutions run by Christian missionaries burnt in the incidents on Tuesday .",0,0.5,2,train_05,1
train_01_96,"‘ ’ They did nothing when the staff were brutally attacked by anti-social elements and police officials , ’ ’ said Jose Jacob , general secretary of the KSRTEA .",0,1,3,train_01,1
train_07_286,These aspirations were behind the series of demonstrations and rallies held last Sunday .,1,1,2,train_07,0
train_02_20,"The row over possession of Satlok Ashram , headed by Rampal , took a violent turn on Sunday when police tried to stop Arya Pratinidhi Sabha activists from marching towards the Ashram .",0,0.666666667,3,train_02,1
train_04_114,"Taxi strike in Tshwane off to a slow start ANA Reporter JOHANNESBURG , November 8 ( ANA ) - Commuters in Tshwane on Wednesday began posting updates on social media about the much-dreaded Taxi strike in the early hours .",0,1,2,train_04,1
train_06_181,Almost all the organisations associated with doctors and PG students have expressed their solidarity with the ongoing hunger strike .,0,0.5,2,train_06,1
train_02_147,"On Sunday , a group of people belonging to the Bharwad community allegedly went on the rampage and damaged shops owned by Patels , who too retaliated .",0,0.666666667,3,train_02,1
train_09_B_35,"We have been together in each other 's hour of grief and joy , but to allege that I was a part of the crowd that incited them to raise anti-Sikh slogans is a preposterous and blatant lie .",1,1,2,train_09,0
train_05_196,The African nationals had sustained minor injuries in the attack that took place in South Delhi 's Mehrauli area on Friday .,0,0.5,2,train_05,1
train_02_55,"`` Residents went on a rampage by throwing stones at Nala Municipality offices , '' said Thakeng .",0,0.666666667,3,train_02,1
train_08_248,"Han Dongfang , who was jailed as a leader of the Tiananmen protests and now runs the workers ’ advocacy group China Labour Bulletin from Hong Kong , believes Beijing can compromise when it sees it is necessary .",1,1,2,train_08,0
train_08_32,"ANDHRA PRADESH Nannapaneni injured in ‘ attack ’ Mobbed : District TDP president Karanam Balaramakrishna Murthi trying to shield Nannapaneni Rajakumari from Congress workers at Karamchedu , Ongole , on Monday .",0,0.5,2,train_08,1
train_04_43,"In a letter to Chief Justice of the Supreme Court , Justice HL Dattu , the former Member of Parliament said when CBI arrested Banki MLA Pravat Tripathy on October 31 and took him on remand on November 1 , party supporters gathered in front of the CBI office here and blocked the pathway of his car .",1,1,3,train_04,0
train_07_85,"But as we work for the people , we obliged their request and released the men , ” said a Maoist leader who handed over the abducted to the tribal leaders .",1,1,2,train_07,7:29,32:77,4:6,:,:,32:56,61:77,:,:,:,0
train_03_29,Seven people - four militants and three security personnel - were killed in the first two days of the battle .,1,0.666666667,3,train_03,76:108,0:72,:,:,:,0
train_08_128,"However , trade unions refused to accept it and continued their strike .",1,0.5,2,train_08,10:43,48:70,:,:,:,0
train_02_214,"Curiously , no policeman has died in any of these exchanges of fire   .",1,0.666666667,3,train_02,0
train_05_251,RFEA chief executive Nico Badenhorst said the strike was costing the country R100 million a day .,1,1,2,train_05,0
train_03_254,"Moreover , he said the Akhilesh Government ought to be complimented for ensuring that the state had not witnessed anymore incidents of communal violence since the Muzaffarnagar carnage .",0,0.666666667,3,train_03,1
train_09_A_105,The poor people from Bihar and Uttar Pradesh who migrate to Mumbai have been the targets of violent attacks by MNS cadre .,0,0.666666667,3,train_09,1
train_06_232,The hartal supporters assaulted a police party in Chettukuzhy while they were engaged in removing the road block .,0,0.5,2,train_06,1
train_06_125,"Naxal violence a challenge ; meet soon - Indian Express Express News Service , Express News Service : Sat Jul 14 2012 , 04:14 hrs On the continuing Naxal violence in the state , Patil admitted that despite heavy deployment of forces including the CRPF in Gadchiroli and other Naxal-hit areas , incidents of residents and policemen being killed have continued .",1,0.5,2,train_06,0
train_03_140,"Tirupur : AIADMK , DMK activists clash October 21 , 2011 00:00 IST The Vellakoil police on Wednesday night registered cases against three activists each of the DMK and the AIADMK on the charges of assaulting each other near a polling booth in Veerasolapuram panchayat .",1,0.666666667,3,train_03,0
train_03_265,"The Suhruth Vedi activists were on a war path demonstrating various forms of peaceful agitations in Kalady , Angamaly , Thiruvananthapuram , etc. However , the agitation will be intensified by forming action committees in Aluva , Perumbavoor , Chalakudy , Manjapra , Thuravoor and Malayattoor , said SNDP Aluva Union Secretary K N Divakaran .",0,1,3,train_03,1
train_01_95,The management responded to this by issuing an order the other day seeking immediate removal of the posters .,0,0.666666667,3,train_01,1
train_06_108,"NGO volunteers and prostitutes , holding red umbrellas symbolising protection , shouted : ' Legalisation of sex workers , innocence of sex workers ! ' The authorities quickly stepped in and banned the petition .",1,0.5,2,train_06,0
train_09_A_122,"We need to honour the Class of '76 through our actions , not our words , says Maimane Jabulile S. Ngwenya JOHANNESBURG , June 16 ( ANA ) - Democratic Alliance leader Mmusi Maimane said action , not words would honour those who participated in the historic 1976 Soweto Uprising .",0,1,3,train_09,1
train_03_148,"The caller threatened to kill the former minister , saying that Nehru would be the next target after his brother Ramajayam .",0,1,3,train_03,1
train_03_4,"Protests rocked Bhaderwah , Banihal , Thathri , Kishtwar , Gool , Doda , Sangaldan areas of Jammu region amid raising of anti-India slogans and burning of tyres , police said .",0,0.666666667,3,train_03,1
train_07_72,"Whatever incidents have taken place have already been controlled , peace has been restored , we have registered criminal cases , we will identify the culprits and we will take action , "" the Karnataka DGP said .",0,0.5,2,train_07,1
train_02_322,"The Sadbhavna fast , its expenses , the 2002 riots and the Lokayukta issues are likely to become major elections issue with both the BJP and the Congress planning to use them to show the other side in poor light .",0,0.666666667,3,train_02,1
train_08_319,The clashes started as a police team went to the park .,0,0.5,2,train_08,1
train_08_242,The mass pro-democracy movement that seized the streets of Hong Kong has been obviously and overwhelmingly youthful .,1,1,2,train_08,0
train_09_B_41,"Played active part in wage deal : Vijay Mallya - Indian Express Agencies , Agencies : Greater Noida , Sat Oct 27 2012 , 13:37 hrs Kingfisher Airlines Chairman Vijay Mallya today said he was never out of reach of his striking employees during the 26 - day impasse over non-payment of salaries since March this year and had played an active part in the wage settlement .",0,0.5,2,train_09,1
train_02_71,"Suspended cops throw may go a long way - Indian Express Muzamil Jaleel , Muzamil Jaleel : Srinagar , Mon Aug 16 2010 , 02:58 hrs The embattled Omar Abdullah took another hit today when a suspended policeman hurled a shoe towards the dais where he was taking the salute after unfurling the tricolour at the Independence Day function here .",0,0.666666667,3,train_02,1
train_04_286,Protest Federation of various autorickshaw employees union on Thursday staged a protest in front of regional transport office raising several demands .,0,0.666666667,3,train_04,1
train_09_B_134,"Of the five flat occupants , Atif Ameen and Mohd Sajid were killed during the encounter .",1,1,2,train_09,0
train_06_221,"Those climbers who hung the banner on Lion Rock boosted people 's spirits , and though it was only up for a day , it will stay in people 's hearts forever .",1,0.5,2,train_06,0
train_03_301,"`` This was part of their lobbying campaign to be appointed into permanent part-time positions , '' SAPO said at the time .",0,0.666666667,3,train_03,1
train_06_18,After Dlulisa accepted the memorandum the suspects were led handcuffed into the court to jeers from the protestors .,0,0.5,2,train_06,1
train_07_168,Following our march the WCED gave us a letter saying the following would happen : 1 .,1,1,2,train_07,0
train_06_57,The protests were initially focused on a bill that that would make it easier to extradite people to China from the semi-autonomous city .,1,0.5,2,train_06,0
train_02_250,"( SUBS/NEDS : IF USED , CREDIT MUST BE RETAINED ) Two Daily Sun reporters were held captive , allegedly by Economic Freedom Fighters members during a protest in Nellmapius , Pretoria , Beeld reported on Thursday .",0,1,3,train_02,1
train_03_218,He said in an address before the protests began that Hong Kong must not be used as a launchpad to challenge Beijing ’ s authority and any questioning of China ’ s sovereignty in the territory “ crosses a red line ” .,0,1,3,train_03,1
train_04_150,"In the charged atmosphere generated by the dangerous currents of domestic politics and media-induced panic , Prime Minister Manmohan Singh is finding himself under tremendous pressure to respond decisively to initial evidence that ‘ elements in Pakistan ’ were responsible for last week ’ s terrorist outrage in Mumbai .",0,0.666666667,3,train_04,1
train_05_164,During service delivery protests three people died .,0,0.5,2,train_05,1
train_05_285,They instantly responded by shouting a firm “ no ” .,0,0.5,2,train_05,1
train_03_146,The police questioned Sanmugavel regarding the threat call to Nehru .,0,0.666666667,3,train_03,1
train_01_156,Soon a clash ensued between supporters of Pradhan and the rival group in which 17 persons were injured .,0,0.666666667,3,train_01,1
train_09_A_136,"After the blast , Maoists opened indiscriminate firing .",0,0.666666667,3,train_09,1
train_06_59,Many Hong Kongers also cite the jailing of leaders and activists from the 2014 Occupy Central movement – a 79-day mass civil disobedience movement – as well as the disqualification of young localist lawmakers as signs of the erosion of civil freedoms .,1,0.5,2,train_06,0
train_06_112,"The wife of the house owner , Taja , died in the shootout between the militants and the police .",1,0.5,2,train_06,0
train_06_242,"He said that the police have learnt that some notorious elements were present in the crowed , which turned violent .",0,0.5,2,train_06,1
train_08_320,Uttar Pradesh ’ s Director General of Police Javed Ahmed said that there was unprovoked firing from the members of an offshoot of the Jai Gurudev sect .,0,0.5,2,train_08,1
train_09_B_49,"Maretha , where till recently riot victims were not allowed to return home , victims of Best Bakery carnage , residents of Noor Park , and some other hotbeds of violence went unrepresented .",1,0.5,2,train_09,0
train_02_255,"Afew social organisations chipped in by holding agitations , though not with ' India Against Corruption ' ( IAC ) in front of the PMC headquarters , but in their own areas on Thursday .",0,1,2,train_02,1
train_07_294,"The fate of an application filed by the BEST today at the industrial courts , seeking derecognition of the striking unions , hangs in balance .",1,1,2,train_07,0
train_03_43,"It claimed that during the attack a five-vehicle convoy of 6th Dogra Regiment was "" assaulted "" at Tengnoupal-New Somtal Road in Chandel district of Manipur .",1,0.666666667,3,train_03,0
train_09_B_5,"A group , comprising leaders of the Communist Party of India ( Marxist ) and the Democratic Youth Federation of India , had roughed up a journalist who had put out a report to that effect .",1,0.5,2,train_09,0
train_04_202,"Beijing backs policy on minorities PUBLISHED : Thursday , 16 July , 2009 , 12:00am A senior government official said Beijing had no plan to alter its generally preferential policies toward ethnic minorities in the first official response to smouldering public discontent against the measures following the Xinjiang riot .",0,0.666666667,3,train_04,1
train_09_A_151,"Though rebels frequent the villages including Karada , Ranaba and Indragada , this is for the first time that posters exhorting the villagers to participate in the PLGA week have been found at several places in the block .",1,1,3,train_09,0
train_07_250,"The department said teachers who joined the protest march would face disciplinary action and that the no-work , no-pay rule would apply .",1,1,2,train_07,0
train_09_B_139,"It had said that Shahzad , along with Junaid , had jumped off the balcony and fled after firing at the police team during the September 19 , 2008 encounter .",0,1,2,train_09,1
train_07_91,“ I am shocked to hear about the brutal killing of Shri V Ramesh our General Secretary of Tamil Nadu unit .,1,1,2,train_07,0
train_02_246,"Days after blasts , Patna to host another rally 30th October 2013 11:55 AM The Communist Party of India ( Marxist-Leninist ) is holding its rally here amid tight security Wednesday , barely three days after a string of explosions here left six dead and over 80 injured .",0,0.666666667,3,train_02,1
train_04_264,"New generation private banks such as HDFC and ICICI , however , functioned as their employees were not part of the strike .",0,0.666666667,3,train_04,1
train_06_138,"Parking contract has been given to some goons who were collecting high rates from students and patients , ” he claimed and warned of intensifying the agitation .",0,0.5,2,train_06,1
train_01_123,The Kishtwar area has been in focus ever since the Delhi High Court blast as the first of the e—mails claiming responsibility for the blast emanated from here .,0,0.666666667,3,train_01,1
