train_08_307,"Eight killed after 22 - hour Kashmir gunbattle Posted : Wed Dec 06 2000 IST SRINAGAR , DEC 5 : Paramilitary troops and a two-person militant suicide squad fought a 22 - hour gunbattle at a Kashmir security camp which ended on Tuesday with eight dead and nine wounded , police said .",1,1,2,train_08,0
train_04_236,"Following the incident , police officials including Sunil Jacob , Assistant Commissioner of Police , Ernakulam ; and D.S. Suneesh Babu , Circle Inspector , Town Central , reached the spot .",1,0.666666667,3,train_04,0
train_06_322,There were also efforts to attack a local cable channel cameraman .,1,1,2,train_06,0
train_06_314,SC lifts stay on Gujarat riot cases 26th October 2010 09:24 PM NEW DELHI : The Supreme Court today gave the green signal for the trial courts in Gujarat to give their verdict in the 2002 Godhra train carnage and seven cases of communal riots that followed but kept on hold the judgement in the case in which Chief Minister Narendra Modi was questioned .,1,1,2,train_06,0
train_07_241,"Though the management led by Registrar K. Pochanna promised to resolve their problems on Wednesday , the students refused to end the protest saying that the management promised to do the same last year , but failed to keep its promise .",1,1,2,train_07,0
train_04_222,Party leaders here have requested educational institutions and other private establishments in twin cities to cooperate with them and make bandh successful .,0,1,3,train_04,1
train_09_A_95,"Residents chanted songs drowning out the mayor , who had to be removed from the stadium under police escort .",0,1,2,train_09,1
train_02_151,"Trouble was also reported from Mirzapur in the city , when a mob gathered near a mosque threw two crude bombs at the police .",0,0.666666667,3,train_02,1
train_07_276,"Qiangba Puncog said on the sidelines of the National People 's Congress that the situation in Tibet was stable , despite reports that several protests had broken out in some Tibetan-populated areas in the run-up to March 10 , the 50th anniversary of an uprising that saw the Dalai Lama flee to India .",1,0.5,2,train_07,0
train_03_119,This caused injury to accused no : 37 in the case .,0,0.666666667,3,train_03,1
train_02_95,"Gandhiji leads fast , boycotts I-Day 16th August 2009 11:21 PM HEAVEN : Mahatma Gandhi led a host of freedom fighters , who after much deliberation , decided not to celebrate Independence Day , instead marking it with prayers and a hunger sit-in and passing a special resolution to write to Parliament on changes they want in the way India is run .",0,1,3,train_02,1
train_08_166,"In the early hours of 6 May , Beijing police detained Pu Zhiqiang , a prominent human rights lawyer who helped organise the 1989 demonstration ; three days prior , he had participated in a private panel discussion commemorating the massacre .",1,0.5,2,train_08,0
train_05_153,"Some of the youths decided they were not satisfied with this , and on Wednesday morning barricaded the doors of their cells , he said .",1,1,2,train_05,0
train_04_85,“ There was no formal notice of strike and this has created a lot of hassle for the public .,0,0.666666667,3,train_04,1
train_04_93,"UPDATE 3 : Zuma receives warm welcome at Youth Day commemorations Gertrude Makhafola JOHANNESBURG , June 16 ( ANA ) - President Jacob Zuma arrived to loud cheers and chants at Orlando Stadium , Soweto on Thursday where commemorations to mark 40 years of the June 16 students uprising were underway .",1,0.666666667,3,train_04,0
train_03_163,The people protesting alleged that the factory owner Abdul Majeed was also unwilling to hand over the bodies to their family and forced to cremate them at the Pachalam cremation centre .,1,0.666666667,3,train_03,0
train_01_198,"Another Congress worker , Repon Sheikh , was killed at Bharatpur in the same district during a clash between rival party supporters , the police said .",1,0.666666667,3,train_01,0
train_01_29,IIT Row : PSI Brandishes Pistol at Protesters 02nd October 2015 03:39 AM RAICHUR : The ongoing agitation against the Centre ’ s decision to set up the state ’ s first IIT at Dharwad took an ugly turn on Thursday after West Police Station PSI Agni allegedly assaulted a lorry driver and brandished his service revolver at the agitators during a protest by the lorry owners ’ association here .,1,1,3,train_01,0
train_06_217,"Guo , who has Australian citizenship , was taken away by police in Beijing shortly after the publication of an interview in which he described participating in 1989 's pro-democracy protests in Tiananmen Square and discussed a work he had created commemorating the bloody crackdown .",1,1,2,train_06,0
train_05_48,"' KSRTC suffering from operational loss ' 12th April 2012 07:01 AM Police removing VSDP workers who tried to disrupt the flag off function of Rajadhani ring road service in the city on Wednesday | B P Deepu THIRUVANANTHAPURAM : The Kerala State Road Transport Corporation ( KSRTC ) is suffering operational loss , but the Government is not viewing it as a loss , said Chief Minister Oommen Chandy .",1,1,2,train_05,0
train_03_293,"The party workers burnt posters of AAP leaders Manish Sisodia , Yogendra Yadav and Kejriwal after the party had earlier in the day announced a second list of 30 candidates for the general elections .",1,0.666666667,3,train_03,0
train_09_A_3,"The Gujjar priest , Mewa Ram , accompanied by youngsters from his community allegedly thrashed the 80 - year-old Dalit priest Hazari Balai during the Navratra festivities on October 1 and declared a ban on the entry of Dalits into the temple .",0,1,3,train_09,1
train_09_B_86,"In 2001 , he allegedly hatched a conspiracy to murder his political opponent Javed Iqbal in Allahabad .",1,1,2,train_09,0
train_09_B_117,The nun was allegedly raped in K Nuagaon of Kandhamal district on August 25 during the communal riots which unleashed after the murder of Swami Laxmanananda Saraswati and four of his disciples .,1,1,2,train_09,0
train_01_145,""" We will continue to work very closely with the Indian government on those issues , "" she said , adding that it is an ongoing process and the US is working with Indian authorities to address issues of concern emanating from the incident .",1,1,3,train_01,0
train_03_51,He urged the government to drop the cases registered against the Christians in connection with church attacks .,0,0.666666667,3,train_03,1
train_05_62,"After the protesters were dispersed , images of the vandalised building were broadcast .",0,1,2,train_05,1
train_04_46,Blatant efforts to wage a proxy war 15th April 2010 12:33 AM The Dantewada massacre took the lives of 76 CRPF jawans and caused a huge setback to the Union home ministry ’ s self-proclaimed ‘ war on tribal terror ’ .,0,0.666666667,3,train_04,1
train_05_314,SC curbs on NIA questioning Sadhvi Pragya 09th July 2012 09:26 PM The Supreme Court Monday restrained the National Investigation Agency from interrogating Sadhvi Pragya Singh Thakur in connection with the 2007 murder of Rashtriya Swayamsewak Sangh activist Sunil Joshi in Madhya Pradesh .,0,0.5,2,train_05,1
train_09_B_19,"Pramod Mishra , president of Koshal Kranti Dal , blamed the administration for the incident .",1,1,2,train_09,0
train_07_69,PTI BANGALORE : All courts will be shut on Saturday after Friday 's violence the city 's civil court premises .,1,1,2,train_07,0
train_01_96,"‘ ’ They did nothing when the staff were brutally attacked by anti-social elements and police officials , ’ ’ said Jose Jacob , general secretary of the KSRTEA .",0,1,3,train_01,1
train_07_226,They ended the protest after four hours when LMC Commissioner N P Singh assured that action will be taken against Pandey .,1,1,2,train_07,0
train_07_286,These aspirations were behind the series of demonstrations and rallies held last Sunday .,1,1,2,train_07,0
train_05_75,"In her speech , Lam referred to the protests , saying they had made her realise “ the need to grasp public sentiments accurately ” .",1,1,2,train_05,0
train_05_64,"“ I don ’ t know whether this would work , but what other channels are there to make Carrie Lam listen to us ? ” said a male protester outside the legislative council building , who declined to be named .",0,1,2,train_05,1
train_02_20,"The row over possession of Satlok Ashram , headed by Rampal , took a violent turn on Sunday when police tried to stop Arya Pratinidhi Sabha activists from marching towards the Ashram .",0,0.666666667,3,train_02,1
train_09_B_35,"We have been together in each other 's hour of grief and joy , but to allege that I was a part of the crowd that incited them to raise anti-Sikh slogans is a preposterous and blatant lie .",1,1,2,train_09,0
train_02_158,"An employee who wished to remain unnamed also told Express that around seven management personnel inside the plant , including five foreign nationals , were forcibly prevented from leaving the plant all night by the protesters .",0,1,3,train_02,1
train_02_55,"`` Residents went on a rampage by throwing stones at Nala Municipality offices , '' said Thakeng .",0,0.666666667,3,train_02,1
train_08_248,"Han Dongfang , who was jailed as a leader of the Tiananmen protests and now runs the workers ’ advocacy group China Labour Bulletin from Hong Kong , believes Beijing can compromise when it sees it is necessary .",1,1,2,train_08,0
train_07_322,"Earlier the Congress of South African Trade Unions ( Cosatu ) Western Cape regional secretary , Tony Ehrenreich , said the strike could be resolved for about R1 million a year .",0,1,2,train_07,1
train_04_43,"In a letter to Chief Justice of the Supreme Court , Justice HL Dattu , the former Member of Parliament said when CBI arrested Banki MLA Pravat Tripathy on October 31 and took him on remand on November 1 , party supporters gathered in front of the CBI office here and blocked the pathway of his car .",1,1,3,train_04,0
train_04_169,He said action would be taken against those found involved in attacks on vehicles .,1,0.666666667,3,train_04,30:81,8:29,:,:,:,0
train_03_29,Seven people - four militants and three security personnel - were killed in the first two days of the battle .,1,0.666666667,3,train_03,76:108,0:72,:,:,:,0
train_01_83,Two bus drivers were hurt in the attacks .,1,0.666666667,3,train_01,29:40,0:25,:,:,:,0
train_08_128,"However , trade unions refused to accept it and continued their strike .",1,0.5,2,train_08,10:43,48:70,:,:,:,0
train_02_214,"Curiously , no policeman has died in any of these exchanges of fire   .",1,0.666666667,3,train_02,0
train_05_251,RFEA chief executive Nico Badenhorst said the strike was costing the country R100 million a day .,1,1,2,train_05,0
train_03_254,"Moreover , he said the Akhilesh Government ought to be complimented for ensuring that the state had not witnessed anymore incidents of communal violence since the Muzaffarnagar carnage .",0,0.666666667,3,train_03,1
train_01_95,The management responded to this by issuing an order the other day seeking immediate removal of the posters .,0,0.666666667,3,train_01,1
train_06_108,"NGO volunteers and prostitutes , holding red umbrellas symbolising protection , shouted : ' Legalisation of sex workers , innocence of sex workers ! ' The authorities quickly stepped in and banned the petition .",1,0.5,2,train_06,0
train_03_4,"Protests rocked Bhaderwah , Banihal , Thathri , Kishtwar , Gool , Doda , Sangaldan areas of Jammu region amid raising of anti-India slogans and burning of tyres , police said .",0,0.666666667,3,train_03,1
train_02_322,"The Sadbhavna fast , its expenses , the 2002 riots and the Lokayukta issues are likely to become major elections issue with both the BJP and the Congress planning to use them to show the other side in poor light .",0,0.666666667,3,train_02,1
train_08_242,The mass pro-democracy movement that seized the streets of Hong Kong has been obviously and overwhelmingly youthful .,1,1,2,train_08,0
train_09_B_54,The State Joint Secretary Thammesh Gowda said that several organisations were involved in the blasts and urged the Government to ban them .,1,1,2,train_09,0
train_04_286,Protest Federation of various autorickshaw employees union on Thursday staged a protest in front of regional transport office raising several demands .,0,0.666666667,3,train_04,1
train_09_B_134,"Of the five flat occupants , Atif Ameen and Mohd Sajid were killed during the encounter .",1,1,2,train_09,0
train_06_221,"Those climbers who hung the banner on Lion Rock boosted people 's spirits , and though it was only up for a day , it will stay in people 's hearts forever .",1,0.5,2,train_06,0
train_03_301,"`` This was part of their lobbying campaign to be appointed into permanent part-time positions , '' SAPO said at the time .",0,0.666666667,3,train_03,1
train_06_183,Health Minister V S Sivakumar said the agitation was unnecessary as all the major demands have been agreed upon .,1,1,2,train_06,0
train_01_242,"Speaking just after 1pm , Poni said he and the hundreds of residents who had demonstrated outside the court were now on their way by train to the High Court , where they would make another attempt to get an urgent interdict .",1,1,3,train_01,0
train_06_18,After Dlulisa accepted the memorandum the suspects were led handcuffed into the court to jeers from the protestors .,0,0.5,2,train_06,1
train_03_82,"According to the SABC , when Mbeki took the podium at the Harry Gwala Stadium , a section of the crowd started howling and leaving the stadium .",1,0.666666667,3,train_03,0
train_07_168,Following our march the WCED gave us a letter saying the following would happen : 1 .,1,1,2,train_07,0
train_06_57,The protests were initially focused on a bill that that would make it easier to extradite people to China from the semi-autonomous city .,1,0.5,2,train_06,0
train_04_52,"On Friday , public meetings and padyatras were held by the parties with the diesel price hike and the cap on LPG cyclinders taking centrestage .",1,0.666666667,3,train_04,0
train_06_174,Du Plooy alleged that he fired several shots at a group of eight men in self-defense as they were attacking him and his employees .,1,1,2,train_06,0
train_03_218,He said in an address before the protests began that Hong Kong must not be used as a launchpad to challenge Beijing ’ s authority and any questioning of China ’ s sovereignty in the territory “ crosses a red line ” .,0,1,3,train_03,1
train_05_164,During service delivery protests three people died .,0,0.5,2,train_05,1
train_01_156,Soon a clash ensued between supporters of Pradhan and the rival group in which 17 persons were injured .,0,0.666666667,3,train_01,1
train_06_59,Many Hong Kongers also cite the jailing of leaders and activists from the 2014 Occupy Central movement – a 79-day mass civil disobedience movement – as well as the disqualification of young localist lawmakers as signs of the erosion of civil freedoms .,1,0.5,2,train_06,0
train_05_57,The dramatic scenes came after a peaceful march of half a million people made its way through other parts of the city as its deepest political crisis in two decades showed no sign of abating .,1,1,2,train_05,0
train_06_112,"The wife of the house owner , Taja , died in the shootout between the militants and the police .",1,0.5,2,train_06,0
train_09_B_126,"Meanwhile , another group of DMK men , who were accompanying a Member of Parliament , allegedly indulged in “ skirmishes ” at Sholandur in which one Narayanan of Pandamangalam was injured .",0,1,2,train_09,1
train_09_B_88,"KERALA UDF whitewashing RSS violence : CPI(M) November 15 , 2007 00:00 IST Staff Reporter KANNUR : Communist Party of India ( Marxist ) State secretary Pinarayi Vijayan has accused the United Democratic Front ( UDF ) of whitewashing violence instigated by the Rashtriya Swayamsevak Sangh ( RSS ) in the State .",0,0.5,2,train_09,1
train_09_B_49,"Maretha , where till recently riot victims were not allowed to return home , victims of Best Bakery carnage , residents of Noor Park , and some other hotbeds of violence went unrepresented .",1,0.5,2,train_09,0
train_08_161,"Association leader Benny said that their members who availed themselves of casual leave on Wednesday as a mark of protest , would continue to boycott duties and organise a 24 - hour satyagraha before the Secretariat on February 20 .",1,0.5,2,train_08,0
train_07_294,"The fate of an application filed by the BEST today at the industrial courts , seeking derecognition of the striking unions , hangs in balance .",1,1,2,train_07,0
train_08_318,"Over 100 people , including the city magistrate Ram Araj Yadav , were also injured in the clash that lasted for almost four hours .",1,0.5,2,train_08,0
train_03_43,"It claimed that during the attack a five-vehicle convoy of 6th Dogra Regiment was "" assaulted "" at Tengnoupal-New Somtal Road in Chandel district of Manipur .",1,0.666666667,3,train_03,0
train_03_69,"Inaugurating the dharna , State secretary of the Communist Party of India C.K. Chandrappan said the United Democratic Front ( UDF ) government seemed to have declared a war on the people through its revised Budget .",1,0.666666667,3,train_03,0
train_09_B_5,"A group , comprising leaders of the Communist Party of India ( Marxist ) and the Democratic Youth Federation of India , had roughed up a journalist who had put out a report to that effect .",1,0.5,2,train_09,0
train_04_202,"Beijing backs policy on minorities PUBLISHED : Thursday , 16 July , 2009 , 12:00am A senior government official said Beijing had no plan to alter its generally preferential policies toward ethnic minorities in the first official response to smouldering public discontent against the measures following the Xinjiang riot .",0,0.666666667,3,train_04,1
train_09_A_151,"Though rebels frequent the villages including Karada , Ranaba and Indragada , this is for the first time that posters exhorting the villagers to participate in the PLGA week have been found at several places in the block .",1,1,3,train_09,0
train_08_305,"Earlier Jagn ’ s mother and honorary president of YSRC Vijayamma was on a hunger strike for six days , before it was broken by the police .",0,1,2,train_08,1
train_07_250,"The department said teachers who joined the protest march would face disciplinary action and that the no-work , no-pay rule would apply .",1,1,2,train_07,0
train_05_189,"Condemning the government ’ s approach in the matter , Kanhaiya said that the government wanted to perpetually function in a denial mode , adding that the attack on the African students showed the racial discrimination that was taking root in this country .",1,1,2,train_05,0
train_09_B_139,"It had said that Shahzad , along with Junaid , had jumped off the balcony and fled after firing at the police team during the September 19 , 2008 encounter .",0,1,2,train_09,1
train_07_91,“ I am shocked to hear about the brutal killing of Shri V Ramesh our General Secretary of Tamil Nadu unit .,1,1,2,train_07,0
train_02_246,"Days after blasts , Patna to host another rally 30th October 2013 11:55 AM The Communist Party of India ( Marxist-Leninist ) is holding its rally here amid tight security Wednesday , barely three days after a string of explosions here left six dead and over 80 injured .",0,0.666666667,3,train_02,1
train_06_138,"Parking contract has been given to some goons who were collecting high rates from students and patients , ” he claimed and warned of intensifying the agitation .",0,0.5,2,train_06,1
