train_08_308,"The attack , the first of its kind since Government suspended hostilities against militants in Jammu and Kashmir a week ago , came amid a rash of violence across the Himalayan region .",0,0.5,2,train_08,1
train_03_300,"On Monday , casual workers in certain areas in Gauteng went on strike .",0,1,3,train_03,1
train_06_48,The mixture was similar to the once used in the Gauteng and Mpumalanga bombs .,0,1,2,train_06,1
train_01_163,"Despite losing contact with the three men , five other members of the group went ahead with the attack .",0,0.666666667,3,train_01,1
train_04_53,Protests were held by both the BJP and BSP in the area .,0,1,3,train_04,1
train_07_140,"When police arrived some people started throwing stones at them , said Ngubane .",0,0.5,2,train_07,1
train_07_139,`` Some of the people burned the tribal office while the other proceeded to the councillor 's yard and burned the two-roomed house and broke windows of her newly built house . '',0,0.5,2,train_07,1
train_09_A_14,"The video footage of the incident is being scanned and a case will be registered after verifying the allegations , he added .",0,0.666666667,3,train_09,1
train_04_222,Party leaders here have requested educational institutions and other private establishments in twin cities to cooperate with them and make bandh successful .,0,1,3,train_04,1
train_07_262,"Municipal Commissioner Md. Abdul Azeem urged the employees to suspended their protest , and attend to their duties .",0,0.5,2,train_07,1
train_09_B_141,This hints at possible differences in the organisation that backed the villagers protesting the proposed project about six years ago .,0,1,2,train_09,1
train_05_16,"While Singhdeo sat on a dharna in the Well in protest , Congress and other BJP members rushed into the Well shouting slogans .",0,0.5,2,train_05,1
train_03_88,""" The FIRs have been registered under various sections of the IPC pertaining to rioting , mischief and damaging public property .",0,1,3,train_03,1
train_06_150,"About 300 community members began blockading roads around the town and in front of the municipal offices , using rocks , burning tyres and car wrecks at 3.30am , police spokeswoman Captain Charlize van der Linden said .",0,1,2,train_06,1
train_01_38,"A protest march jointly organised by the Vishwa Hindu Parishad and Hindu Aikya Vedi entered into a scuffle with the police near the State Central Library even as Blessing led , his supporters claimed , ` ` a packed prayer meeting ’ ’ at the Chandrasekharan Nair Stadium .",0,0.666666667,3,train_01,1
train_09_A_95,"Residents chanted songs drowning out the mayor , who had to be removed from the stadium under police escort .",0,1,2,train_09,1
train_02_27,Members of the minority sect went on a rampage and allegedly set fire to the kitchen of the house belonging to a member of the majority sect .,0,0.666666667,3,train_02,1
train_05_255,One was held earlier this month .,0,1,2,train_05,1
train_02_151,"Trouble was also reported from Mirzapur in the city , when a mob gathered near a mosque threw two crude bombs at the police .",0,0.666666667,3,train_02,1
train_09_A_155,"He impressed upon the gathering that unlike the Congress and the BJP , BJD will take decision pertaining to the interest of the state in the state itself and not in New Delhi .",0,1,3,train_09,1
train_03_119,This caused injury to accused no : 37 in the case .,0,0.666666667,3,train_03,1
train_04_311,"In February last , similar posters written in red ink were found pasted at several places in the block .",0,1,3,train_04,1
train_03_100,Its mangled remains were thrown 500 metres from the blast spot .,0,1,3,train_03,1
train_08_176,"The agitationists set ablaze veterinary , irrigation , agriculture , health , Integrated Child Development Service ( ICDS ) and Public Works Department ( PWD ) offices across the district last night , officials said today .",0,0.5,2,train_08,1
train_07_300,"On Lung Wo Road , some protesters dug up bricks and built make-shift barricades from roadside metal railings .",0,0.5,2,train_07,1
train_06_131,"`` During the protest , a police vehicle came through ... and they protesters came rushing towards the vehicle , '' she said .",0,0.5,2,train_06,1
train_04_179,10 out of 13 bombs went off ...,0,1,3,train_04,1
train_02_262,"Meanwhile , 307 lawyers associated with ' Centre for paralegal services and legal aid ' are supporting Hazare 's strike .",0,0.5,2,train_02,1
train_09_B_33,"Bachchan 's plea to the Jathedar ( head ) of the Akal Takht , the highest temporal seat of Sikh religion , Gurbachan Singh , through a letter dated November 28 , in which he pleaded his innocence in the anti-Sikh riots , is likely to be considered for discussion by the five Sikh high priests at a meeting here on December 22 .",0,0.5,2,train_09,1
train_01_209,The SA National Taxi Council said it did not call for the strike .,0,1,3,train_01,1
train_05_14,TDP student wing leaders took out a procession and burnt effigies of Maharashtra Chief Minister Ashok Chavan 's at Punjagutta graveyard in Hyderabad .,0,1,2,train_05,1
train_05_70,"Speaking beside Lam , police chief Stephen Lo said : “ Protesters ’ violent acts have far exceeded the bottom line of peaceful expressions of demands. ” A joint statement from 41 pro-government lawmakers condemned what they described as “ extremely radical and violent acts ” , such as the occupying of roads and vandalism of the council building .",0,0.5,2,train_05,1
train_02_95,"Gandhiji leads fast , boycotts I-Day 16th August 2009 11:21 PM HEAVEN : Mahatma Gandhi led a host of freedom fighters , who after much deliberation , decided not to celebrate Independence Day , instead marking it with prayers and a hunger sit-in and passing a special resolution to write to Parliament on changes they want in the way India is run .",0,1,3,train_02,1
train_08_199,"In a detailed submission , LDF delegation comprising CPI parliamentary party leader C Divakaran , Mathew T Thomas of Janata Dal and A K Saseendran of NCP made a strong case citing the recent struggle for better wages by women plantation workers in Munnar .",0,1,2,train_08,1
train_03_273,"Workers of TDP , YSRCP and pro-united Andhra Pradesh groups organised protests across the Seemandhra .",0,1,3,train_03,1
train_04_85,“ There was no formal notice of strike and this has created a lot of hassle for the public .,0,0.666666667,3,train_04,1
train_03_66,The drivers allegedly shot Mandisi Ngomani several times in the back while he was running away from them several days before a taxi strike in September last year .,0,0.666666667,3,train_03,1
train_03_174,Women of all races and ages from all corners of the country marched to the Union Buildings in Pretoria .,0,1,3,train_03,1
train_03_215,"This is what we need. ” Jason Leung a 16-year-old protestor , was marching with a poster carrying a rather different message .",0,1,3,train_03,1
train_04_72,The mob later entered the depot and damaged at least 30 buses .,0,1,3,train_04,1
train_03_89,They have been identified on the basis of the photographs and video footage of the incident .,0,1,3,train_03,1
train_04_28,The padayatra also passed through the CPI office on AJC Bose Road .,0,1,3,train_04,1
train_08_83,"Police senior superintendent Yolanda Liu said in a late night press briefing that protesters had thrown bricks , bottles with corrosive liquid , and smoke bombs at police .",0,0.5,2,train_08,1
train_04_103,The protest meeting was preceded by a rally from Town Hall to the Deputy Commissioner ’ s office .,0,1,3,train_04,1
train_09_B_36,"The unfortunate incidents of the riots of 1984 against the Sikhs shall always remain a blot and a dark phase in the history of our country , a country that prides itself in its secular credentials . "" Bachchan even attached a copy of a photograph of his maternal grandparents , who were from a Sikh family .",0,1,2,train_09,1
train_08_63,"The students shared their experience during captivity when they also came to know about the harsh life in Naxal-dominated areas at a press conference here , in which Superintendent of Police of Gadchiroli , Sandeep Patil , was also present .",0,0.5,2,train_08,1
train_03_175,"The march was organised by the Federation of South African Women ( Fedsaw ) and led by Helen Joseph , Rahima Moosa , Sophie Williams and Lilian Ngoyi .",0,1,3,train_03,1
train_03_22,"On Wednesday , a troupe of folk artistes joined the protests at Kittur Chennamma Circle .",0,1,3,train_03,1
train_06_264,An anti-landmine van carrying the police team was returning to the district headquarters town of Malkangiri when they were attacked .,0,0.5,2,train_06,1
train_05_248,""" Several other doctors in different districts have also forwarded their resignation to respective district collectors , "" said vice-president of the association Mahesh Sharma .",0,1,2,train_05,1
train_05_114,"Another bomb was recovered on the same railway track this morning at Rowta in the district during investigations by police , Bishnoi said .",0,0.5,2,train_05,1
train_02_287,"Outside of court , hundreds of chanting supporters wearing yellow , the colour of the protest , waved banners .",0,1,3,train_02,1
train_06_261,"January 1 : Terrorists struck at the para-military CRPF Group Centre in Rampur , Uttar Pradesh .",0,1,2,train_06,1
train_05_302,"Meanwhile , pro-Telangana activists under the banner of Telangana Joint Action Committee formed a human chain and took the oath .",0,0.5,2,train_05,1
train_04_304,The Jammu and Kashmir welfare forum organised a peace march from Shivpora Sonawar to Lal Chowk today .,0,1,3,train_04,1
train_09_A_3,"The Gujjar priest , Mewa Ram , accompanied by youngsters from his community allegedly thrashed the 80 - year-old Dalit priest Hazari Balai during the Navratra festivities on October 1 and declared a ban on the entry of Dalits into the temple .",0,1,3,train_09,1
train_07_311,"Many waved Chinese flags and hurled insults at anti-government demonstrators camped nearby , highlighting the deep ideological fissures now dividing the finance hub .",0,0.5,2,train_07,1
train_03_51,He urged the government to drop the cases registered against the Christians in connection with church attacks .,0,0.666666667,3,train_03,1
train_05_62,"After the protesters were dispersed , images of the vandalised building were broadcast .",0,1,2,train_05,1
train_09_B_74,“ No amount of forgiveness can absolve Modi of the crime that was committed under his watch in Gujarat .,0,1,2,train_09,1
train_01_279,"Social activist Medha Patkar and Pravash Ghosh , State secretary of the Socialist Unity Centre of India — a new Trinamool ally — addressed the rally .",0,1,3,train_01,1
train_07_306,Protesters have also surrounded the police headquarters twice in past weeks in noisy and emotionally charged protests in which young people spray-painted obscenities on its front wall and barricaded its entrances .,0,0.5,2,train_07,1
train_04_46,Blatant efforts to wage a proxy war 15th April 2010 12:33 AM The Dantewada massacre took the lives of 76 CRPF jawans and caused a huge setback to the Union home ministry ’ s self-proclaimed ‘ war on tribal terror ’ .,0,0.666666667,3,train_04,1
train_01_128,"By visiting the families of the Patna blast victims , NaMo is drilling home the point that NiKu is least bothered about the personal tragedies of his people .",0,0.666666667,3,train_01,1
train_03_129,"City Police Commissioner Ravada Chandrasekhar has also directed Shangumugham Assistant Commissioner Suresh Kumar to probe into the role of the police in the incident , including the allegation that LDF candidate P. Ramachandran Nair was pushed by the Pettah Circle Inspector .",0,0.666666667,3,train_03,1
train_02_215,"An intelligence source says the killing of seven policemen in Karnatakas Pavagada  the Kudremukh forest region in the state is Naxalite country  was courtesy a party from Anantapur , Andhra Pradesh .",0,0.666666667,3,train_02,1
train_04_30,T his was Mamata Banerjee ’ s third padayatra in the city .,0,1,3,train_04,1
train_05_314,SC curbs on NIA questioning Sadhvi Pragya 09th July 2012 09:26 PM The Supreme Court Monday restrained the National Investigation Agency from interrogating Sadhvi Pragya Singh Thakur in connection with the 2007 murder of Rashtriya Swayamsewak Sangh activist Sunil Joshi in Madhya Pradesh .,0,0.5,2,train_05,1
train_02_265,"K D Pawar , Mohan Kate , Mohan Pawar , Dagdu Patil , Shankar Tadake , Trupti Desai , Ramesh Sharma , S B Repale , Kailash Mankar and Mangesh Patil , were among those who fasted on Thursday .",0,0.5,2,train_02,1
train_06_307,""" The effigies could be stuffed with explosives .",0,0.5,2,train_06,1
train_09_A_69,"Two men who confessed to being involved in the murder of ANC North West official Obuti Chika were tortured by police , the Klerksdorp Magistrate 's Court heard on Tuesday .",0,1,3,train_09,1
train_04_218,Police were in the area as Economic Freedom Fighters supporters and African National Congress supporters clashed .,0,1,3,train_04,1
train_08_144,"Ms. Kulkarni , who was present at the protest , said , “ One day the management summoned me and told me that my services were not required anymore .",0,1,2,train_08,1
train_09_B_133,The police had reached Batla House on a tip off that some suspected militants involved in the blasts were holed up in the building .,0,0.5,2,train_09,1
train_06_234,The assailants stabbed him on his face with a stone .,0,1,2,train_06,1
train_08_158,The Kerala Secretariat Employees Association affiliated to the CPI(M) did not join the strike .,0,0.5,2,train_08,1
train_05_260,"In its revision petition , the Crime Branch had again claimed that Ansari and Ahmed had played a role in providing details to to the Pakistan-based terror outfit about the targets attacked by terrorists on November 26 .",0,0.5,2,train_05,1
train_02_306,""" The strike is 100 percent on today as well , "" said Prakash Gangal , secretary of All India State Bank of India Staff Federation .",0,0.666666667,3,train_02,1
train_05_175,"As per reports from Orissa , Dr. Alathara said , several people had been injured and houses and institutions run by Christian missionaries burnt in the incidents on Tuesday .",0,0.5,2,train_05,1
train_01_96,"‘ ’ They did nothing when the staff were brutally attacked by anti-social elements and police officials , ’ ’ said Jose Jacob , general secretary of the KSRTEA .",0,1,3,train_01,1
train_03_90,Another FIR pertaining to rioting and violating prohibitory orders was registered on the complaint of the police .,0,1,3,train_03,1
train_03_113,"We hope that those having faith in democracy will condemn this violence , ” Gadkari said .",0,1,3,train_03,1
train_07_123,"Narrating the sequence of events before the clash , he said properties of the Dalits were plundered systematically .",0,0.5,2,train_07,1
train_06_7,Saturday ’ s was the third phase of the Jana Jagaran padyatra .,0,1,2,train_06,1
train_07_256,"`` The bombings , which have been ascribed to Afrikaners , is a clear sign of the serious alienation being experienced by Afrikaners with respect to their situation in South Africa . ''",0,0.5,2,train_07,1
train_07_94,"While the pipe bomb planted near Alampatti was fortunately detected in time , Seetharaman said not all accused in the case have been arrested , with at least two people as yet absconding .",0,0.5,2,train_07,1
train_03_117,"It was on July 4 that seven persons of the Popular Front of India intercepted the car of colege lecturer Joseph , who was then working at Newman College and chopped off his palm .",0,1,3,train_03,1
train_02_162,""" People shouted out things , which were so provoking we were very worried [ the man ] would jump in many instances , "" Cheung said .",0,1,3,train_02,1
train_09_B_144,Hundreds of Economic Freedom Fighters supporters sang and danced ahead of the party 's election campaign event at the Sinaba stadium in Daveyton on Sunday .,0,1,2,train_09,1
train_05_53,"`` Free Napoleon and six others now , '' read one placard and another read : `` Stop police brutality '' .",0,0.5,2,train_05,1
train_03_149,The threat came just two days after Ramajayam ’ s murder .,0,1,3,train_03,1
train_04_88,"While the Dalits firmly state that a mob of their erstwhile Vanniyar friends entered the Dalit area after disconnecting the power supply , and hurled petrol bombs at their temple car and torched eight houses , the Vanniyars claim they were not involved in the attack .",0,1,3,train_04,1
train_05_64,"“ I don ’ t know whether this would work , but what other channels are there to make Carrie Lam listen to us ? ” said a male protester outside the legislative council building , who declined to be named .",0,1,2,train_05,1
train_05_298,Many schoolchildren were seen protesting along with their parents .,0,1,2,train_05,1
train_02_122,"Party leaders said except for Gannavaram , Gudivada , Vijayawada East and Machilipatnam Assembly constituencies , relay hunger strikes were conducted in 12 Assembly constituencies .",0,0.666666667,3,train_02,1
train_05_28,They started performing pujas in front of the police station and shouted Jai Sri Ram .,0,1,2,train_05,1
train_02_20,"The row over possession of Satlok Ashram , headed by Rampal , took a violent turn on Sunday when police tried to stop Arya Pratinidhi Sabha activists from marching towards the Ashram .",0,0.666666667,3,train_02,1
train_04_114,"Taxi strike in Tshwane off to a slow start ANA Reporter JOHANNESBURG , November 8 ( ANA ) - Commuters in Tshwane on Wednesday began posting updates on social media about the much-dreaded Taxi strike in the early hours .",0,1,2,train_04,1
train_06_181,Almost all the organisations associated with doctors and PG students have expressed their solidarity with the ongoing hunger strike .,0,0.5,2,train_06,1
train_02_147,"On Sunday , a group of people belonging to the Bharwad community allegedly went on the rampage and damaged shops owned by Patels , who too retaliated .",0,0.666666667,3,train_02,1
train_03_135,The fast of BJP leaders was inaugurated by NSS Taluk Union president Sangeeth Kumar .,0,1,3,train_03,1
train_02_158,"An employee who wished to remain unnamed also told Express that around seven management personnel inside the plant , including five foreign nationals , were forcibly prevented from leaving the plant all night by the protesters .",0,1,3,train_02,1
train_05_196,The African nationals had sustained minor injuries in the attack that took place in South Delhi 's Mehrauli area on Friday .,0,0.5,2,train_05,1
train_07_2,He warned the DA about what happened when it marched to the Congress of SA Trade Unions ' office two years ago .,0,0.5,2,train_07,1
train_07_245,"They also wielded placards reading : `` Angie does n't know anything '' , and `` Away with declaring education an essential service '' .",0,0.5,2,train_07,1
train_06_22,"SIT fails to serve notice on Mani 14th November 2012 10:43 AM The Special Investigation Team ( SIT ) , probing the murder of Youth Congress leader Anchery Baby , failed to serve notice for polygraph test on former CPM Idukki secretary M M Mani and another accused Kynakari Kuttan on Tuesday .",0,0.5,2,train_06,1
train_05_35,They stopped at the intersection of Beneden and OR Tambo Drive near the taxi rank before drove off into the city .,0,1,2,train_05,1
train_04_271,"Ambur Violence Targeted at Police , Was Not Communal : MMK Leader 04th July 2015 06:30 AM COIMBATORE : The violence that broke out in Ambur condemning the death of Shameel Ahmed is not based on communal grounds , said Manithaneya Makkal Katchi ( MMK ) MLA M H Jawahirullah here on Friday .",0,1,3,train_04,1
train_02_55,"`` Residents went on a rampage by throwing stones at Nala Municipality offices , '' said Thakeng .",0,0.666666667,3,train_02,1
train_07_322,"Earlier the Congress of South African Trade Unions ( Cosatu ) Western Cape regional secretary , Tony Ehrenreich , said the strike could be resolved for about R1 million a year .",0,1,2,train_07,1
train_08_32,"ANDHRA PRADESH Nannapaneni injured in ‘ attack ’ Mobbed : District TDP president Karanam Balaramakrishna Murthi trying to shield Nannapaneni Rajakumari from Congress workers at Karamchedu , Ongole , on Monday .",0,0.5,2,train_08,1
train_04_20,"The workers lifted the road blockade , but continued with their agitation near the factory premises .",0,1,3,train_04,1
train_08_294,"The Inspector General of Police , Jammu zone , K Rajendra , said that "" a sustained search operation has been launched and the militant outfit which carried out the attack is yet to be identified . """,0,0.5,2,train_08,1
train_06_285,"Despite the poor weather , supporters sang and danced in the rain to the sounds of gospel and ANC struggle songs .",0,1,2,train_06,1
train_06_44,"Workers at the company 's Zondereinde mine , near Amandelbult in Limpopo , went on strike on November 3 .",0,1,2,train_06,1
train_04_310,Police said a poster was first found on the walls of Gagandhuli Seva Samabaya Samiti ( co-operative society ) which was vandalised by some miscreants who had claimed themselves to be Maoists in the poster .,0,1,3,train_04,1
train_09_A_19,Yadav also alleged that Pradhan beat him when he was raising slogansin front of Khurshid 's vehicle .,0,1,3,train_09,1
train_07_40,They were targeting anyone with a camera .,0,0.5,2,train_07,1
train_06_212,`` We are very concerned with the killing of our comrades .,0,0.5,2,train_06,1
train_09_A_73,He denied that the men had attended any meetings where Chika 's murder was discussed .,0,1,3,train_09,1
train_02_3,"There had been some violence on Friday , but this drastic step was not required .",0,1,3,train_02,1
train_07_42,The 300-strong crowd delivered a memorandum to the city 's mayor James Nxumalo at the Durban City hall .,0,1,2,train_07,1
train_03_254,"Moreover , he said the Akhilesh Government ought to be complimented for ensuring that the state had not witnessed anymore incidents of communal violence since the Muzaffarnagar carnage .",0,0.666666667,3,train_03,1
train_08_197,"Being turned back is one thing , getting hurt or disappearing is another , ” said Ng , the author of a book on Hong Kong ’ s umbrella movement protests .",0,0.5,2,train_08,1
train_08_23,"He wished speedy recovery to those who have been injured in the attack , including senior Congress leader V C Shukla .",0,0.5,2,train_08,1
train_09_A_105,The poor people from Bihar and Uttar Pradesh who migrate to Mumbai have been the targets of violent attacks by MNS cadre .,0,0.666666667,3,train_09,1
train_02_79,"Reacting on the incident , Hazare , who has for long held politicians responsible for much of the ills of the country , had said : "" Was it only one slap ? "" "" He ( the accused ) could have been angry , but it is not right to hit someone .",0,1,3,train_02,1
train_06_232,The hartal supporters assaulted a police party in Chettukuzhy while they were engaged in removing the road block .,0,0.5,2,train_06,1
train_02_58,Later they staged dharna on the premises of the both the Collectorates .,0,1,3,train_02,1
train_07_179,"EVMs were damaged at two polling stations each in Guntur and West Godavari districts , and one polling station each in Chittoor , East Godavari and Krishna districts .",0,1,2,train_07,1
train_05_150,The protest went on for more than two hours and shops on the highway were shut during that time .,0,0.5,2,train_05,1
train_09_A_5,Pakistan PM offers prayers at Ajmer dargah amid protests 09th March 2013 12:39 PM Pakistan Prime Minister Raja Parvez Ashraf today offered prayers at the historic dargah of Khwaja Moinuddin Chishti during his private visit here that was marked by protests .,0,1,3,train_09,1
train_07_292,"So what has the three-day strike which put the common man through the wringer , finally achieved ?",0,0.5,2,train_07,1
train_03_265,"The Suhruth Vedi activists were on a war path demonstrating various forms of peaceful agitations in Kalady , Angamaly , Thiruvananthapuram , etc. However , the agitation will be intensified by forming action committees in Aluva , Perumbavoor , Chalakudy , Manjapra , Thuravoor and Malayattoor , said SNDP Aluva Union Secretary K N Divakaran .",0,1,3,train_03,1
train_07_314,"You have given me your memorandum and I can see all the messages on the placards that you are holding and I 'm internalising all of them , '' Ramaphosa told the protesters on Thursday .",0,0.5,2,train_07,1
train_05_202,But those who turned out on the streets were not only worried about freedom of speech and religion .,0,0.5,2,train_05,1
train_09_A_85,Some chanted ' Give me back my right of abode ' outside the Court of Final Appeal .,0,1,3,train_09,1
train_05_99,"On Thursday , another explosion struck a residential area in the city of Liuzhou , a day after the first series of blasts at a number of locations including shopping malls , hospitals and government buildings .",0,1,2,train_05,1
train_01_165,"Police announced on the Monday after the attack that three suspects had been taken into custody , which now appears to be a reference to the trio detained on February 27 .",0,0.666666667,3,train_01,1
train_03_70,"Addressing the dharna , the former Education Minister and Kundara MLA M.A. .",0,1,3,train_03,1
train_04_233,Power in the area was switched off and the activists threw stones at each other .,0,1,3,train_04,1
train_06_88,"KERALA Congress alone can form stable government : Sonia April 09 , 2009 00:00 IST A A A Campaign in full swing : Thiruvananthapuram DCC president V.S. Sivakumar , senior leader K. Karunakaran , deputy leader of the Opposition G. Karthikeyan , UDF candidates in Attingal and Thiruvananthapuram G. Balachandran and Shashi Tharoor , Congress president Sonia Gandhi and Leader of the Opposition Oommen Chandy at a UDF election meeting in the city on Wednesday evening .",0,0.5,2,train_06,1
train_05_271,The protest continued until 12.30 pm .,0,1,2,train_05,1
train_03_235,"We also demand the DySP change his statement in which he has said that students hurled stones at police , "" said a student , who was speaking on behalf of the rest .",0,0.666666667,3,train_03,1
train_09_B_67,These regular yatris from Lutyens ’ Delhi to Lahore are more concerned about their evening parties where champagne is spilled than about the blood spattered all over the streets of Pakistan and in Mumbai during 26/11 .,0,1,2,train_09,1
train_01_95,The management responded to this by issuing an order the other day seeking immediate removal of the posters .,0,0.666666667,3,train_01,1
train_05_5,He was allegedly part of a mob looting shops while protests were underway in the town .,0,0.5,2,train_05,1
train_05_131,"According to A. Neelakantan , husband of panchayat president Dhanapackiyam , who also led the protest , the shop was shifted from a secluded place to the current premises on Sivan Koil Street , 22 days ago .",0,1,2,train_05,1
train_04_282,"While 10 of them climbed atop the six-storey Vikas Bhawan building , the rest , along with their families , squatted in the middle of the main road passing in front of the building .",0,1,3,train_04,1
train_09_A_122,"We need to honour the Class of '76 through our actions , not our words , says Maimane Jabulile S. Ngwenya JOHANNESBURG , June 16 ( ANA ) - Democratic Alliance leader Mmusi Maimane said action , not words would honour those who participated in the historic 1976 Soweto Uprising .",0,1,3,train_09,1
train_01_92,"Although everyone is keenly aware of how the power of the internet helped foster the massive march in 2003 , for now there are hotter topics in local cyberspace .",0,0.666666667,3,train_01,1
train_03_148,"The caller threatened to kill the former minister , saying that Nehru would be the next target after his brother Ramajayam .",0,1,3,train_03,1
train_03_4,"Protests rocked Bhaderwah , Banihal , Thathri , Kishtwar , Gool , Doda , Sangaldan areas of Jammu region amid raising of anti-India slogans and burning of tyres , police said .",0,0.666666667,3,train_03,1
train_09_B_57,"The BJP leader also termed that beating of those persons , who throws ink or slaps Kejriwal by his supporters looks like filmy and part of this conspiracy .",0,1,2,train_09,1
train_01_276,"The employees paid tributes to the photograph of Venkatesh at the DCI corporate office and protest camp at Three Horse Junction , where their relay hunger strike entered the eighth day on Tuesday .",0,0.666666667,3,train_01,1
train_07_72,"Whatever incidents have taken place have already been controlled , peace has been restored , we have registered criminal cases , we will identify the culprits and we will take action , "" the Karnataka DGP said .",0,0.5,2,train_07,1
train_02_196,""" The situation is tense and clashes are continuing in the area .",0,1,3,train_02,1
train_09_A_158,"‘ ‘ People have lost faith in both the NDA and UPA and in these circumstances , regional parties will play a significant role in the post-poll scenario , ’ ’ he said while speaking at a rally at Chhendipada .",0,1,3,train_09,1
train_02_322,"The Sadbhavna fast , its expenses , the 2002 riots and the Lokayukta issues are likely to become major elections issue with both the BJP and the Congress planning to use them to show the other side in poor light .",0,0.666666667,3,train_02,1
train_08_319,The clashes started as a police team went to the park .,0,0.5,2,train_08,1
train_08_219,"Trade unions of different political hues including the Centre of Trade Unions , Indian National Trade Union Congress and Hind Mazdoor Sabha held a rally here .",0,0.5,2,train_08,1
train_01_295,"( ATT SUBS : ADDS MUSLIM YOUTH MOVEMENT OF SA COMMENT ) It was too early to determine the impact of the strike conducted by the SA Commercial Catering and Allied Workers Union on the operations of Shoprite Checkers , the company said on Tuesday .",0,1,3,train_01,1
train_09_B_41,"Played active part in wage deal : Vijay Mallya - Indian Express Agencies , Agencies : Greater Noida , Sat Oct 27 2012 , 13:37 hrs Kingfisher Airlines Chairman Vijay Mallya today said he was never out of reach of his striking employees during the 26 - day impasse over non-payment of salaries since March this year and had played an active part in the wage settlement .",0,0.5,2,train_09,1
train_02_247,The serial blasts in Patna took place Sunday before Bharatiya Janata Party prime ministerial candidate Narendra Modi was to address a rally at the sprawling Gandhi Maidan .,0,1,3,train_02,1
train_02_75,He also announced that investigations into two recent violent incidents in Bhatinda and Bagha Purana had reached crucial stages and affirmed that the culprits would be arrested soon .,0,0.666666667,3,train_02,1
train_04_278,An advocate walking out of the high court said he had not yet looked at the protest but did support it .,0,1,3,train_04,1
train_02_71,"Suspended cops throw may go a long way - Indian Express Muzamil Jaleel , Muzamil Jaleel : Srinagar , Mon Aug 16 2010 , 02:58 hrs The embattled Omar Abdullah took another hit today when a suspended policeman hurled a shoe towards the dais where he was taking the salute after unfurling the tricolour at the Independence Day function here .",0,0.666666667,3,train_02,1
train_04_286,Protest Federation of various autorickshaw employees union on Thursday staged a protest in front of regional transport office raising several demands .,0,0.666666667,3,train_04,1
train_01_143,She said the US has expressed its cooperation ith Indian authorities on on any specific aspects of the incident .,0,0.666666667,3,train_01,1
train_06_20,"Maoists , in the banners , have also demanded release of hardcore cadre Ghasi who was arrested by police earlier this week .",0,0.5,2,train_06,1
train_09_A_2,"Gujjars of the village , situated 260 km from Jaipur , stayed away from the Dalit Adivasi Adhikar Sammelan organised on the temple premises and virtually boycotted the Dalits ' entry into the sanctum sanctorum of the temple .",0,1,3,train_09,1
train_03_301,"`` This was part of their lobbying campaign to be appointed into permanent part-time positions , '' SAPO said at the time .",0,0.666666667,3,train_03,1
train_06_145,A group of people protested outside the Nelspruit Magistrate 's Court where three men accused of fraud relating to the building of the Mbombela stadium were to appear on Thursday .,0,0.5,2,train_06,1
train_07_145,Chanting ' Abolish the levy .,0,1,2,train_07,1
train_06_185,KGMOA leader and president ’ s nominee G S Vijayakrishnan said the government had not called a discussion till now though the fast had entered the sixth day .,0,1,2,train_06,1
train_02_245,The incident was followed by the killing of special police officer Mohammad Arif Bhat by militants near Abu Baker Masjid in posh Jawahar Nagar locality on March 12 .,0,0.666666667,3,train_02,1
train_07_246,One protester shouted : `` This can be another Marikana .,0,1,2,train_07,1
train_06_18,After Dlulisa accepted the memorandum the suspects were led handcuffed into the court to jeers from the protestors .,0,0.5,2,train_06,1
train_02_309,"The Indian Banks ' Association ( IBA ) , a grouping of public sector banks , is yet to formally respond to the demands of the striking employees .",0,1,3,train_02,1
train_04_54,A BSP rally was addressed by party convener Haffiz Anwar-ul-Haq .,0,1,3,train_04,1
train_09_B_152,"Police suspect that the panchayat members , including the Salwa Judum leader , were abducted and killed by Maoist rebels , who had left the bodies near the village .",0,1,2,train_09,1
train_03_18,They gheroed Chief Educational Officer Sethurama Varma .,0,1,3,train_03,1
train_03_52,Nearly 45 organisations from DK and Udupi districts supported the protest .,0,1,3,train_03,1
train_01_250,"Meanwhile , the banned Communist Party of India-Maoist 's Jamui-Bhagalpur zone commander Chiragda denied the outfit 's involvement in the abduction and alleged that local criminals were involved .",0,0.666666667,3,train_01,1
train_09_A_84,"The protesters yesterday marched from Wan Chai Immigration Tower to the Central Government Offices , and submitted their letter of appeal to Chief Executive Donald Tsang Yam-kuen and Secretary for Security Ambrose Lee Siu-kwong .",0,0.666666667,3,train_09,1
train_08_111,"Disgruntled miners from Xstrata 's mine in Thorncliffe , Limpopo , went on the rampage on Friday morning , police said .",0,0.5,2,train_08,1
train_02_250,"( SUBS/NEDS : IF USED , CREDIT MUST BE RETAINED ) Two Daily Sun reporters were held captive , allegedly by Economic Freedom Fighters members during a protest in Nellmapius , Pretoria , Beeld reported on Thursday .",0,1,3,train_02,1
train_03_284,"Earlier , the Social Welfare Organisation for Rural Development ( SWORD ) , an NGO based in Krishnagiri , staged street corner plays on violence against women and also evils of child marriages in about 20 villages in the district , said Mr. V.S.S. Jalaludeen , Secretary .",0,0.666666667,3,train_03,1
train_06_14,"Before their court appearance , protestors holding placards with various slogans filled the streets outside the court where a memorandum was handed to magistrate Xolile Dlulisa .",0,0.5,2,train_06,1
train_01_129,"In August that year , militantly aggressive Kurmis mowed down 14 Dalits in the sleepy hamlet of Belchchi in Nalanda district .",0,0.666666667,3,train_01,1
train_07_103,"Chennai also saw such an incident when Vital , a ward secretary of the party , was found dead in Koyambedu in April 2012 .",0,0.5,2,train_07,1
train_03_177,"`` We have realised the weak point of the way we are striking one by one , '' Sphamandla Makahanya said during an Anglo American Platinum ( Amplats ) strike rally at the Olympia Park Stadium .",0,1,3,train_03,1
train_04_31,Recently Congress activists had attacked a TDP member with axes and sickles .,0,1,3,train_04,1
train_07_62,"During the strike the facility , which houses nearly 2000 inmates , was run with limited staff .",0,0.5,2,train_07,1
train_03_218,He said in an address before the protests began that Hong Kong must not be used as a launchpad to challenge Beijing ’ s authority and any questioning of China ’ s sovereignty in the territory “ crosses a red line ” .,0,1,3,train_03,1
train_04_315,"However , Congress district president Pawan Dewan , a close aide of Ludhiana MP Manish Tewari , along with MLAs Rakesh Pandey and Surinder Dawar staged protest at the MC headquarters .",0,1,3,train_04,1
train_04_150,"In the charged atmosphere generated by the dangerous currents of domestic politics and media-induced panic , Prime Minister Manmohan Singh is finding himself under tremendous pressure to respond decisively to initial evidence that ‘ elements in Pakistan ’ were responsible for last week ’ s terrorist outrage in Mumbai .",0,0.666666667,3,train_04,1
train_06_287,It finally ended up in clashes between two communities .,0,1,2,train_06,1
train_09_B_158,"Soon after reports of Mr. Mony 's statement started appearing in the visual media , inferences were made that Mr. Mony was alluding to the killing of Ancheri Baby , Mullanchira Mathai and Muttukad Nanappan , all of them Congress workers , in the early eighties .",0,0.5,2,train_09,1
train_05_164,During service delivery protests three people died .,0,0.5,2,train_05,1
train_05_285,They instantly responded by shouting a firm “ no ” .,0,0.5,2,train_05,1
train_03_146,The police questioned Sanmugavel regarding the threat call to Nehru .,0,0.666666667,3,train_03,1
train_01_156,Soon a clash ensued between supporters of Pradhan and the rival group in which 17 persons were injured .,0,0.666666667,3,train_01,1
train_05_125,"The strike has hit those in the IT and ITES sectors hard , ” said association president N. K. Sultania .",0,0.5,2,train_05,1
train_06_123,"Around 1,500 PG students of Gandhi , Osmania and Kakatiya medical colleges are participating in the strike .",0,1,2,train_06,1
train_08_186,“ One room of the power station was blasted .,0,1,2,train_08,1
train_09_A_136,"After the blast , Maoists opened indiscriminate firing .",0,0.666666667,3,train_09,1
train_03_226,“ Chen has gone in the opposite direction with these military parades which are quite remarkable really … We saw similar-type events after the 2009 riots but here we are talking about in response to what was really a small knife attack in Hotan .,0,0.666666667,3,train_03,1
train_02_121,YSRC leader Kamineni Udaya Bhanu held a protest at Jaggaiahpeta .,0,0.666666667,3,train_02,1
train_02_118,"In Vijayawada , YSRC trade union leader P. Gowtham Reddy organised a relay hunger strike at Lenin Centre .",0,0.666666667,3,train_02,1
train_03_41,"The militant outfit in a release dated June 4 , which was circulated in the media today , claimed that the attack yesterday was a joint operation by it , Kanglei Yawol Kanna Lup and Kangleipak Communist Party .",0,1,3,train_03,1
train_09_B_126,"Meanwhile , another group of DMK men , who were accompanying a Member of Parliament , allegedly indulged in “ skirmishes ” at Sholandur in which one Narayanan of Pandamangalam was injured .",0,1,2,train_09,1
train_03_112,Houses of more than 100 workers have been vandalised .,0,1,3,train_03,1
train_09_B_88,"KERALA UDF whitewashing RSS violence : CPI(M) November 15 , 2007 00:00 IST Staff Reporter KANNUR : Communist Party of India ( Marxist ) State secretary Pinarayi Vijayan has accused the United Democratic Front ( UDF ) of whitewashing violence instigated by the Rashtriya Swayamsevak Sangh ( RSS ) in the State .",0,0.5,2,train_09,1
train_07_100,"Speaking to reporters , he said in the last one year , three state-level leaders—Aravinth Reddy , Murugan and Vellaiyan—have been murdered and the assailants were still at large .",0,0.5,2,train_07,1
train_07_96,Each of these attacks has been gruesome and brutal .,0,0.5,2,train_07,1
train_02_187,""" All three bridges were badly damaged , "" an official said .",0,1,3,train_02,1
train_06_242,"He said that the police have learnt that some notorious elements were present in the crowed , which turned violent .",0,0.5,2,train_06,1
train_03_0,"Hani , who was leader of the SACP and chief of staff of Umkhonto we Sizwe , the armed wing of the African National Congress ( ANC ) , was assassinated on 10 April 1993 .",0,1,3,train_03,1
train_08_320,Uttar Pradesh ’ s Director General of Police Javed Ahmed said that there was unprovoked firing from the members of an offshoot of the Jai Gurudev sect .,0,0.5,2,train_08,1
train_06_42,Northam Platinum 's management acknowledged receipt of a memorandum from striking mineworkers at its head office in Johannesburg on Tuesday .,0,0.5,2,train_06,1
train_02_255,"Afew social organisations chipped in by holding agitations , though not with ' India Against Corruption ' ( IAC ) in front of the PMC headquarters , but in their own areas on Thursday .",0,1,2,train_02,1
train_08_172,"The low-intensity explosion took place Sep 17 around 5.30 p.m. at the reception area of Jai Hospital , situated on a service lane of National Highway -2 , barely 2.5 km from the Taj Mahal , a declared terror target frequented by thousands of tourists -- domestic and foreign .",0,0.5,2,train_08,1
train_01_185,"She did not directly name Bhatta-Parsaul , the twin villages that have emerged as the epicentre of the agitation against land acquisition by the Uttar Pradesh government for an expressway project , but specifically mentioned the atrocities on farmers .",0,0.666666667,3,train_01,1
train_09_A_134,"Chhattisgarh Chief Minister Raman Singh strongly condemned the attack , describing it as most unfortunate and cowardly act of Maoists .",0,1,3,train_09,1
train_08_53,"A similar agitation was carried out Thamaraikulam , Vannankundu , Uppur , Puduvalasai and others .",0,1,2,train_08,1
train_09_B_94,"West Rand police dispersed a group of children who gathered in Khutsong on Tuesday afternoon , spokeswoman Senior Superintendent Mary Martins-Engelbrecht said .",0,1,2,train_09,1
train_02_87,He took up two whirlwind tours in the constituency .,0,0.666666667,3,train_02,1
train_03_207,"China ’ s president Xi Jinping , who had been in the former British colony on a three-day tour , flew out of Hong Kong just hours before the annual protest kicked off in Victoria Park on Saturday afternoon .",0,1,3,train_03,1
train_07_219,"As the general strike entered the 11 { + t } { + h } day on Friday , autorickshaw driver unions also announced a two-day-long bandh till Sunday midnight .",0,0.5,2,train_07,1
train_09_A_77,Maharashtra CM saw the goings-on with eyes open .,0,1,3,train_09,1
train_01_48,"About 70,000 workers were reported to be on strike .",0,0.666666667,3,train_01,1
train_09_B_15,Victim of labour unrest ?,0,1,2,train_09,1
train_04_202,"Beijing backs policy on minorities PUBLISHED : Thursday , 16 July , 2009 , 12:00am A senior government official said Beijing had no plan to alter its generally preferential policies toward ethnic minorities in the first official response to smouldering public discontent against the measures following the Xinjiang riot .",0,0.666666667,3,train_04,1
train_08_305,"Earlier Jagn ’ s mother and honorary president of YSRC Vijayamma was on a hunger strike for six days , before it was broken by the police .",0,1,2,train_08,1
train_03_93,"All along , the Civil Lines police station area remained the theatre of violence .",0,1,3,train_03,1
train_05_208,"Addressing the protest , senior BJP leader Murli Manohar Joshi said the struggle against FDI is not restricted to one section of society and it has become common people 's fight .",0,0.5,2,train_05,1
train_02_86,Mr. Kumaraswamy took part in road shows and other campaigning activities for three consecutive days .,0,0.666666667,3,train_02,1
train_09_A_140,""" When the security forces surrounded the house , they came under heavy gunfire from inside .",0,0.666666667,3,train_09,1
train_07_105,The incident was condemned by leaders across political parties including by Tamil Nadu Congress Committee president B S Gnanadesikan and PMK leader S Ramadoss .,0,0.5,2,train_07,1
train_03_281,"R. Subathra Devi , sub judge , presided over the human chain near the Government Arts College for Women .",0,1,3,train_03,1
train_02_299,Swords were waved menacingly and even pro-Khalistan slogans were raised .,0,1,3,train_02,1
train_03_257,"like Delhi , Agra , Bijnor , Kanpur and Bhopal attended it .",0,1,3,train_03,1
train_03_111,Our worker Pramod was killed .,0,1,3,train_03,1
train_09_B_139,"It had said that Shahzad , along with Junaid , had jumped off the balcony and fled after firing at the police team during the September 19 , 2008 encounter .",0,1,2,train_09,1
train_03_276,TDP leaders blocked the roads at various places in the Krishna district .,0,1,3,train_03,1
train_02_246,"Days after blasts , Patna to host another rally 30th October 2013 11:55 AM The Communist Party of India ( Marxist-Leninist ) is holding its rally here amid tight security Wednesday , barely three days after a string of explosions here left six dead and over 80 injured .",0,0.666666667,3,train_02,1
train_09_A_89,"The protest saw the participation of almost 1,700 differently-abled people and their supporters walking the length of Langs Garden Road , after which representatives from TARATDAC met the State Minister for Social Welfare , B Valarmathi , and put forth their demands .",0,0.666666667,3,train_09,1
train_09_A_21,"But farmers , along with leaders of political parties , staged a protest on the old National Highway between Hubli and Dharwad .",0,1,3,train_09,1
train_01_313,A godown nearby was also blown up by the rebels .,0,0.666666667,3,train_01,1
train_04_264,"New generation private banks such as HDFC and ICICI , however , functioned as their employees were not part of the strike .",0,0.666666667,3,train_04,1
train_06_138,"Parking contract has been given to some goons who were collecting high rates from students and patients , ” he claimed and warned of intensifying the agitation .",0,0.5,2,train_06,1
train_04_267,"Besides those of bank unions , State leaders of central trade unions such as CITU and AITUC addressed a joint rally called by UFBU at Patny , Secunderabad .",0,1,3,train_04,1
train_03_26,"Firing during Tuesday night and Wednesday morning indicated that the "" terrorists are still present inside "" , Brigadier General Staff ( BGS ) of 16 corps Brig Gurdeep Singh told reporters at a press conference near Pati Tar area where the operation is still on .",0,0.666666667,3,train_03,1
train_05_22,They were expected to march to the police provincial headquarters in Durban .,0,1,2,train_05,1
train_08_64,"The trio - Aadarsh Patil , Vilas Valake and Shrikirhna Shevale - was abducted from Basaguda village of Bijapur district on December 29 and freed on January 2 .",0,0.5,2,train_08,1
train_01_123,The Kishtwar area has been in focus ever since the Delhi High Court blast as the first of the e—mails claiming responsibility for the blast emanated from here .,0,0.666666667,3,train_01,1
train_05_234,Most unions did not support the strike .,0,1,2,train_05,1
train_05_20,"Popcru members carried placards which read : `` Away with level three salaries for 20 years , '' and `` Away with slavery packages '' .",0,1,2,train_05,1
train_01_160,Tohtunyaz helped them to acquire more than 10 knives used in the attack .,0,0.666666667,3,train_01,1
train_06_86,"Around 3,000 to 4,000 people were striking , he added .",0,1,2,train_06,1
train_03_286,"' This not only smacks of arrogance but also of some element of frustration . "" Sonia Gandhi at an election rally in Karnataka 's Bidar Wednesday had described Advani a "" slave of the Rashtriya Swayamsevak Sangh ( RSS ) "" .",0,1,3,train_03,1
