train_09_A_137,"In 2005 , approximately 200 armed naxals killed Suku Karma , brother of Mahendra , in Dantewada .",0,1,3,train_09,1
train_02_8,"Earlier , came news of the lynching of Dharam Dev Rai , 25 , in a local train in the early hours of Wednesday .",0,0.666666667,3,train_02,1
train_06_143,"In Cumbum near Theni , CPI activists held a day-long fast .",0,1,2,train_06,1
train_04_209,"It took a communal turn that had resulted in stone-pelting , arson and loot .",0,0.666666667,3,train_04,1
train_08_72,"K.H. Jituri , Raju Chugga , M.R. Patil , Anital Gunjal , Shakuntala Shetty and Asha Kulkarn were among those who participated in the demonstration .",0,0.5,2,train_08,1
train_08_233,"He followed ordinary protesters , including a teacher and a high school student , and captured frenzied clashes between police and demonstrators .",0,0.5,2,train_08,1
train_01_39,The protest march started at 7.30 p.m. but the police blocked it before it reached the venue .,0,1,3,train_01,1
train_01_3,"Tip asked Mathunjwa why he had not `` explicitly '' told armed , striking mineworkers to leave the hill where they had gathered and return to work .",0,1,3,train_01,1
train_06_233,Assistant Sub Inspector Bhaskaran was attacked by a mob of about 25 hartal supporters .,0,1,2,train_06,1
train_05_109,"Militants Explode Bomb on Rail Track in Assam 21st November 2015 05:22 PM TEZPUR : Militants exploded a bomb on the Rangya–Rangapara rail track near Merabil Garia village in Assam 's Udalguri district and planted another on the same railway track at Rowta , a police official said today .",0,1,2,train_05,1
train_09_B_9,"In Thanjavur , the students and staff , 19 in total , were going around the Sri Brahadeeswara Temple when a group owing allegiance to the Naam Tamizhar Katchi and Thamizh Desiya Podhuvudamai Katchi attacked Ven .",0,1,2,train_09,1
train_02_185,"Maoists damage three bridges in Bihar 09th October 2009 12:05 PM PATNA : Maoist guerrillas early Friday damaged three bridges in Bihar 's Aurangabad district with dynamites , police said .",0,0.666666667,3,train_02,1
train_04_118,"And the saffron party ’ s warning , asking Didi ‘ to set her house in order ’ , came at a massive rally staged as part of the ‘ awareness programme ’ , which will continue till July 6 , the death anniversary of Jan Sangh founder Shyama Prasad Mookherjee .",0,1,3,train_04,1
train_09_B_55,"He said after the Lok Sabha elections , it should be probed that who hatched the conspiracy of throwing ink , shoes , slapping Kejriwal in Delhi , Haryana , and BJP has never adopted such stunt since elections in 1952 .",0,1,2,train_09,1
train_03_94,"Investigations will reveal the involvement of other youths in Monday 's violence . """,0,1,3,train_03,1
train_07_214,"Wary of Sena , migrants get into a huddle MUMBAI , NOVEMBER 26 As many as 80 migrants from Bihar and Uttar Pradesh  shopkeepers to businessmen and politicians  huddled in a hastily-called meeting at Andheri on Tuesday .",0,0.5,2,train_07,1
train_02_194,"Protestors in Clashes With Police on Jammu-Pathankot NH During Eviction Drive 22nd February 2016 05:22 PM JAMMU : Clashes erupted on the Jammu-Pathankot national highway between police and protesters in Samba district of Jammu region on Monday , police said .",0,1,3,train_02,1
train_09_B_159,"Ancheri Baby was shot dead on November 13 , 1982 .",0,1,2,train_09,1
train_02_153,"Nokia Supplier 's Turn to Offer VRS ; 850 Staffers Strike Work 22nd June 2014 07:37 AM CHENNAI : The ripple effect of the drastic downsizing of Nokia ’ s Sriperumbudur plant was felt in another ancillary company , as BYD Electronics India Private Ltd announced a VRS offer for its 1,500 employees .",0,0.666666667,3,train_02,1
train_09_A_152,The posters have warned them against joining the police and army and threatened to take up such cases in the praja court .,0,1,3,train_09,1
train_07_146,"Wage increase now ' in English and Chinese , the group marched from Chater Road to the Central Government Offices .",0,0.5,2,train_07,1
train_04_27,"When Trinamool Congress rally arrived at the Crossing of AJC Bose Road and Allimuddin Street , the CPM state party headquarters , the Opposition party workers raised slogan like ‘ Bam Front Sarkar , Ar Nai Darkar ’ ( We do not want the Left Front Government anymore ) .",0,1,3,train_04,1
train_02_83,"Coinciding with the unrest in the board is the indefinite hunger strike launched by three employees Mahesh Ahire , Shriram Gavai and Balkrishna Gadekar whose regular promotions were denied and the former two were transferred to Nashik on the same post .",0,0.666666667,3,train_02,1
train_06_244,A majority of the employees and teachers unions supported the strike .,0,0.5,2,train_06,1
train_03_3,""" The situation is under control -- it is peaceful -- but there have been protests in some areas "" , Inspector General of Police ( IGP ) Jammu Zone , Rajesh Kumar told PTI .",0,1,3,train_03,1
train_07_36,"They seized it , took the film and beat me up .",0,1,2,train_07,1
train_06_90,KPCC president Ramesh Chennithala presided over the meeting .,0,1,2,train_06,1
train_05_277,"Reacting to the news , Hardik Patel , the face of Patel quota stir , called it "" failure "" of the government .",0,0.5,2,train_05,1
train_06_165,""" However , the cops posted at a nearby police outpost soon came to their rescue and brought the situation under control .",0,0.5,2,train_06,1
train_03_158,Hundreds of workers gathered at the stadium at 7.30am on Thursday continuing the second day of the NUM strike in windy and cloudy conditions .,0,1,3,train_03,1
train_07_289,"' What is worrying is the kind of unexpected confrontation between police and students outside the Government Headquarters this week , ' he said .",0,0.5,2,train_07,1
train_01_208,It was not immediately clear what triggered the strike .,0,0.666666667,3,train_01,1
train_03_81,"Speaking to journalists at the ANC Eastern Cape conference in Alice , he said he had been in contact with Mbeki and ANC KwaZulu-Natal chairman S'bu Ndebele about the incident , which occurred at the funeral of struggle veteran Moses Mabhida in Pietermaritzburg on Saturday .",0,1,3,train_03,1
train_01_18,`` I am going to argue your evidence that strikers at Marikana in August 2012 attacked the police should be kicked out .,0,1,3,train_01,1
train_05_7,"On Monday , residents blocked the N12 and set alight a municipal office , community hall , houses belonging to the mayor , two councillors and two officials , and several businesses .",0,1,2,train_05,1
train_04_158,The brutal murder of Daniel Pearl showed the ease with which a ‘ Kashmir-inspired ’ terrorist like Omar Saeed Sheikh could make the al - Qaeda ’ s agenda his own .,0,0.666666667,3,train_04,1
train_02_156,It ended only when the police removed all 850 workers from inside the plant on Saturday morning and detained them at two locations in Oragadam .,0,0.666666667,3,train_02,1
train_09_A_156,"Beginning his campaign at Chendipada , Naveen flew down to Kisinda in Rairakhol Assembly Constituency , after which he addressed a gathering at Tinkbir in Reamal and Karla in Barkote of Deogarh district .",0,1,3,train_09,1
train_02_291,The Occupy Central founders planned a sit-in of two or three days .,0,0.666666667,3,train_02,1
train_07_249,Sadtu members have been on a national go-slow since pupils returned from the Easter holiday .,0,0.5,2,train_07,1
train_05_4,""" We condemn the twin dastardly attacks .",0,1,2,train_05,1
train_05_207,"Leaders of BJP , CPI(M) and CPI were participating in ' Sankalp Diwas ' ( Resolution Day ) organised by ' Confederation of All India Traders ' .",0,0.5,2,train_05,1
train_06_281,"Curfew relaxed in violence-hit areas of Hyderabad - Indian Express Agencies , Agencies : Hyderabad , Sat Apr 03 2010 , 11:05 hrs Curfew was relaxed for two hours this morning in some violence-hit areas of the city which witnessed communal clashes last week .",0,0.5,2,train_06,1
train_04_240,May Day flags were hoisted by workers and union activists at various places in the city including some auto-rickshaw stands .,0,1,3,train_04,1
train_02_149,Ahmedabad : A mob stoned to death two men who were cycling through Dor Bazaar in Ahmedabad this morning .,0,0.666666667,3,train_02,1
train_08_61,"Party leaders G. Karthikeyan , M.M. Jacob , K. Sudhakaran , P.C. Chacko , K.C. Venugopal , M.K. Raghavan , Thalekunnil Basheer , M.I. Shanavas , M.A. Kuttappan and M.M. Hassan were among those present at the function .",0,1,2,train_08,1
train_01_4,`` It the protest was something which happened outside the labour structures .,0,1,3,train_01,1
train_05_88,"The protestors , however , split up into small groups and hid themselves on top of some houses in Nellikollai , Housing Board and Pudumannai areas and pelted stones indiscriminately at policemen .",0,0.5,2,train_05,1
train_03_229,"However , until the recent killings a period of relative calm appeared to have descended on the region .",0,1,3,train_03,1
train_01_166,"At least five more people will be tried over the attack , Xinhua has reported .",0,1,3,train_01,1
train_02_227,CITU district general secretary A. Raghunatha Reddy also participated .,0,1,3,train_02,1
train_03_197,"Meanwhile , in an isolated incident , the Naxalites blew up a telephone exchange in Perur village in Devarakadra mandal in Mahaboobnagar district in the early hours today .",0,1,3,train_03,1
train_01_176,"Foreign Secretary Shivshankar Menon , who discussed bilateral issues with his Pakistani counterpart Salman Bashir on the sidelines of the SAARC Foreign Secretaries meeting here , said that Islamabad would have to bring the perpetrators of the Mumbai attack to justice and give credible evidence of dismantling the terrorist infrastructure on the soil of Pakistan .",0,0.666666667,3,train_01,1
train_09_B_97,"Tuesday was marked by further protests and police had to disperse a group at least once , Martins-Engelbrecht said .",0,1,1,train_09,1
train_05_313,"The agitators staged ‘ rasto roko ' demonstrations at Veligonda , Nakrekal , Choutuppal and Bhongir towns in the district .",0,1,2,train_05,1
train_06_155,"Residents handed him a memorandum and were told to expect feedback after seven days , which never happened , Van der Linden said .",0,1,2,train_06,1
train_05_143,Other unions have continued their protest .,0,1,2,train_05,1
train_04_159,And the deliberate targeting of U.S. and British citizens and Jews in the Mumbai attacks should be a further reminder to Washington of the danger of allowing groups like LeT any breathing space .,0,1,3,train_04,1
train_08_49,Protests were held at various places in and around Srivilliputtur taluk .,0,1,2,train_08,1
train_01_67,ANDHRA PRADESH Constable and SI allege harassment by higher-up SEEKING JUSTICE : Reserve constable Sanyasi Sahu staging a dharna opposite the City Armed Reserve office in Visakhapatnam on Saturday .,0,0.666666667,3,train_01,1
train_09_A_82,"Aney , whose comments on separate Vidarbha had sparked a controversy , had said the flag of separate Vidarbha was being raised on May 1 from the last three years .",0,1,3,train_09,1
train_06_61,The unruly group of IFP members blockaded the entrance of a fishery firm at Dokodweni where Comrade Zuma was to address about 300 workers .,0,0.5,2,train_06,1
train_01_68,"April 09 , 2006 00:00 IST Senior officers reportedly trying to sort out issue VISAKHAPATNAM : The Police Stadium , which also houses the headquarters of the City Armed Reserve located , witnessed a rare incident of a constable and a Sub-Inspector staging a silent protest .",0,0.666666667,3,train_01,1
train_02_324,"Derby Lewis , who died in a Pretoria hospital aged 80 on Thursday , was the mastermind behind the assassination of anti-apartheid struggle hero Chris Hani .",0,1,3,train_02,1
train_02_229,The report said that a crowd of men shouted obscenities at the women and asked them to undress .,0,1,3,train_02,1
train_01_138,""" We have certainly reiterated our support and our commitment to India 's efforts to seek justice on behalf of the victims "" of the 26/11 attack , Assistant Secretary of State for South and Central Asian Affairs Nisha Desai Biswal told PTI when asked about the delay in bringing to justice the perpetrators of the 2008 terror attacks .",0,0.666666667,3,train_01,1
train_02_130,"One of them , a 24 - year-old , said : "" I hope this can be a good beginning for a dialogue between citizens and the government on major decisions . "" The rallies are seen as a sign of growing public awareness of environmental issues on the mainland and increasing courage in speaking out .",0,1,3,train_02,1
train_04_112,"Earlier , they staged a protest in front of the office of the Deputy Director of Sericulture here and took out a procession .",0,1,3,train_04,1
train_01_59,Divisional Commissioner ( Kashmir ) Baseer Khan said more than 900 people attacked an Army convoy at Ladoora Rafiabad in Baramulla district .,0,0.666666667,3,train_01,1
train_02_127,"It was the second demonstration in Kunming about the controversial project this month , after more than 1,000 protesters took part in a rally on May 4 .",0,0.666666667,3,train_02,1
train_02_104,"More than two weeks after three Dalit settlements , not far from Nayakankottai in this backward district in north-west Tamil Nadu , were attacked , the air is still thick with tension .",0,0.666666667,3,train_02,1
train_06_64,"What was interesting was that on the other side of the road , scores of residents were again ululating and chanting ANC ! !",0,0.5,2,train_06,1
train_03_86,"He said he told Ndebele that since this was a repeat of what happened when the prime minister of India was in the country , party officials should have followed those who were leaving the stadium and observed them .",0,1,3,train_03,1
train_02_61,Shiv Sena is backing their strike .,0,0.5,2,train_02,1
train_09_B_7,"THANJAVUR / TIRUCHI : Sri Lankan monk assaulted March 17 , 2013 00:00 IST Police escort him to airport and put him on flight to Chennai A Sri Lankan Buddhist monk , Pathberiye Gnanaloka Thero , was assaulted by members of Tamil outfits at Big Temple in Thanjavur on Saturday .",0,0.5,2,train_09,1
train_03_155,"`` Our attorneys have written a letter to the union expressing our concern at the violence at the site today ( Thursday ) , '' he said .",0,0.666666667,3,train_03,1
train_01_115,"That night , Doordarshan telecast news of protests .",0,1,3,train_01,1
train_03_136,He said the peaceful strike demanding a memorial for Chattambi Swami will continue till the government takes a decision on the issue .,0,0.666666667,3,train_03,1
train_01_142,"Referring to the terror attack in Punjab 's Gurdaspur district on July 27 , Biswal said the US has strongly condemned and expressed its concern over the attack .",0,1,3,train_01,1
train_01_218,"Protesters distributed protective gear such as face masks , in the event of clashes with police , who have used teargas on demonstrators .",0,0.666666667,3,train_01,1
train_01_66,"Meanwhile , a peace rally , taken out on behalf of the Sarvodaya movement from Chennai , reached Kamarajar district .",0,0.666666667,3,train_01,1
train_06_82,"He also recalled the incident when a ' pipe ' bomb , targeting BJP leader LK Advani who was on a tour then , was found and diffused in October 2011 near Madurai .",0,0.5,2,train_06,1
train_03_217,Hong Kong is not China. ” Xi Jinping was hundreds of kilometres away by the time Saturday ’ s protest began but he left demonstrators a clear message before his departure .,0,1,3,train_03,1
train_03_56,"Thackeray had promised to "" give a fitting reply "" to the NCP at Saturday 's rally and said he would now visit Pune - the Pawar family bastion March 7 , followed by a tour of Vidarbha starting March 16 .",0,1,3,train_03,1
train_06_132,The protest over housing started around 6am on Main Reef road .,0,1,2,train_06,1
train_02_144,"At an April 30 election rally in Khalilabad in Sant Kabir Nagar district of Uttar Pradesh , Azmi said : "" If any Muslim opposes the Samajwadi Party , have a DNA test done , he could be an RSS man .",0,0.666666667,3,train_02,1
train_09_A_15,He also said that the members of Aam Aadmi Party were staging an agitation when Louise Khurshid was attending an event .,0,1,3,train_09,1
train_05_50,The activists who shouted the slogan ‘ VSDP zindabad ’ advanced towards the Chief Minister when he began his address .,0,0.5,2,train_05,1
train_03_323,"“ Our students are smart enough to understand that exams are crucial and they ca n't boycott them every time , ” says B. Laxmaiah , OSD to Vice-Chancellor and who has dealt with students carefully at the peak of agitation as Dean of Students ' Welfare .",0,1,3,train_03,1
train_03_244,It found that the police were not suitably equipped to quell public disorder during the protest and had failed to devise a plan to regulate and monitor the protest .,0,1,3,train_03,1
train_02_234,Strike-related events in Marikana in August last year didn ’ t necessarily have an impact on the rise .,0,0.666666667,3,train_02,1
train_03_84,Mbeki continued with his speech during the chaos and it soon died down .,0,1,3,train_03,1
train_09_B_93,Earlier Mr. Vijayan visited the houses of slain CPI(M) workers M.K. Sudheer and Pavithran .,0,1,2,train_09,1
train_02_184,"Students under the banner of the Students Federation of India ( SFI ) , Kerala Students Union ( KSU ) , and Muslim Students Federation ( MSF ) expressed solidarity with the protesting students and teachers .",0,1,3,train_02,1
train_05_138,NLC strike to go on despite MK appeal 26th October 2010 06:13 PM CHENNAI : The 36 - day strike by contract workers of Neyveli Lignite Corp ( NLC ) is set to continue despite the request to resume work by Tamil Nadu Chief Minister M. Karunanidhi Tuesday .,0,0.5,2,train_05,1
train_03_49,"Urging the Commission to reveal names of people involved in the attacks , he said the protestors against the church attack were assaulted by police , youth were hunted and criminal cases were booked on them .",0,0.666666667,3,train_03,1
train_01_63,"Joshua Wong , the teenage activist who was one of the most recognisable faces of Hong Kong ’ s umbrella movement protests , has been found guilty of “ illegal assembly ” by a court in the former British colony .",0,0.666666667,3,train_01,1
train_09_B_96,"The remaining person in the group , arrested during protests at the Khutsong stadium on Sunday where Defence Minister and African National Congress chairman Mosiuoa Lekota was speaking , was not charged and was released .",0,1,2,train_09,1
train_03_189,Workers who did not participate in the strike would receive a once-off loyalty allowance of R2000 .,0,1,3,train_03,1
train_01_149,"The recruits , at Valluvar Kottam shouted slogans including , “ HCL lend us your ears , give us back our two years , ” while undertaking the day-long fast .",0,0.666666667,3,train_01,1
train_05_308,"According to reports around 4,000 -5,000 Telangana activists from the district participated in the march hoodwinking the police .",0,1,2,train_05,1
train_02_159,The incident is the latest of a series of developments that followed the reduction of production from Nokia ’ s Sriperumbudur plant .,0,0.666666667,3,train_02,1
train_06_272,"A group of 200 Maoists attacked the crowded railway station , and looted rifles and ammunition from the GRP armoury .",0,0.5,2,train_06,1
train_04_180,All this happened between 5 to 6 am .,0,1,3,train_04,1
train_04_172,He claimed that the protest was successful .,0,1,3,train_04,1
train_01_25,"Sonia Gandhi was speaking at a function after flagging off 12 new trains , along with Railway Minister Mamata Banerjee , through videoconferencing at Kanpur railway station .",0,1,3,train_01,1
train_03_79,"After showering flower petals in the sea to mark the World Oceans Day , the villagers and their children started the relay fast at Kooththenkuzhi .",0,0.666666667,3,train_03,1
train_02_304,"Bank strike enters second day , trading hit 07th August 2009 11:50 AM A bank employee pastes a bank strike pamphlet on the closed shutter of a bank in Siliguri .",0,0.666666667,3,train_02,1
train_09_B_100,"In the other agitation , residents of ward 19 highlighted the drinking water issues , lethargic garbage removal and poor maintenance of street lights .",0,0.5,2,train_09,1
train_02_1,"“ Instead of blocking traffic here , they should go to Bhubaneswar with their demand .",0,1,3,train_02,1
train_02_203,Members of the Goa Association for the Deaf also attended the candle light dharna .,0,1,3,train_02,1
train_06_220,I have spent many days in Admiralty during the protests and in the middle of the night there have been parents with their young daughters handing out apples to protesters .,0,0.5,2,train_06,1
train_04_58,"Sarkar , who represented Purnia assembly constituency , was gunned down at Subhash Nagar area of Purnia June 14 , 1998 .",0,1,3,train_04,1
train_03_118,"In the ensuing attack , the victim 's son attacked one of the assailants .",0,1,3,train_03,1
train_04_75,"The RTC bus stand , bus depot , Zilla Parishad chairman Rajesham Goud 's house and office , the Telegu Desam Party office , DCCB chairman 's house , MLA 's house , office of a vernacular newspaper and a cinema theatre were attacked .",0,0.666666667,3,train_04,1
train_08_195,District secretary Sankarapandian led the protest .,0,1,2,train_08,1
train_09_B_13,"“ We arrived in Thanjavur by train on Saturday morning and were taken on a field visit to Big Temple when the assault took place at around 9.30 a.m. Soon after , we were all put in two vehicles immediately and sent to Tiruchi , ” he said .",0,0.5,2,train_09,1
train_02_190,"' ' Two blasts were carried out by Maoists , near the front and back portion of the jail last night , ' ' said Narayanpur police sources .",0,0.666666667,3,train_02,1
train_07_178,"In Anantapur district , EVMs were damaged at eight polling stations while in Prakasam , the machines were damaged at six polling stations .",0,1,2,train_07,1
train_06_119,"Meanwhile , disruption of services in Osmania and Gandhi hospital continues and emergency services in Osmania General Hospital are boycotted by the PG students .",0,0.5,2,train_06,1
train_01_199,"Speaking to a TV news channel , Chief Minister Mamata Banerjee shrugged off the allegations that Trinamool cadres were behind the killing of the Congress workers .",0,1,3,train_01,1
train_02_74,"Thousands of people gathered at Jan 's home in Ajas later in the day , beating drums and shouting slogans  "" Teri jan , meri jan , Ahad Jan Ahad Jan "" .",0,0.666666667,3,train_02,1
train_01_132,Modiites are now reminding the Congress about the trips which Sonia and the Prime Minister made to Muzzafarnagar after 43 were killed in the worst-ever communal clashes in decades .,0,0.666666667,3,train_01,1
train_01_88,"At Kallukkodu , Muttathara , hartal supporters got a taste of their own medicine .",0,0.666666667,3,train_01,1
train_02_81,""" After reading the note , I just wanted to know if the attacker stopped after the slap or or there was some other kind of violence , "" Hazare explained .",0,0.666666667,3,train_02,1
train_09_B_50,Outside the court hall were nearly 100 advocates shouting slogans and hurling abuses against the judiciary and a few judicial officers .,0,0.5,2,train_09,1
train_07_248,"`` The protest is out of concern by Sadtu that our education in this country needs a lot of fixing , '' said Dlamini .",0,0.5,2,train_07,1
train_06_273,"April 10 : Naxals killed six persons belonging to the Sashastra People 's Morcha ( SSM ) , an outfit of surrendered Naxals , in Bihar .",0,1,2,train_06,1
train_08_10,The former Minister S.K. Kanta is leading the agitation .,0,1,2,train_08,1
train_03_263,"Agitation to be intensified 02nd April 2011 12:35 AM ALUVA : The ongoing agitation against the closure of study centres in the name of reformist leaders in Sree Sankaracharya Sanskrit University in Kalady will be intensified , said the office-bearers of the Confederation of Sanathana Dharma Suhruth Vedi here on Friday .",0,0.666666667,3,train_03,1
train_01_301,"Mon 23 Hungry Striker Four netizens enjoy a picnic in front of pro-Beijing group Justice Alliance convener Leticia Lee , who is on an “ indefinite ” hunger strike in front of the Central Government Offices .",0,0.666666667,3,train_01,1
train_01_298,The Muslim Youth Movement of South Africa on Tuesday pledged solidarity with the striking workers .,0,1,3,train_01,1
train_03_157,Metro police intervened and the fire was put out .,0,0.666666667,3,train_03,1
train_08_302,"Jagan Mohan Reddy 's health improves 02nd September 2013 07:57 AM Kadapa MP and YSR Congress chief YS Jagan Mohan Reddy , whose 7 - day long hunger strike was forcefully ended on Saturday is slowly recovering at the Nizam Institute of Medical Sciences ( NIMS ) here .",0,0.5,2,train_08,1
train_02_252,"Protesters blockaded the R104 with rocks , rubbish , and burning tyres on Wednesday .",0,1,3,train_02,1
train_06_62,ANC Deputy President Zuma and campaigners then proceeded to Sundumbili township at Mandeni where hundreds of teachers were holding a meeting .,0,0.5,2,train_06,1
train_03_55,It direct fallout was MNS ' retaliatory attacks on NCP offices in over a dozen parts of the state including Mumbai .,0,0.666666667,3,train_03,1
train_04_105,"B. Madhav , CPI(M) district secretary , said the assault on college students had been preceded by many other instances of moral policing and assault on people belonging to minority communities .",0,0.666666667,3,train_04,1
train_09_A_119,"Speaking to reporters here today , Inspector General of Police and the State Police official spokesperson AR Anuradha said that the police showed utmost restraint despite the provocation of anti-social elements involved in the incident .",0,1,3,train_09,1
train_07_135,North West premier Thandi Modise on Sunday condemned the burning of a tribal office and a municipal councillor 's house in Khunotswane village outside Zeerust .,0,0.5,2,train_07,1
train_05_60,Protesters had for hours been repeatedly striking reinforced glass walls with a metal trolley and poles as hundreds of others watched on .,0,1,2,train_05,1
train_09_B_110,"Four Lashkar-e-Taiba ( LeT ) militants held a woman hostage Friday morning in her house in Maidanpora village of Kupwara district in north Kashmir , 84 km from here .",0,1,2,train_09,1
train_09_B_146,"EFF supporters , wearing red t-shirts and berets , were singing : `` This is Malema , we will pray for him , we will kneel and pray for him .",0,1,2,train_09,1
train_03_306,"Marchers carried placards reading : `` We demand decent salary with omnibus '' , and `` We demand stability at the metro police . ''",0,1,3,train_03,1
train_08_84,"Hundreds of protesters remained , however , and continued to face off with the police late into the night , regrouping in the Yuen Long train station and along the main road .",0,0.5,2,train_08,1
train_04_7,"Students clash with police in Osmania university - Indian Express Agencies , Agencies : Hyderabad , Mon Feb 15 2010 , 14:34 hrs Over 10 security personnel and few media persons were injured on Monday in a fresh clash between students and security men in Osmania University in Hyderabad , the nerve-centre of separate Telangana agitation .",0,0.666666667,3,train_04,1
train_04_25,"Thousands of party supporters and several top leaders marching through Rajabazar , Sealdha , Moulali , Entally , Parkcircus and Ballygunj Phari .",0,1,3,train_04,1
train_06_206,This is the immediate lesson from the two major events involving Odisha MLA Jhina Hikaka and Sukma ( Bastar ) Collector Alex Paul Menon .,0,0.5,2,train_06,1
train_03_172,The trade union federation said the march by thousands of women to the Union Buildings in Pretoria in 1956 against pass books was a turning point in history .,0,1,3,train_03,1
train_03_228,"Those incidents included a street bombing in Urumqi , a knife attack on civilians at a train station in Kunming , and a car-bomb attack in Beijing ’ s Tiananmen Square .",0,1,3,train_03,1
train_04_138,"Actor and director Girish Karnad , flagged off the two-kilometre rally from the Mahatma Gandhi Statue on MG Road and said “ The time for everyone to act is now — especially the leadership .",0,1,3,train_04,1
train_03_231,The developments at the prestigious engineering institute also triggered politicking even as the state government assured that safety will be ensured for the students hailing from other states at the campus where CRPF has been deployed to instill a sense of security .,0,0.666666667,3,train_03,1
train_06_136,They shouted slogans against superintendent Dr Asok Kumar and RMO-I Dr BV Rao .,0,1,2,train_06,1
train_07_70,Hundreds of lawyers took on media persons at the court barring them from entering the premises and also threw stones and bottles on them .,0,0.5,2,train_07,1
train_06_187,I was threatened that I will also meet the fate of my daughter but Police did not provide any protection to us .,0,0.5,2,train_06,1
train_06_133,Mogale said protesters were burning tree trunks and tyres and throwing stones at vehicles .,0,0.5,2,train_06,1
train_05_37,Police were monitoring the march .,0,1,2,train_05,1
train_08_141,"K. Michael Raj , town secretary , led the demonstration .",0,1,2,train_08,1
train_05_222,"Earlier in the day , Mr. Nath flagged off a rally at Purasawalkam in which 300 students participated .",0,0.5,2,train_05,1
train_03_50,"The women , elderly persons and children were caned during the protests , but the Commission failed to understand the situation , he said , terming the Commission ’ s report as a bundle of contradictions .",0,0.666666667,3,train_03,1
train_09_A_63,"Shankar and his wife Kausalya , 19 , were attacked by a gang with deadly weapons , while they came out of a shop .",0,1,3,train_09,1
train_05_27,The march was intercepted at the Khairatabad Crossroads and the marchers were taken into preventive custody .,0,0.5,2,train_05,1
train_08_85,"In one episode that protesters and critics have begun comparing to the attack on passengers in Yuen Long last week , a special tactical unit rushed into the train station where protesters had gathered , some getting ready to go home .",0,0.5,2,train_08,1
train_02_72,"Abdul Ahad Jan , who was sitting in the VIP gallery before he flung the brown leather shoe , shouted "" we want freedom "" before securitymen took him away .",0,0.666666667,3,train_02,1
train_02_105,"In the town of Dharmapuri , about two dozen policemen stand guard at an agitation by the Viduthalai Chiruthaigal Katchi ( Liberation Panthers Party , or VCK ) and its president and MP , the fervent orator Thol Thirumavalavan .",0,0.666666667,3,train_02,1
train_05_233,"Datta Gule 's auto union , affiliated to the Maharashtra Navnirman Sena , also participated in the strike .",0,1,2,train_05,1
train_08_81,Others hurled rocks and bottles at the police .,0,1,2,train_08,1
train_04_210,Many shops were ransacked and public property was destroyed in the Jwalapur area .,0,1,3,train_04,1
train_06_316,Ex - Congress MP Ehasan Jafri was among those killed in the Gulberg Society riots .,0,1,2,train_06,1
train_07_92,This is the third assassination of a Tamil Nadu BJP leader in a sequence .,0,1,2,train_07,1
train_09_A_58,"NATIONAL Supreme Court won ’ t restrain Gujarat from acting on report September 27 , 2008 00:00 IST J. Venkatesan New Delhi : The Supreme Court on Friday refused to restrain the Gujarat government from circulating , publishing and acting on the Nanavati Commission report on the Godhra train carnage .",0,1,3,train_09,1
train_03_62,"Govt urged to take over Nellimarla jute mill 24th July 2009 03:08 AM HYDERABAD : Representatives of the Nellimarla Jute Mill Karmika Sangham , affiliated to IFTU , today urged Chief Minister YS Rajasekhara Reddy to intervene in resolving their problems and to put an end to the 10 - month-old strike involving about 5,000 jute mill workers at Nellimarla in Vizianagaram district .",0,0.666666667,3,train_03,1
train_08_27,"ANDHRA PRADESH Slum-dwellers protest January 10 , 2012 00:00 IST Hundreds of slum-dwellers laid siege to the Greater Visakhapatnam Municipal Corporation 's meeting hall .",0,1,2,train_08,1
train_07_154,"’ 93 blasts : SC to deliver verdict today 21st March 2013 07:54 AM Twenty years and a week after the serial blasts rocked Mumbai on March 12 , 1993 , the Supreme Court will be delivering its judgment in the case on Thursday .",0,0.5,2,train_07,1
train_05_193,"The Indian Government had yesterday assured the family members of African national Masunda Oliver , who was brutally killed in the national capital , that speedy trial would take place in the case and all the three accused would be prosecuted as per law of the land .",0,0.5,2,train_05,1
train_09_A_25,Venkatachalam said the strike has been a success across the country .,0,1,3,train_09,1
train_06_306,Reports reaching from Bastar said Naxalites had erected effigies of Union Home Minister P Chidambaram and the Chhattisgarh Chief Minister on the roads in remote areas close to Narayanpur-Orchcha roads .,0,0.5,2,train_06,1
train_09_B_52,"Soon , the huge posse of advocates started raising defamatory slogans against a few judges .",0,1,2,train_09,1
train_08_157,"While the protesters claimed that 78 % of the employees responded to the strike called by the Kerala Secretariat Association and the Kerala Secretariat Employees Sangh , the government pegged the turnout at 56 % .",0,0.5,2,train_08,1
train_08_260,"They carried a cardboard coffin with Transport Minister Jeff Radebe 's name on it , and chanted slogans .",0,1,2,train_08,1
train_09_B_143,"PPSS has sought cooperation of the villagers , political parties and anti-land displacement leaders in their agitation against Posco .",0,0.5,2,train_09,1
train_09_A_48,"KARNATAKA Traders against plan to amend APMC Act January 06 , 2007 00:00 IST REST : A farmer takes a nap on a cotton bale at the APMC yard , in Hubli on Friday as the APMC traders across the State observe bandh .",0,0.666666667,3,train_09,1
train_07_161,The striking VRAs called on Kavitha at Telangana Bhavan here on Thursday and poured out their grievances before her .,0,0.5,2,train_07,1
train_04_122,"Back in January , when Kanhaiya addressed the protesting students from a dais near Velivada in the Shopping Complex area of the university , a few students knew his identity .",0,1,3,train_04,1
train_04_0,"Eventually , students of the campus and constituent colleges boycotted the exams while affiliated college students wrote the exams but in lesser numbers .",0,1,3,train_04,1
train_02_119,"Jaganmohan Reddy is fighting for the people ’ s cause but the State government appears to have compromised with the Centre over the issue , ” Mr. Gowtham Reddy said while addressing the gathering .",0,0.666666667,3,train_02,1
train_04_70,They beat up passersby and damaged state Road Transport Corporation buses .,0,0.666666667,3,train_04,1
train_08_29,"They were responsible for a series of explosions in Soweto , at Grand Central Airport in Midrand and at a bridge in Port Edward , in KwaZulu-Natal .",0,0.5,2,train_08,1
train_01_62,"“ The youth was killed at a protest against the Army ’ s action halting the vehicles , ” alleged Mohammad Yasin Khan , head of a traders ’ body .",0,0.666666667,3,train_01,1
train_03_153,Members of several Self Help Groups ( SHGs ) reached the town sporting placards and raising slogans .,0,1,3,train_03,1
train_09_A_45,"At first , an apparently composed Zuma had insisted that he was not upset by the incident at the Congress of South African Trade Unions event in Bloemfontein on Monday , saying : `` You people do n't really understand what democracy is .",0,1,3,train_09,1
train_02_48,Three houses were torched as well as maize fields .,0,0.666666667,3,train_02,1
train_01_141,Biswal underlined that the US on its part had offered rewards for information leading to the arrest and prosecution of individuals associated with the Mumbai attack .,0,0.666666667,3,train_01,1
train_07_81,"Abducted TDP Leaders Released by Maoists 16th October 2015 04:10 AM VISAKHAPATNAM : Three TDP leaders who were kidnapped by the Maoists on October 5 , have been released safely in the agency area of Visakhapatnam district in the wee hours of Thursday .",0,0.5,2,train_07,1
train_05_221,"`` Mabopane residents have started looting foreign owned shops and other stores including PEP and Barnetts , '' journalist Tshepiso Moche ? tweeted .",0,1,2,train_05,1
train_06_186,"The leader 's henchmen offered him a "" settlement "" but when he approached the state Lok Ayukta with a complaint of corruption , they attacked him and his wife .",0,0.5,2,train_06,1
train_02_195,Police said irate protesters set ablaze an earth-mover machine of the Jammu Development Authority ( JDA ) at Sarore on the Jammu-Pathankot national highway when JDA authorities went there to evict illegal occupants of JDA land .,0,0.666666667,3,train_02,1
train_04_26,"While Mamata Banerjee participated in her padayatra , her arch political rival and West Bengal Chief Minister Buddhadeb Bhattacharjee confined himself with an interactive session with the students on a college campus in Garia , Southern part of the city to get their support .",0,0.666666667,3,train_04,1
train_09_B_66,"In the evening , Youth Congress activists led by their president Vijaypal Singh Dimpy , carried out a Sadbhavna rally , which started from the Sector 19 Church and ended at Sector 23 Sanatan Dharam Mandir .",0,1,2,train_09,1
train_06_73,"The MLAs , along with a large number of party supporters , raised slogans against the government and condemned the attack on the woman MLA .",0,0.5,2,train_06,1
train_09_A_101,"KRISHNAGIRI : Awareness rally taken out March 18 , 2015 00:00 IST Stress on water harvesting , conservation and sanitation Drinking water security , conservation of potable water resources and water harvesting were the themes to ponder upon on the occasion of the National Rural Drinking Water and Sanitation Awareness Week , being observed under the aegis of the Tamil Nadu Water Supply and Drainage Board here .",0,1,3,train_09,1
train_01_193,At the end of the rally they submitted a memorandum to Revenue Divisional Officer V. Bupathi .,0,1,3,train_01,1
train_09_A_34,We learned that the miscreants vandalized the ticket windows of both these theatres .,0,1,3,train_09,1
train_05_11,"Delivering the valedictory address of the 119th Maramon Convention at Maramon near Kozhenchery here on Sunday , Joseph Mar Thoma said the people who are participating in the agitation against the airport are actually natives of distant places , including Malabar and Thiruvananthapuram .",0,0.5,2,train_05,1
train_06_215,"In July , ANC councillor Wandile Mkhize was shot dead in a drive-by shooting near his home in Manaba , Margate .",0,1,2,train_06,1
train_02_258,He was part of the IAC signature campaign in Pune earlier in the week .,0,0.666666667,3,train_02,1
train_01_201,But Congress MP and Union minister from Murshidabad Adhir Chowdhury blamed the Trinamool for the violence .,0,1,3,train_01,1
train_02_198,Reports from the area said agitated protestors had blocked the highway and security personnel were trying to pacify them .,0,0.666666667,3,train_02,1
train_05_8,"By Tuesday , the protest had spilled over to Coverdale in Christiana where a community hall was torched .",0,0.5,2,train_05,1
train_02_272,About 15 cars were burnt and seven damaged by the angry protesters .,0,0.666666667,3,train_02,1
train_01_99,"Sivaji Terminus in Mumbai firing indiscriminately with an AK -47 on 26/11 , while a brave constable tried to return fire with a .303 rifle is still green .",0,0.666666667,3,train_01,1
train_04_176,Shinde and the Congress President were briefed about the sequence of terror attack in the temple town by the Bodh Gaya Temple Management Committee ( BTMC ) member secretary N. Dorje .,0,1,3,train_04,1
train_09_A_18,"Yadav alleged that twenty odd Congress workers suddenly arrived there and started beating up the agitators , who include some disabled persons too .",0,1,3,train_09,1
train_05_110,"The blast occurred on the railway track last night about eight km south of Mazbat damaging a reinforced concrete cement ( RCC ) line sleeper , IGP L R Bishnoi said .",0,1,2,train_05,1
train_09_A_27,"Hence , the strike was forced on us , ” he added .",0,1,3,train_09,1
train_09_A_103,"Slogans Students and members of self-help groups , who participated in the rally , carried placards with slogans highlighting drinking water and associated sanitation , water conservation through judicious use , water harvesting and prevention of wastage from pipelines and taps , consumption of clean drinking water , personal hygiene and hand-wash , toilets in each home , and ‘ no ’ to open defecation .",0,1,2,train_09,1
train_04_321,On the same night a group of caste Hindus allegedly damaged the electricity metre and other equipment in a common bathroom provided for Arunthathiyars outside the village .,0,1,3,train_04,1
train_03_115,“ This has happened across the state .,0,1,3,train_03,1
train_04_288,"No threats have been experienced or received during the demonstrations , '' said provincial correctional services spokesman Eddie Johnson .",0,1,3,train_04,1
train_08_129,"Earlier , the PRP president flagged off a rally by differently abled persons at Oriental College .",0,0.5,2,train_08,1
train_03_139,Protestors and activists of Janmasthana Samrakshana Samithy alleged that the idol was destroyed as directed by Sandhya .,0,1,3,train_03,1
train_04_305,"The march , heavily guarded by security forces was led by militant turned politician Javid Ahmad Shah , MLC .",0,1,3,train_04,1
train_09_B_59,"HYDERABAD : BJP leaders court arrest during bandh May 01 , 2012 00:00 IST It was private moneylender Srinivas alias Salman Srinu , one of the two alleged masterminds behind the temple desecration in Madannapet , who purchased the blue paint which was sprinkled on the temple wall , the police said .",0,1,2,train_09,1
train_01_221,"Thousands of civil servants , medical workers and staff from the city ’ s finance sector rallied on Thursday and Friday , while further protests were planned through the weekend .",0,0.666666667,3,train_01,1
train_06_254,"The BJP Doctors ' Cell had organised a mock brain surgery of a person named M S Singh , whose residential address was mentioned as PM House , Delhi in the BJP protest literature on Tuesday .",0,0.5,2,train_06,1
