train_03_297,Mr. Patil and others insisted that Deputy Commissioner Pankaj Kumar Pandey arrive at the scene of protest to receive the memorandum from them .,1,0.666666667,3,train_03,0
train_08_82,Demonstrators dismantled roadside barriers and built makeshift barricades between them and the police .,1,0.5,2,train_08,0
train_04_97,"Kaur had received injury while she was being arrested , on Wednesday , after the BJP-SAD councillors had staged the dharna in front of the office of the Advisor protesting against his failure to stop the elections to various MC committees .",1,0.666666667,3,train_04,0
train_04_221,The party was protesting the arrest of its president N. Chandrababu Naidu and other leaders by Maharashtra police when they tried to visit Babli project .,1,0.666666667,3,train_04,0
train_09_B_84,"| Photo Credit : — Photo : PTI / Vijay Verma Staff Reporter He was wanted in connection with the murder of BSP MLA NEW DELHI : Atiq Ahmed , expelled Samajwadi Party MP who was wanted by the Uttar Pradesh police in connection with some criminal cases including the murder of Bahujan Samaj Party MLA Raju Pal in 2005 , was arrested at Pitampura here on Thursday .",1,1,2,train_09,0
train_04_82,KSRTC-operated Volvo Buses Keep Off City Roads 20th April 2014 10:15 AM Eighty per cent of KSRTC-operated Volvo buses kept off the roads on Saturday as part of a protest call by the CITU-affiliated Kerala State Road Transport Employees Association ( KSRTEA ) here .,1,1,3,train_04,0
train_05_317,"April 4 , 2010 : Maoists detonate powerful landmine and blow up police bus in Koraput district , Orissa , killing around 10 Special Operations Group personnel and injuring 16 .",1,1,2,train_05,0
train_02_157,"According to A Gokila , one of the employees , the union had initiated the sit-in protest demanding that company authorities take the number of years of service of the employees and provide them with a severance payment of Rs .",1,1,3,train_02,0
train_08_254,"In case the government does not change its stand , we will further intensify our stir .",1,1,2,train_08,0
train_02_154,The announcement resulted in an all-night sit-in protest by 850 workers that ended only with the intervention of the police on Saturday morning .,1,1,3,train_02,0
train_05_120,"For a change , most of them had to jostle like other office-goers commuting in packed RTC buses and local trains , while some brought out their personal vehicles on the roads with an estimated 30,000 taxis and other vehicles , all with yellow registration plates , going off the road .",1,1,2,train_05,0
train_02_96,"The enthusiastic plans of the freedom fighters , satyagrahis , revolutionaries and soldiers for grand celebrations began to ebb right after the Mumbai attacks , with Subhash Chandra Bose and Bhagat Singh leading the agitation to boycott the celebrations .",1,1,3,train_02,0
train_05_144,Protesting lawyers paralyse Bangalore 18th January 2012 03:14 AM BANGALORE : Traffic on major roads of Bangalore was paralysed for close to seven hours on Tuesday as advocates held a protest at the Mysore Bank Circle demanding suspension of a police constable for allegedly beating up a fellow advocate .,1,1,2,train_05,0
train_03_13,"About 20 volunteers dressed in period British military uniforms have been gathering on the streets of the city over the past month to mark the 75th anniversary of Black Christmas , when in 1941 British forces in Hong Kong surrendered to the Japanese , the first ever for a Crown colony .",1,1,3,train_03,0
train_08_48,"At Virudhunagar , the peravai ’ s district president , K.G.N. Kanagarathinam , who led the protest , flayed the successive State governments which promised to allow toddy tapping before elections and reversed their decision after coming to power .",1,1,2,train_08,0
train_09_B_68,"COIMBATORE : Idol damaged : shops closed April 13 , 2013 00:00 IST Police step up security Several hundred shops in Podanur , Sundarapuram , Kuniamuthur , Kovaipudur , Milekal , Machampalayam , Idayarpalayam , Kulathupalayam and Sungapuram areas remained closed on Friday in protest against the damage caused to an idol at a temple on Monday .",1,1,2,train_09,0
train_08_77,"They marched to the mass transit station where masked men in white T-shirts had chased and beaten passengers the previous Sunday , leaving 45 hospitalised .",1,1,2,train_08,0
train_02_124,"Hundreds join second protest in Kunming over oil refinery Protesters in Kunming defy warnings by police , but disperse after question and answer session PUBLISHED : Friday , 17 May , 2013 , 12:00am Kunming mayor stays true to his promise and opens microblog account 29 Aug 2013 Hundreds defied police orders and took to the streets of Yunnan 's provincial capital Kunming yesterday to protest against an oil refinery project .",1,1,3,train_02,0
train_04_283,"Equipped with petrol , Devinder Singh ( Sangrur ) , Kanwaldeep Singh ( Amritsar ) , Kuldeep Singh ( Muktsar ) , Gurwinder Singh ( Amritsar ) , Gurmeet Singh ( Moga ) , Kabal Singh ( Tarn Taran ) , Rajwant Singh , Sukhraj Singh ( Tarn Taran ) , Varinderpal and Chamkaur Singh ( Gurdaspur ) threatened to self-immolate if the state government did not issue formal orders to regularise their services .",1,1,3,train_04,0
train_08_54,"Sivaganga In Sivaganga district , 313 persons were arrested while they attempted to stage similar kind of protest at Ilayankudi and Devakottai .",1,1,2,train_08,0
train_01_197,"There were reports of skirmishes and clashes , including stone pelting , in the area in which two policemen were injured .",1,0.666666667,3,train_01,0
train_02_114,The students at the university of the North West had been protesting against a proposed increase in tuition fees and the merger of higher education institutions .,1,1,3,train_02,0
train_06_301,The 30 students continued their hunger strike for the withdrawal of suspension of eight student doctors .,1,1,2,train_06,0
train_03_191,"`` Prolonged strikes may lead to the company closing down , '' he said after a Congress of SA Trade Unions rally in Rustenburg .",1,0.666666667,3,train_03,0
train_05_154,"`` Under ANC president Jacob Zuma 's leadership , South Africa has become a banana state , '' he told DA supporters at a rally for jobs at the Ellis Park indoor arena in Johannesburg .",1,0.5,2,train_05,0
train_01_42,"If it does , when you ’ re confronting an enemy that beheads people and wants to put nuclear bombs in our subways , then waterboarding is well within the rules. ” Trump faced a backlash in March when he referred to the 1989 Tiananmen Square protests as a “ riot ” .",1,0.666666667,3,train_01,0
train_02_210,Police statistics say 16 extremists died in 18 exchanges of fire in just the six weeks from 14 December 2004 .,1,1,3,train_02,0
train_06_167,Haryana had been on the boil for nearly a fortnight last month as protesters agitating for reservation to the Jat community in government jobs went on rampage and blocked road and rail routes at several places .,1,1,2,train_06,0
train_09_A_8,Police used mild force to disperse a group of advocates who had gathered at Favvara circle to show black flags to the Prime Minister in his way back to the Ghughra helipad .,1,0.666666667,3,train_09,0
train_06_36,"In retaliation , the police fired a few rounds in the air which finally capped the clashes .",1,1,2,train_06,0
train_01_226,On online forums there were claims that police decided to allow the previously banned protest in Mongkok in order to surround demonstrators and arrest them en masse .,1,0.666666667,3,train_01,0
train_05_118,Yousuf Staff Reporter Forced to look for alternative transport due to cab operators ’ strike ; autorickshaws too join stir today HYDERABAD : It was an altogether different day for employees working in the IT and BPO companies on Thursday .,1,1,2,train_05,0
train_05_51,Outside court his supporters were protesting calling for the court to released him together with all charged with him .,1,1,2,train_05,0
train_08_40,"TDP district president Karanam Balaramakrishna Murthi , who went to the village along with the team , blamed the police for remaining mute spectators to the one-hour ‘ sordid drama .",1,1,2,train_08,0
train_01_234,"Leaders of the CPI-M , CPI , TDP and the frontal units , addressing the rally , lashed out at the Central and State governments for doing nothing except chanting ‘ Indira , Rajiv and Sonia ’ mantra , grossly sideling the National Common Minimum Programme .",1,1,3,train_01,0
train_03_182,"ANDHRA PRADESH ` Delay ' in compensation : ryots lay siege to MRO office March 14 , 2006 00:00 IST Staff Reporter Telugu Desam , CPI(M) leaders lead the protest VIJAYAWADA : Betel nut farmers from Garikaparru and Thotlavalluru villages under Thotlavalluru mandal laid siege to the Mandal Revenue Office on Monday .",1,0.666666667,3,train_03,0
train_07_6,"KARIMNAGAR : TDP rasta roko against fuel price hike June 28 , 2010 00:00 IST The TDP district unit leaders staged a rasta roko in front of the RTC bus station complex here on Sunday in protest against the fuel price hike .",1,1,2,train_07,0
train_02_42,"Maruti 's Manesar plant closed for 2nd day - Indian Express Agencies , Agencies : Manesar , Fri Jul 20 2012 , 11:11 hrs Maruti Suzuki India Friday said its plant was remain closed for the second day after the violence on Wednesday in which one senior company official was killed .",1,1,3,train_02,0
train_06_25,"Without naming Railway Minister Mamata Banerjee , who recently organised a controversial rally in Lalgarh , Mr. Agarwal wanted to know whether the government would take action against “ influential ” people who were openly supporting the Maoists .",1,1,2,train_06,0
train_03_141,The police said the two factions got engaged in the fight following a wordy duel over some poll issues .,1,0.666666667,3,train_03,0
train_02_311,"Stiff Protest Against Ulfa for Targeting Hindi-speakers 20th July 2015 03:05 AM GUWAHATI : In the aftermath of the murder of two Hindi-speaking persons last week by the Paresh Baruah faction of the banned United Liberation Front of Assam ( Ulfa ) , which also threatened to target the community in the coming days , people took out a march here on Sunday to demonstrate their anger against the outfit .",1,1,3,train_02,0
train_03_260,"The IEC in the Eastern Cape has overcome road blocks , intimidation and missing ballot papers for its 4165 voting stations to be running smoothly , it said on Wednesday .",1,0.666666667,3,train_03,0
train_09_A_67,Some people pelted stones at a few shops in Komaralingam in the morning when the shop owners did not down the shutters as mark of respect to Shankar .,1,0.666666667,3,train_09,0
train_04_224,"During the recent country-wide bandh called by all the Opposition parties in protest against the fuel price hikes , most firms asked their staff to work from home .",1,0.666666667,3,train_04,0
train_08_204,Senior police officers went to the spot as there was considerable tension in the area following the murder .,1,1,2,train_08,0
train_08_5,PTI Guwahati Police Commissioner Mukesh Aggarwal said that the anti-talk faction of ULFA may be behind the attack .,1,0.5,2,train_08,0
train_01_303,Fri 27 Fire Walking A 59 - year-old “ barefoot doctor ” is sentenced to four months in jail for attempted arson .,1,1,3,train_01,0
train_04_14,The employees first protested within the factory premises alleging delayed response of the management in shifting one of the workers to the hospital for treatment after he had tried to commit suicide .,1,0.666666667,3,train_04,0
train_01_57,"SRINAGAR : One killed , 100 injured in Valley September 01 , 2016 00:00 IST As curfew was lifted from all 10 districts , violence singed the Kashmir Valley on Wednesday , leaving a civilian dead and over 100 injured .",1,1,3,train_01,0
train_07_68,Bangalore courts to remain shut today 03rd March 2012 08:32 AM Police personnels control the situation after a clash between the lawyers and media in the Civil court premises in Bangalore on Friday .,1,1,2,train_07,0
train_08_118,"A police officer patrolling the area told this newspaper that there was considerable confusion in the police force , because the cops did n't know whom to check at a time when the ministers were being targetted by their own partymen .",1,1,2,train_08,0
train_02_9,Angry BJP workers staged road blockade at Jogiapalli for around three hours to protest against this police action .,1,1,3,train_02,0
train_03_61,"`` Workers have realised that they are not going to get anything for nothing , '' he said of the strikes that brought farming activity to a standstill in fruit-growing regions of the province in recent months .",1,0.666666667,3,train_03,0
train_09_B_128,Batla House shootout : Shahzad Ahmed convicted for cop 's murder 25th July 2013 03:24 PM Lone suspected Indian Mujahideen operative Shahzad Ahmad was on Thursday convicted in the 2008 Batla House encounter case by a Delhi court for murdering a police inspector and assaulting other officers .,1,1,2,train_09,0
train_07_237,"NALGONDA : Condition of fasting IPC students worsens August 07 , 2014 00:00 IST MGU agrees to arrange a meeting of students with In-Charge Vice-Chancellor The condition of IPC students , Mahatma Gandhi University ( MGU ) , is fast deteriorating with their hunger strike entering the third day on Wednesday .",1,1,2,train_07,0
train_05_287,"DAVANGERE : CPI protests against price rise in Davangere December 01 , 2010 00:00 IST A large number of CPI activists took out a procession in protest against the Centre 's failure to contain prices of essential commodities and also against the land scams reported in the State .",1,1,2,train_05,0
train_06_52,— | Photo Credit : Photo : Vipin Chandran Staff Reporter KSRTC operates 64 additional services KOCHI : Private buses kept off the road on the first day of the indefinite strike called by trade unions demanding fair wages fixed by the State government .,1,1,2,train_06,0
train_02_179,"MALAPPURAM : School athletic meet disrupted again November 15 , 2014 00:00 IST Physical education students and teachers stage protest The District School Athletic Meet was disrupted for the second time when it began at Calicut University grounds on Friday .",1,1,2,train_02,0
train_08_249,"Earlier in the day , the hotel premises saw party workers waving Trinamool flags and shouting slogans demanding justice from the management .",1,1,2,train_08,0
train_06_194,"Five people died on the spot in the second blast and over 50 were injured , several critically .",1,0.5,2,train_06,0
train_09_B_131,"The court found Shahzad guilty of murder , attempt to murder , obstructing and assaulting public servants and grievously injuring the police officers to deter them from performing their duty .",1,1,2,train_09,0
train_04_254,Striking mine workers at Impala Platinum ( Implats ) mine near Rustenburg braved the hot morning sun on Tuesday to wait for ANC Youth League president Julius Malema .,1,0.666666667,3,train_04,0
train_01_61,"But the locals said clashes between the residents and the Army started in the morning when the latter stopped the movement of fruit trucks in Rafiabad and Sopore , asking the drivers to ply only during the shutdown period .",1,1,3,train_01,0
train_04_225,"OU counselling Osmania University has rescheduled the counselling for the postgraduate courses , which was to start on Monday , due to the TDP bandh .",1,1,3,train_04,0
train_05_155,"Central universities teachers on two-day strike - Indian Express Express News Service , Express News Service : New Delhi , Fri Jan 29 2010 , 00:48 hrs Faculty of 35 central universities began a two-day strike on Thursday , demanding changes in the regulation on service conditions which seeks to link their promotion to output .",1,1,2,train_05,0
train_01_261,"Two labourers killed , workers stir at BALCO Raipur , june 3 Tension gripped BALCOs Korba plant and work was disrupted after two labourers were killed inside the plant .",1,1,3,train_01,0
train_02_321,"People have been forced to come out on the streets to protest the conspiracy to dislodge my government , "" said Modi while demanding that she should be recalled .",1,0.666666667,3,train_02,0
train_02_53,"Eleven residents of Kgotsong in the eastern Free State were arrested on Monday after going on a rampage during a protest over service delivery , police said .",1,1,3,train_02,0
train_06_223,"Junior doctors on strike in SCB , service crippled 28th June 2013 12:07 PM The SCB Medical College and Hospital has plunged into a major crisis with the junior doctors turning against senior faculty and college authorities following the arrest of their counterpart for alleged use of force on a journalist recently .",1,1,2,train_06,0
train_03_109,The CPM workers too came out of the building to confront the protesters and a minor scuffle ensued .,1,1,3,train_03,0
train_05_17,"While the Congress members walked out in protest , the BJP members continued the dharna in the Well till the House was adjourned for the day after the presentation of the Budget .",1,0.5,2,train_05,0
train_06_21,Similar banners were also found between Sunki and Ampavalli where Maoists also blocked road by felling trees .,1,1,2,train_06,0
train_06_84,"Up to 4,000 mineworkers staged a sit-in strike at an Anglo American Platinum mine in South Africa 's restive platinum belt Friday over the suspension of four leaders , a union representative told AFP .",1,1,2,train_06,0
train_03_127,"Shettar assured the House that he would take action against the erring officials following which the opposition , including JDS members , withdrew the dharna .",1,1,3,train_03,0
train_09_A_91,"As news of the custodial death of Kazi Nasiruddin spread , thousands of locals , mostly Trinamool cadres , attacked the police station at dawn today , prompting the police to lob tear gas shells and lathicharge to quell the mob .",1,1,3,train_09,0
train_08_132,"But in spite of its controversial nature , the CSAT was not removed until April 2015 , and that too after massive protests , ” said Anupama Karthik , an aspirant from Hyderabad .",1,1,2,train_08,0
train_02_316,"The BJP is seen on a strong footing in the state with the Congress unable to throw up an alternative to Modi , who is seen as a clean and hard working leader by his supporters even as his opponents claim that he should be prosecuted for the 2002 Gujarat riots .",1,0.666666667,3,train_02,0
train_08_279,"The bus stop walls were soon covered with posters , many of them exhorting people to "" continue the struggle against patriarchy so that every woman can live a life free of violence "" .",1,1,2,train_08,0
train_01_136,"Led by A Sagayamadha , an office-bearer of the All India Farm Workers Association , the villagers , including a large number of women from the panchayat comprising six villages , staged the protest urging the district administration to immediately disconnect the illegal water connections and ensure uninterrupted water supply to them .",1,1,3,train_01,0
train_07_170,"We must say that we were shocked and scared that 20 years into democracy when black children march for their right to education , they can be stopped by violent police , intimidated and told that they are disrupting business in town .",1,1,2,train_07,0
train_03_122,"KRISHNAGIRI / DHARMAPURI : Water supply disrupted , villagers block road September 04 , 2014 00:00 IST Officials promise to supply water in tankers Women took to streets carrying pots in protest against erratic supply of drinking water at Kelamagalam in Udhanapalli on Wednesday .",1,0.666666667,3,train_03,0
train_03_230,"Tension on ; Outstation Students Seek Shifting Out of NIT 07th April 2016 12:37 AM Students of Jammu University shout slogans during a protest rally against the police action on non-Kashmiri students in NIT Srinagar in Jammu | PTI SRINAGAR : Tension prevailed at NIT here with outstation students today making a slew of demands , including shifting the institute out of Kashmir and action against the policemen involved in lathicharge yesterday , as an HRD team rushed here from Delhi to resolve the crisis being witnessed since last six days .",1,1,3,train_03,0
train_01_7,Lt-Col Andre Traut said the teenager laid the complaint at the Robertson police station following a farmworkers ' protest in the area .,1,1,3,train_01,0
train_07_48,"Police use tear gas to control communal clash at Mirzapur - Indian Express Express News Service , Express News Service : Ahmedabad , Tue Sep 15 2009 , 01:09 hrs The city police had to resort to tear gas shelling after a communal violence broke out near St Xavier 's High School in the Mirzapur area of Ahmedabad late on Sunday .",1,1,2,train_07,0
train_06_99,Service delivery protests turned violent over the weekend with sections of the N14 being blockaded .,1,1,2,train_06,0
train_08_178,"Flag marches by the army , that was called in by the civil administration , was continuing across the violence-hit district for area domination and to instill confidence among the people , officials said .",1,1,2,train_08,0
train_01_30,The lorry owners ’ association was staging a protest by blocking the road near Ambedkar Circle .,1,0.666666667,3,train_01,0
train_04_322,"Truckers put govt on notice 08th January 2009 03:57 AM CHENNAI : With the national-level truckers ’ strike called by the All-India Motor Transport Congress ( AIMTC ) demanding immediate reduction of diesel prices entering the third day on Wednesday , representatives of the striking truckers have issued an ultimatum to the government to act before Thursday midnight to resolve the issue or face severe consequences .",1,1,3,train_04,0
train_03_7,"Inspector General of BSF Jammu Frontier Rajeev Krishna had said that its personnel opened fire in self-defence with "" maximum restraint "" to quell the violence by the mob which tried to storm their storehouse of arms and ammunition .",1,1,3,train_03,0
train_04_89,"During the riots , as many as nine policemen sustained injuries in the petrol bomb and stone-hurling attack by Vanniyars .",1,1,3,train_04,0
train_08_246,"Law ’ s parents , who initially opposed her protesting , backed her after she explained her views .",1,1,2,train_08,0
train_01_190,"Tiruvannamalai : Cab drivers , owners take out rally May 22 , 2012 00:00 IST Tourist cab drivers and owners took out a rally here on Monday demanding to scrap lifetime tax system introduced by Tamil Nadu government .",1,1,3,train_01,0
train_04_125,Activists assemble The activists assembled in front of the office to prevent Mr. Ranjth from entering the building .,1,0.666666667,3,train_04,0
train_07_196,"Back then , the demonstrations were largely motivated by concern for the fate of the nation and a desire to see democratic freedoms put in place .",1,1,2,train_07,0
train_01_177,About 125 bus operators across Gauteng stopped reporting for duty two weeks ago following a dispute in mileage payment .,1,1,3,train_01,0
train_06_293,"Presbyter of Church Injured in Attack in Salem 31st August 2015 09:53 AM SALEM : A 55 - year-old presbyter of a church at Hasthampatty near here was injured after he was allegedly assaulted by another group in the shrine during Sunday mass , police said here today .",1,1,2,train_06,0
train_08_201,"He said there was an "" ulterior motive "" in Karunanidhi ’ s comments , made during an election speech in Puducherry on Thursday , that riots ensued following the demolition of the mosque .",1,1,2,train_08,0
train_05_237,"If the police drive continues , we will have to go on a strike on Monday , "" Kshirsagar said .",1,1,2,train_05,0
train_08_304,He has been on indefinite hunger strike since August 25 in support of united Andhra Pradesh .,1,1,2,train_08,0
train_02_91,"TAMIL NADU Residents up in arms against lift project on burial ground January 11 , 2007 00:00 IST STRONG REACTION : Residents of Keelkattalai stage a demonstration on Tuesday to protest the construction of a lift station .",1,1,3,train_02,0
train_05_65,"“ We used to protest peacefully but it didn ’ t work , now we need to get out of this framework and tell them , we ’ re willing to try anything until you give us an answer. ” Police had issued several warnings through the evening and appeared to be gearing up for violent clashes , but had left the protesters largely unhindered in their efforts even as the group tore up the inside of the building .",1,1,2,train_05,0
train_04_67,"Andhra cops go on rampage over SP 's transfer Posted : Tue Apr 21 1998 IST KARIMNAGAR , April 20 : Armed reserve and civil policemen revolted and unleashed a reign of terror in the town last night to protest against the transfer of superintendent of police Umesh Chandra , further eroding the image of the police which touched an all-time low due to several incidents recently .",1,1,3,train_04,0
train_05_23,"It has also sought a judicial inquiry in the entire case , soon after a group of men in lawyers ' robes were seen thrashing students and journalists in the nearby Patiala House court complex yesterday .",1,1,2,train_05,0
train_02_143,"When they failed to comply , a team of MC officials was dispatched to serve a final notice which came under attack by the mob .",1,1,3,train_02,0
train_04_245,The hospital authorities are refusing to admit patients coming from far off places due to the strike of medicos .,1,1,3,train_04,0
train_06_170,"Participating in the protest YSRC city convenor P.G. Narasimha Radav , city general secretary S. Noorullah Quadri , State joint secretary B. Zaheer Ahmad Khan and State Minority Cell secretary M. Saleem Basha said that only stringent punishment such as death sentence could act as a deterrent against such ‘ heinous crime ’ .",1,1,2,train_06,219:267,268:323,268:292,:,:,0
train_08_278,"If it does not act , the protests will continue . """,1,1,2,train_08,3:18,21:47,0:2,:,:,0
train_06_135,"Boycotting the classes and medical services , hundreds of junior doctors squatted at the hospital main building .",1,1,2,train_06,0:43,46:111,0:10,:,:,0
train_08_211,`` We suspect that he pulled the trigger that killed Chika '' .,1,0.5,2,train_08,19:40,46:58,14:18,:,:,0
train_05_257,"The 60 - page charge sheet , filed by National Investigation Agency(NIA) on Saturday before a special court in New Delhi , details reconnaissance activities carried out by 50 - year-old Headley of the targets attacked by Lashker-e-Taiba(LeT) terrorists on November 26 , 2008 that left 166 people dead .",1,0.5,2,train_05,131:274,280:300,280:284,:,:,0
train_06_216,Two men have been charged for their murders .,1,1,2,train_06,30:43,0:25,26:29,:,:,0
train_01_153,The clash took place over use of the field .,1,1,3,train_01,26:42,0:20,21:25,:,:,0
train_02_188,The bombing created panic among villagers .,1,1,3,train_02,0:11,12:41,12:19,:,:,0
train_02_155,"Dissatisfied with the package , workers staged an all-nigh sit-in .",1,1,3,train_02,0:29,32:65,:,:,:,0
train_08_235,"“ I think independent film producers have the responsibility to document what mainstream media failed to report on. ” But on the eve of the protests ’ second anniversary , Chan claims all of Hong Kong ’ s major cinemas are refusing to show his film , the result , he suspects , of creeping self-censorship as businesses shy away from offending Beijing .",1,1,2,train_08,281:305,184:248,251:280,:,:,309:351,281:305,216:218,:,:,0
train_02_41,A former state minister was also booked for inciting violence .,1,1,3,train_02,44:61,0:39,2:5,:,:,0
train_07_124,This was to thwart economic well-being of the population .,1,1,2,train_07,9:56,0:4,9:11,:,:,0
train_01_104,The violence in Yuen Long has heightened tensions and fears of further attacks .,1,0.666666667,3,train_01,0:25,30:78,30:40,:,:,0
train_02_0,The blockade was lifted following an assurance from ADM Debraj Senapati and the additional SP J. Mahapatra to apprise the State Government of their demand .,1,1,3,train_02,34:106,0:23,24:33,:,:,107:154,0:23,107:109,:,:,0
train_06_249,The protesters raised slogans against the government .,1,0.5,2,train_06,30:52,0:29,:,:,:,0
train_02_177,Three people were killed and 69 others injured in the explosion .,1,0.666666667,3,train_02,50:63,0:46,:,:,:,0
train_02_180,Students and teachers of physical education relaunched their protest against the appointment of general teachers for physical education work in schools .,1,0.666666667,3,train_02,69:151,0:68,:,:,:,0
train_01_211,"Sena legislators protest against Yedyurappa 01st April 2010 10:08 PM MUMBAI : Shiv Sena workers , including some legislators , today staged demonstrations against Karnataka Chief Minister B S Yeddyurappa here , protesting the ' forcible installation ' of a Kannadiga mayor in Marathi-dominated Belgaum city .",1,0.666666667,3,train_01,211:306,78:208,211:221,:,:,155:203,78:154,:,:,:,0
train_07_156,The attacks resulted in over 250 deaths and injuries to more than 700 people .,1,0.5,2,train_07,0:11,24:76,12:23,:,:,0
train_09_A_130,"As the Muslims and tribals clashed , eight people were injured in police firing .",1,0.666666667,3,train_09,66:79,37:62,:,:,:,3:34,66:79,0:2,:,:,0
train_03_6,There was a shutdown in various towns in Jammu regions against the incident .,1,0.666666667,3,train_03,55:75,0:54,:,:,:,0
train_06_286,The Cheriyathura clash was the outcome of a petty scuffle between two sections .,1,1,2,train_06,23:78,0:22,23:41,:,:,0
train_07_142,About 200 members of the Treatment Action Campaign ( TAC ) protested outside the hospital and like the families they want answers .,1,0.5,2,train_07,0
train_07_21,"In Friday 's memorandum , the Health and Other Service Personnel Trade Union ( Hospersa ) accused the department of denying cancer patients treatment , '' causing some of them to move from being treatable to terminal '' .",1,0.5,2,train_07,0
train_09_B_43,"During the entire impasse , Mallya did not come in the forefront and the negotiations were carried out by top officials of the airline and the UB Group , leading employees to demand his presence .",1,0.5,2,train_09,0
train_09_A_133,"Salwa Judum founder escapes attack 09th November 2012 09:33 AM Former MP and founder of Salwa Judum in Chhattisgarh , Mahendra Karma , had a narrow escape on Thursday when Naxals blew up his bullet-proof vehicle after triggering a landmine blast at Bhogam , about 20 kms from Dantewada district headquarters .",1,0.666666667,3,train_09,0
train_05_181,Traffic was held up for an hour following rasta roko by students who were literally dragged away by police and SRP personnel and whisked away to Azad Maidan police station in police vans .,1,1,2,train_05,0
train_09_A_93,"However , the absence of senior Trinamool Congress leaders during the agitation prompted opposition parties to raise fingers at "" TMC 's internal feud that led to the incident "" .",1,1,3,train_09,0
train_08_299,"A policeman was killed and several others were wounded in a lengthy gun battle with Maoists at Pollampalli , some 500 km south from Raipur .",1,1,2,train_08,0
train_09_A_131,It was only after Katarias weekend visit to his constituency that the tribals gave up their nightlong vigil on the hilltops and shopkeepers agreed to open the market .,1,0.666666667,3,train_09,0
train_07_118,"On January 23 , Amcu members at Lonmin , Amplats , and Implats downed tools , demanding a monthly basic salary of R12,500 .",1,1,2,train_07,0
train_01_100,"Demonstrators have filed for a permit to hold a rally on Saturday in Yuen Long , the district on the outskirts of Hong Kong where dozens of masked men chased and beat commuters and protesters with wooden poles and metal rods , leaving at least 45 people in hospital .",1,1,3,train_01,0
train_09_B_32,Big B in big trouble for anti-Sikh remarks 17th December 2011 02:43 PM AMRITSAR : A move by Bollywood superstar Amitabh Bachchan to get a clean chit from the Sikh clergy after his name was dragged into the 1984 anti-Sikh riots is facing opposition from sections of the community .,1,1,2,train_09,0
train_02_230,"This attack comes two weeks after Nwabisa Ngcukana , 25 , was undressed assaulted by taxi drivers and hawkers because she was wearing a mini-skirt at the Noord Street taxi rank in Johannesburg .",1,0.666666667,3,train_02,0
train_04_166,Police had a tough time in controlling them as they squatted on the highway at several points .,1,0.666666667,3,train_04,0
train_04_275,"We condemn the incident and intend to file a defamation case against BJP President Tamilisai Soundarrajan for making derogatory speeches against the MLA , ” said Jawahirullah .",1,0.666666667,3,train_04,0
train_03_73,"Nagamarapalli Fans Ransack BJP Office 22nd March 2014 08:43 AM The surprise choice of Bhagwant Khuba by the BJP as its candidate for Bidar Lok Sabha constituency , leaving out the favourite father-son duo of Gurupadappa Nagamarapalli and his son Suryakant Nagamarapalli , has drawn a strong backlash in the district .",1,1,2,train_03,0
train_07_5,"In the same breath , he made light of the Seemandhra protests , observing that when a state is bifurcated , it is natural for some to resign and protest .",1,1,2,train_07,0
train_07_46,The taxi operators were protesting about routes .,1,0.5,2,train_07,0
train_03_248,"Delhi BJP Protests Against Power Tariff Hike 01st February 2014 02:07 PM Criticising the Delhi government for its failure to check power tariff hike , the Bharatiya Janata Party ( BJP ) Saturday protested against the hike in the national capital .",1,0.666666667,3,train_03,0
train_01_40,"Then on Thursday , some pupils returned to classes after having spent months out of school as residents protested against the Municipal Demarcation Board 's decision to include their areas under a new municipality .",1,0.666666667,3,train_01,0
train_07_279,"A Day of Protests Inside and Outside Assembly 17th February 2016 05:40 AM THIRUVANANTHAPURAM : Be it in the Assembly or outside , protests will be heard only if they rise to a high .",1,0.5,2,train_07,0
train_02_113,Since last week students have been protesting against a proposed increase in tuition fees and the merger of higher education institutions .,1,1,3,train_02,0
train_08_150,"Only CPM had enmity towards TP , says Rema 27th February 2013 08:44 AM K K Rema , wife of slain leader T P Chandrasekharan , stuck to her statement before the Special Additional District and Sessions Court ( Marad cases ) here that the CPM had enmity towards her husband and denied the suggestions made by the defence counsel .",1,1,2,train_08,0
train_02_54,The group marched to Bothaville in the Nala Municipality to hand over a memorandum with demands pertaining to service delivery .,1,1,3,train_02,0
train_02_268,"Tribal Affairs Minister V Kishore Chandra Deo today dubbed anti-Maoist militia Salwa Judum as a "" sinful strategy "" , bringing to the fore apparent differences in Congress over the approach to Maoists who last week wiped out party leadership in Chhattisgarh in a deadly attack .",1,0.5,2,train_02,0
train_09_A_123,"Maimane said the actions of the over 20,000 students who protested against the injustice of the education system and Afrikaans being imposed as the language of instruction on June 16 , 1976 `` changed the course of our history '' .",1,0.666666667,3,train_09,0
train_01_287,""" We decided to exclude Mumbai , where the ' rail roko ' demonstrations were slated from 11 AM to 12 noon , to avoid inconvenience to suburban commuters , "" MPCC spokesperson Sachin Sawant told PTI .",1,1,3,train_01,0
train_01_51,"' Once the damage is done , it is long-lasting and not remediable . ' The massive three-day protest this week was the latest in a series of grass-roots demonstrations over polluting projects , as mainlanders have gained awareness in recent years of environmental and health concerns associated with pollution .",1,1,3,train_01,0
train_06_218,"Aligarh Muslim University reopens 13th May 2011 03:44 PM ALIGARH : Aligarh Muslim University ( AMU ) , which was closed following clashes between two rival groups of students on April 30 , today reopened .",1,1,2,train_06,0
train_08_281,Ganti Prasadam was killed by unidentified miscreants in Nellore a few months ago and it was alleged that the government was behind the killing .,1,0.5,2,train_08,0
train_09_A_7,"Opposing the Pakistan premier 's visit that was marked by tight security , local lawyers , some BJP activists and representatives of markets associations staged protests and shouted anti-Pakistan slogans .",1,0.666666667,3,train_09,0
train_01_122,The NIA wanted to catch Akram alive as he could provide clues in resolving the blast case .,1,1,3,train_01,0
train_06_191,"— | Photo Credit : PHOTO : PTI Sushanta Talukdar Police suspect that it is the handiwork of ULFA ULFA desperate to show its strength after arrests , say police Caller tells TV channels that ULFA is not involved in the blasts Guwahati : Seven people were killed and 55 , including minor children , injured in two bicycle-bomb blasts in Nalbari , headquarters town of lower Assam ’ s Nalbari district on Sunday morning .",1,0.5,2,train_06,0
train_06_198,"A senior police officer , who declined to be quoted on the ground that investigations were still on , told The Hindu that whether the ULFA denied it or not , the police suspected the twin blasts to be the handiwork of the militant outfit .",1,0.5,2,train_06,0
train_02_181,The meet was earlier disrupted on Tuesday when the physical education students and teachers protested .,1,1,3,train_02,0
train_04_220,"HYDERABAD : Schools , colleges closed today July 19 , 2010 00:00 IST Managements of several educational institutions , especially schools have announced a holiday on Monday due to the State-wide bandh called by Telugu Desam on Monday .",1,1,3,train_04,0
train_08_280,"Political Prisoners ' Rights Day today 13th September 2013 08:33 AM The Committee for the Release of Political Prisoners ( CRPP ) is observing September 13 as Political Prisoners Rights Day , commemorating the sacrifice of Shaheed Jitin Das and organising a memorial programme for Maoist idealogue Ganti Prasadam , in Hyderabad on the occasion .",1,1,2,train_08,0
train_08_80,"The protesters – many of whom were wearing black T-shirts and hard hats and were armed with shields made from boards of wood and surfboards , as well as hiking sticks and rods – retaliated by throwing umbrellas and water bottles .",1,0.5,2,train_08,0
train_05_25,The religious seers and right-wing activists were earlier arrested at the Khairatabad Crossroads when they were marching towards the Raj Bhavan to meet the governor to submit a representation for the release of the swami who was arrested by the Special Investigating Team ( SIT ) on Monday for delivering an alleged hate speech at Indira Park in the city on January 8 .,1,0.5,2,train_05,0
train_05_130,"TAMIL NADU People lock liquor shop July 26 , 2009 00:00 IST Staff Reporter Tiruvannamalai : Residents of Vadamathur near here reportedly locked a TASMAC outlet in their village on Saturday , as it was close to a school , a temple and offices .",1,1,2,train_05,0
train_01_98,"Distributing medals and trophies to winners of the five-day event in which 702 personnel from 22 State police teams and eight Central police organisations participated , the chief minister recalled the 26/11 incidents in Mumbai to stress her point .",1,1,3,train_01,0
train_04_197,"Four persons from Bihar , who attempted to derail a goods train near Erode were booked under the National Security Act in this case .",1,0.5,2,train_04,0
train_08_224,City police have now constituted teams to carry out regular inspection at malls following the blasts .,1,1,2,train_08,0
train_03_78,"TIRUNELVELI : Relay fast begins in support of Kudankulam protesters June 09 , 2012 00:00 IST Expressing solidarity with anti-Kudankulam Nuclear Power Project protestors , now observing a relay fast at Idinthakarai , a section of the residents of neighbouring Kooththenkuzhi commenced a similar agitation on Friday .",1,1,3,train_03,0
train_05_192,"In wake of the recent attacks on the African nationals , External Affairs Minister Sushma Swaraj is set to meet African students today to assure them of their safety and security in India .",1,1,2,train_05,0
train_08_270,"However , Nitish Kumar termed the shutdown opposed to development .",1,0.5,2,train_08,43:65,30:42,43:53,:,:,0
train_02_219,The clashes left at least six students and a security guard injured .,1,1,3,train_02,0:11,12:67,12:16,:,:,0
train_09_A_40,India stalled cricketing ties in the aftermath of 2008 Mumbai terrorist attack .,1,0.666666667,3,train_09,50:78,0:29,:,:,:,0
train_03_99,The blast was so intense that the motorbike split into pieces .,1,0.666666667,3,train_03,0:24,30:61,14:29,:,:,0
train_08_286,""" Based on specific inputs , security forces cordoned off a house and that resulted in an encounter with the militant first opening fire on the security team , "" Kokrajhar police chief P.K. Dutta said .",1,1,2,train_08,0
train_07_271,""" They are very good to us but the strike has to get over for operations to take place , ' ' said Seema whose father is awaiting an operation in ward C -6 .",1,1,2,train_07,0
train_06_77,"Another restaurant owner , Clara Li , said owners wanted to take their protest further , but had not yet settled on a plan to do so if their demands were not met after yesterday 's protest .",1,1,2,train_06,0
train_07_14,"Three persons , two of them brick kiln owners , were arrested today in connection with the incident of firing on labourers during a protest held by them last evening in Beas .",1,1,2,train_07,0
train_06_115,"Mining for trouble Sino Gold Mining , which only last week announced a joint venture to expand exploration near its White Mountain Mine in Jilin province , had to halt operations yesterday as protesting farmers blocked the main access road .",1,1,2,train_06,0
train_02_148,"IMPHAL : Woman doctor shot at in Imphal clinic March 09 , 2014 00:00 IST Doctors and students stayed away from the Regional Institute of Medical Sciences , Imphal , on Saturday , protesting the attack on a doctor , who was shot at and injured when she was examining patients in her private clinic on Friday night .",1,0.666666667,3,train_02,0
train_05_224,They protested on the grounds of the Tygerberg hospital against the City 's plan to relocate those affected by the fire to a vacant building on hospital premises .,1,1,2,train_05,0
train_08_290,"Army officials said that the five-member team , which included Lt Col Ajay Kumar Verma , GREF engineer S K Singh , a protection force of two Army jawans from the JAKRIF regiment and their driver , was on its way to inspect construction work on the Chattroo-Simthan road when it came under heavy fire .",1,1,2,train_08,0
train_06_55,Talks fail The indefinite strike will continue as the meeting convened by District Collector M. Beena to end the private bus strike failed to reach a consensus .,1,1,2,train_06,0
train_06_305,"Others who addressed the dharna demanded that the government must review Section 124 A of the Indian Penal Code ( IPC ) which deals with sedition , the law under which Sen has been sentenced .",1,1,2,train_06,0
train_09_B_51,"The much-anticipated trouble began in the morning when a group of advocates , who assembled near the Aavin entrance of the High Court campus , staged a protest and attempted to block the NSC Bose Road .",1,0.5,2,train_09,0
train_08_3,"Twin Bomb Blasts Injures Four in Guwahati 's Fancy Bazar Area : Police 05th December 2015 04:37 PM A screen grab of the fancy Bazaar area from Google Maps GUWAHATI : Two low intensity blasts rocked the busy commercial Fancy Bazaar area in Guwahati Saturday afternoon , injuring four persons .",1,1,2,train_08,0
train_08_265,"Lalu , Rabri upbeat after success of shutdown 29th January 2010 01:40 PM An RJD activist wears a garland and crown made of vegetables and shouts slogans along with others during a protest against inflation in Patna .",1,1,2,train_08,0
train_06_97,"Co-operative Governance Minister Sicelo Shicka met protesting residents of Tshing township on Monday to discuss service delivery , the North West African National Congress said .",1,0.5,2,train_06,0
train_06_200,"After triggering the blasts in a public place , the ULFA is in a denial mode , fearing public outcry against it , ” he said .",1,1,2,train_06,0
train_02_103,"But the caste violence that wrecked the lives of over a thousand Dalits earlier this month has forever tainted the image of Dharmapuri district as a former Naxal stronghold that , even a decade ago , had no place for caste or class differences .",1,0.666666667,3,train_02,0
train_07_158,"KARNATAKA People want road developed January 18 , 2007 00:00 IST Correspondent KARWAR : People of Devbag , near here , staged a demonstration on Tuesday to protest against the move of the zilla panchayat to inaugurate a newly built bridge across the Mavinahole stream without developing the road connecting the bridge on either side .",1,1,2,train_07,0
train_08_181,"On Monday , the agitating lawyers wanted to meet the District Magistrate but in his absence met Additional District Magistrate Udhab Charan Majhi and Sub-Collector Madhusudan Das who asked them to call off the strike .",1,1,2,train_08,0
train_04_228,"National Highway -37 was blocked by protesters at several places , while vehicles remained off the roads in the affected areas , officials said .",1,0.666666667,3,train_04,0
train_05_228,"After transporters and oil sector officers , it was the turn of a section of the city 's autorickshaw drivers to go on strike on Friday , with a threat to do so again if the traffic police remained "" high-handed "" with them .",1,1,2,train_05,0
train_07_308,"Lam – who has kept out of the public eye since her climbdown and has record low approval ratings – struck a conciliatory note Monday at the ceremony marking the handover , saying a series of protests that have rocked her city have taught her that she needs to listen better to the youth and people in general .",1,0.5,2,train_07,0
train_04_111,"Farmers Block NH 7 , Say Government Blind to Their Plight 21st June 2015 06:00 AM CHIKBALLAPUR : Farmers on Saturday blocked the busy National Highway 7 on the outskirts of the city for nearly five hours and shouted slogans against the Union and state governments .",1,0.666666667,3,train_04,0
train_04_13,"MYSURU : Tension prevails as Falcon Tyres employees block KRS Road March 03 , 2016 00:00 IST Tension prevailed on the KRS Road for sometime on Wednesday after scores of Falcon Tyres employees staged a demonstration against the factory management demanding immediate settlement of their pending wages .",1,1,3,train_04,0
train_07_82,The Maoists have abducted the TDP men demanding that the Andhra Pradesh government stop bauxite mining in the agency areas of the district .,1,1,2,train_07,0
train_07_313,The spontaneous protests come after the country has seen a number of violent crimes directed at women and children which have made headlines in recent weeks and left the country reeling .,1,1,2,train_07,0
train_09_B_127,"Demanding action against the culprits , a large number of people blocked road traffic on NH 210 at Sholandur .",1,1,2,train_09,0
train_04_147,"Police fired rubber bullets to disperse protesting Bethanie residents , NWest ANA Reporter BRITS , September 3 ( ANA ) - Police used rubber bullets to disperse protesting residents of Bethanie outside Brits on Monday .",1,1,3,train_04,0
train_02_67,"ANDHRA PRADESH Protests mar land distribution April 16 , 2010 00:00 IST Staff Reporter Police detain some TDP activists NALGONDA : The divisional level meeting convened to distribute pattas to beneficiaries under the fifth phase of the land distribution programme in Bhongir on Thursday was marred by protests , as Minister for Information Technology Komatireddy Venkat Reddy distributed pattas .",1,0.666666667,3,train_02,0
train_02_152,"Indefinite curfew continued in Danilimda and Shahpur , where several incidents of arson had been reported on Sunday .",1,0.666666667,3,train_02,0
train_09_B_63,"Mild tension prevailed when Mr. Yadav and two other BJP corporators , Bangaru Prakash and Vaikuntham , started moving around enforcing bandh .",1,1,2,train_09,0
train_01_286,"Congress Workers Stage ' Rail Roko ' in Maharashtra Against Train Fare Hike 25th June 2014 12:36 PM MUMBAI : Congress workers today staged a ' rail roko ' in various parts of Maharashtra , excluding Mumbai , to protest the train fare hike .",1,1,3,train_01,0
train_09_A_38,"The workers forced the manager of Deepak Cinema , a down grade cinema hall , at Parel here to stall the film ’ s screening .",1,1,3,train_09,0
train_05_283,"ANANTAPUR : ‘ Rosaiah Government has failed on all fronts ' September 28 , 2010 00:00 IST TDP chief addresses ‘ maha dharna ' in the vicinity of Anantapur Collector 's office Telugu Desam president Nara Chandrababu Naidu has called upon the cadre and people to be prepared to march to the State capital and if necessary , to the Assembly , to pressurise the government to solve the farmers problems .",1,1,2,train_05,0
train_01_169,"During a chaotic swearing-in ceremony last month , Yau and Leung thumbed their noses at Beijing by refusing to declare their allegiance to China and carrying blue flags reading : “ Hong Kong is not China. ” The pair ’ s oaths are invalid and they will not be able to retake them , China ’ s rubberstamp legislature said , one day after thousands marched through the streets of Hong Kong to protest against Beijing ’ s interference .",1,0.666666667,3,train_01,0
train_06_29,The police fired seven rounds in the air and lobbed nine teargas shells to bring the mob which fired from country-made guns and pelted stones under control .,1,1,2,train_06,0
train_08_154,"In reply to the argument of the defence counsel that the UDF used the murder of Chandrasekharan for political gain by blaming CPM for the killing , Rema told the court that this was not right .",1,1,2,train_08,0
train_09_B_83,The activists of Jaya Karnataka Sanghatane and Manava Hakkugala Horatagarara Parishat also staged separate protests at the Deputy Commissioner ’ s office demanding the State government hand over the probe to the Central Bureau of Investigation .,1,1,2,train_09,0
train_05_191,"It is shameful that the government takes this issue so lightly when diplomats from 42 African nations boycotted the weeklong celebration of Africa Day , hosted by the Indian government as a sign of protest against renewed ' racism and Afro-phobia ' , ” he added .",1,1,2,train_05,0
train_02_15,"Promila , a resident of Karontha village , allegedly died of gunshot wounds during clashes which erupted after police stopped Arya Samaj activists from heading towards the Ashram headed by one Rampal .",1,1,3,train_02,0
train_07_18,"This reportedly angered the owners , who first damaged the speakers of the protesters and then opened fire , injuring six persons .",1,1,2,train_07,0
train_03_181,"They had been on a wildcat strike since September 12 , demanding to be paid a minimum of R16,000 a month .",1,1,3,train_03,0
train_06_297,DA MP Yusuf Cassim said in a statement on Tuesday that universities affected by violent student protests had recorded damages worth more than R150 million .,1,0.5,2,train_06,0
train_02_123,They said the strikes would continue in the coming days to express solidarity with their leader .,1,1,3,train_02,0
train_09_B_149,"`` There was an event to inaugurate the SRC ( Student Representative Council ) this morning , students disrupted the event , '' said campus spokesman Koos Degenaar .",1,1,2,train_09,0
train_04_11,"The fresh clash came a day after over 22 people , including five media men and 11 security personnel with an officer among them , were injured last night when students agitating over creation of a separate Telangana hurled stones at them on the Osmania University campus prompting them to use force to quell the mob .",1,0.666666667,3,train_04,0
train_04_130,Mr. Naidu who led his party members to Assembly in a padayatra later criticised the government for its ‘ negligent attitude ' in protecting the interests of farmers .,1,0.666666667,3,train_04,0
train_04_34,"Raising the communal temperature in riot-affected western UP going to polls on Monday , Shah has spoken of the current election being an opportunity to take “ revenge for the insult ” during the violence in Muzaffarnagar last year .",1,0.666666667,3,train_04,0
train_06_238,Among these was the petition filed on behalf of Kersi Adajania who was convicted for helping to melt the AK -56 rifle which Mr. Dutt had stored in his house .,1,0.5,2,train_06,0
train_09_B_73,"Muslims across the city of lakes , still haunted by memories of the 2002 Gujarat riots , say they will not vote for someone who was unable to stop a massacre of ‘ innocent people ’ in his state .",1,1,2,train_09,0
train_06_266,"June 30 : A DSP and four constables were killed in a landmine blast triggered by suspected CPI-Maoist cadres at Pundigiri village in Bundu , 50 - kilometres from Ranchi .",1,0.5,2,train_06,0
train_08_256,"THRISSUR : Hike in toll rate withdrawn October 03 , 2013 00:00 IST A hike in toll on the Mannuthy-Edappally stretch , effected from Tuesday , was withdrawn on Wednesday following protests .",1,1,2,train_08,0
train_07_225,"Angry sanitation workers then blocked traffic by dumping garbage on the Hardoi road , demanding action against Pandey .",1,1,2,train_07,0
train_04_22,Most of the men were said to be on the run following a crackdown by the police after the violence of October 14 .,1,1,3,train_04,0
train_05_167,"Vasavi students demand action against principal 03rd August 2010 01:47 AM HYDERABAD : Students of the Vasavi College of Engineering on Monday staged a protest near the college demanding action against the principal , holding him responsible for the death of a civil engineering student .",1,1,2,train_05,0
train_08_117,"Deputy commissioner of police ( zone I ) K L Bishnoi told Express Newsline that more than 200 policemen , including two inspectors and 18 sub-inspectors , have been deployed around the ministers ' bungalows near Mantralaya and the MLA hostel , after senior Sena members were allegedly threatened on Monday .",1,1,2,train_08,0
train_06_147,"Some protesters wore T-shirts bearing the image of Mbombela municipal speaker Jimmy Mohlala , who was shot dead in January 2009 after blowing the whistle on companies and individuals he claimed were involved in tender corruption .",1,1,2,train_06,0
train_07_104,"Meanwhile , the Salem Range DIG , Sanjay Kumar , said that a special team has been formed to nab the assailants who murdered Ramesh .",1,1,2,train_07,0
train_06_11,The incident has sparked protests across New Delhi over the security of students from the north-east .,1,1,2,train_06,0
train_08_126,"Manipur is going to the polls on March 4 and 8 and due to the ongoing economic blockade , it has been kept in the most sensitive category , an official said , adding that elections were being held in two phases for the first time in the State ..",1,1,2,train_08,0
train_03_225,China says Islamic extremists and separatists are behind such attacks although human rights activists suspect much of the violence is driven by resentment at Communist party rule among the region ’ s predominantly Muslim ethnic Uighur population .,1,0.666666667,3,train_03,0
train_04_18,"As the workers intensified their strike , traffic began to build on either side of the road .",1,1,3,train_04,0
train_04_3,"Meanwhile , students also made their intentions very clear recently when some of the JAC leaders declared that they would not be in a position to continue the agitation now as they had to concentrate on their upcoming exams .",1,0.666666667,3,train_04,0
train_09_A_44,"WEF Africa 2017 : Zuma ushered away amid questions over May Day fiasco Siobhan Cassidy DURBAN , May 3 ( ANA ) – South African President Jacob Zuma was ushered away by minders on Wednesday as he was bombarded by questions about the fiasco on May Day when a booing crowd had refused to let him speak at a rally in Bloemfontein on Monday .",1,0.666666667,3,train_09,0
train_08_198,The Left leaders pointed out that the ongoing plantation workers ’ stir affects 3.5 lakh of plantation workers across the state and hence was a serious social issue .,1,1,2,train_08,0
train_03_9,"However , following an assurance from the officers concerned , they withdrew their agitation and fixed a 15 - day deadline for fulfilling their demands .",1,0.666666667,3,train_03,0
train_07_198,"Something similar happened a few years ago in Shanghai , when retirees took to the streets , worried that if welfare funds were allocated to poor areas , their own retirement benefits would be slashed .",1,1,2,train_07,0
train_04_129,"The TDP members , holding placards , raised slogans against the ‘ negligent ' attitude of the government in taking steps to protect the interests of farmers .",1,0.666666667,3,train_04,0
train_08_313,Militants also killed two members of a policeman 's family and wounded two others when they barged into a house in the border district of Poonch and opened fire .,1,1,2,train_08,0
train_07_166,On Tuesday we went to picket at the Western Cape Provincial Legislature after we had gone over a month without teachers .,1,1,2,train_07,0
train_09_A_148,The impasse was broken after ADM Madhab Bariha promised to take steps over the issue within three days .,1,1,3,train_09,0
train_08_284,"Jitin Das , among them , resorted to fast unto death and died on the 63rd day of his fast ( September 13 ) , he said .",1,1,2,train_08,0
train_07_191,"According to Singh , his suspension and the hunger strike were the result of an argument between Prasad and S.C. Tyagi , a deputy director at the Department of Social Welfare .",1,1,2,train_07,0
train_08_4,"The blasts took place within seconds of each other around 3.30 p.m., creating panic in the area , police said .",1,1,2,train_08,0
train_04_299,"Militants fired a rocket at the headquarters of 84th battalion of BSF in Sopore in North Kashmir late last night which missed its target and caused no loss of life or damage to property , police said .",1,0.666666667,3,train_04,0
train_01_47,"The strike began on September 9 , with Numsa demanding a double-digit percentage increase .",1,1,3,train_01,0
train_08_159,"Though Chief Secretary S.M. Vijayanand had called the employees ’ representatives for talks on Wednesday , it failed to reach an accord and the Secretariat Association affiliated to the Congress and the Employees Sangh called for a one-day strike .",1,1,2,train_08,0
train_08_175,"Statehood demand : Fresh violence rocks Assam 's Karbi Anglong district - Indian Express PTI , PTI : Guwahati , Sat Aug 03 2013 , 14:53 hrs Violence continued to rock Karbi Anglong district where various government offices were torched and train tracks removed by activists of different organisations today demanding a separate state on the lines of Telangana .",1,1,2,train_08,0
train_06_43,"The platinum miner has reportedly offered workers eight to nine percent increases , and warned that should the strike continue , it may be forced to cut jobs .",1,1,2,train_06,0
train_08_205,"Some locals gheraoed the policemen , when they were in the village for investigation , demanding immediate arrest of the culprits .",1,1,2,train_08,0
train_06_41,The number of persons injured during the clashes could not be ascertained as most of them had gone into hiding .,1,1,2,train_06,0
train_06_310,"Even as both the public and the civic officials want the strike to end , the agitating sanitation workers have decided to intensify their agitation , with no response from the government .",1,1,2,train_06,0
train_01_281,"We wo n't tolerate attacks on our drivers , say KZN trucking companies ANA Reporter DURBAN , June 3 ( ANA ) – Trucking companies said on Monday they would not tolerate attacks on their drivers , following the torching of 17 trucks in KwaZulu-Natal at the weekend .",1,1,3,train_01,0
train_06_101,"`` Fourteen people were arrested on Tuesday for barricading roads in Mothutlung near Brits , '' Colonel Sabata Mokgwabone said in a statement .",1,1,2,train_06,0
train_01_308,Spokesman Keith Khoza said they had decided to March to Prime Media because the cartoon had raised various concerns .,1,1,3,train_01,0
train_05_293,At least four people were placed in criminal detention after they attended a low-key event at a house in Beijing on Saturday ahead of the 25th anniversary of the crackdown .,1,1,2,train_05,0
train_04_123,"Kozhikode : Row over alleged mass transfer June 09 , 2011 00:00 IST A minor scuffle broke out between the activists of the NGO Union and the NGO Association in the compound of the regional office of the Department of Public Works at Mananchira here on Wednesday over the allegation of mass transfer of employees .",1,1,3,train_04,0
train_05_103,"Only a few days before he died , Qian received anonymous death threats for organising groups to block trucks going to the Lingang Industrial Area since December 17 , according to a villager too frightened to be named .",1,1,2,train_05,0
train_02_68,"The Zilla Parishad vice-chairman Pandari , of CPI , staged a sit-in protest during the meeting resenting alleged violation of protocol .",1,1,3,train_02,0
train_03_80,"The people who disrupted a funeral address by President Thabo Mbeki on Saturday will be barred from ever attending another ANC meeting if they can be identified , the party 's secretary general Kgalema Motlanthe said on Sunday .",1,1,3,train_03,0
train_05_215,"Mapopane East plunged into darkness as Tshwane unrest continues Siphelele Dludla JOHANNESBURG , June 21 ( ANA ) - Eskom on Tuesday night said that a 33000 voltage transformer breaker at the Mapopane East electricity substation had tripped at around 6pm , plunging the volatile township in the City of Tshwane , Pretoria , into darkness .",1,1,2,train_05,0
train_06_175,"He said the municipality was responding to all the issues raised by the community which had led to the protest , and pleaded with them not to chase away municipal workers when they were in the area to provide services .",1,0.5,2,train_06,0
train_03_288,"Dehradun : Mining will hit agriculturally-rich Tehri region , say villagers August 24 , 2014 00:00 IST More than 500 villagers on Saturday protested against the stone crushers who have been licensed to mine the agriculturally-rich region of Tehri district ’ s Maletha gram sabha .",1,0.666666667,3,train_03,0
train_02_30,"B. Rajeswari Sunday died of burn injuries at a corporate hospital , where she was undergoing treatment after she set herself ablaze four days ago .",1,1,3,train_02,0
train_05_162,"Whether it is the recent demonstrations against a nuclear power plant in Jaitapur in Maharashtra or the earlier outbreaks in Singur and Nandigram in West Bengal , the matter of relief and rehabilitation was left to the state governments according to a well-established practice .",1,0.5,2,train_05,0
train_07_165,* We are excited to announce that our protest action on Tuesday has resulted in a great victory for learners at Sizimisele .,1,0.5,2,train_07,0
train_06_199,“ Two improvised bicycle-bombs were triggered by the ULFA .,1,0.5,2,train_06,0
train_06_296,"DA wants the EFF to # PayBackTheMoney for damage at universities Raahil Sain PORT ELIZABETH , March 8 ( ANA ) - The Democratic Alliance ( DA ) wants the Economic Freedom Fighters ( EFF ) and other groups allegedly involved in vandalism at universities to pay back the money for damages caused at campuses worth more than R150 million .",1,0.5,2,train_06,0
train_08_227,He said Home Minister Shivraj Patil had said in Parliament that the violence in the State was due to the Maoists who had barricaded the village and prevented the villagers to return .,1,1,2,train_08,0
train_01_144,"On media reports that the night vision device used by three terrorists in the Gurdaspur attack had US markings , Biswal said the US is in conversation with Indian authorities to try to ascertain and trace the origins of the equipment found .",1,1,3,train_01,0
train_05_200,"Days after Hong Kong ’ s first major protest against its stalled extradition law , a property firm decided to take a £2.5m hit and abandon an option to develop a slice of prime city land , blaming “ social contradiction and economic instability ” .",1,1,2,train_05,0
train_07_243,"Protesters pushed through police barriers in an attempt to enter the buildings , but to no avail .",1,1,2,train_07,0
train_05_96,Police said that they had clashed over the election of a new branch committee and the two were beaten to death with sticks and knobkerries .,1,1,2,train_05,0
train_01_245,Additional Director General of Police ( HQs ) Ravinder Kumar said that the state police along with central paramilitary forces have been working to rescue the abducted people .,1,0.666666667,3,train_01,0
train_01_43,"Protesting the unethical ban , hundreds of Bengal traders launched an agitation on Monday and threatened to intensify it , if the matter is not resolved soon .",1,1,3,train_01,0
train_08_222,"More than 1,200 permanent and 600 casual workers are protesting for their jobs and salaries .",1,1,2,train_08,0
train_09_B_34,"Wild , irresponsible and most unfounded allegations , by certain sections of the Sikh community , about my involvement in the inciting of violence against them during the most unfortunate Sikh riots of 1984 , soon after the death of Shrimati Indira Gandhi , the then prime minister of India , has caused me acute agony .",1,1,2,train_09,0
train_03_31,Three employees of the newspaper died when a mob hurled petrol bombs on the office following publication of a survey in which DMK president M. Karunanidhi ’ s younger son M.K. Stalin was projected as his preferred political successor than Mr. Alagiri .,1,0.666666667,3,train_03,0
train_07_317,"The protesters , during the gathering on Wednesday said they were not willing to listen to any government official and demanded that Ramaphosa come out to address them on how he is planning to stop the scourge of abuse directed at women and children in the country .",1,0.5,2,train_07,0
train_08_309,The two Lashkar-e-Toiba militants drove up to the Central Reserve Police Force ( CRPF ) camp on Monday evening and forced their way in by lobbing a grenade at the gate .,1,0.5,2,train_08,0
train_08_297,"Officials here at police headquarters said that Mi -17 chopper , which took off from Jagdalpur town to Sukma district to airlift some troopers seriously injured in a gunfight with Maoists , went missing after rebels attacked it .",1,1,2,train_08,0
train_09_B_111,"In the gunfight that ensued , three guerrillas have been killed , the atrmy spokesman said .",1,1,2,train_09,0
train_01_277,"NATIONAL Rallies mark Nandigram anniversary March 15 , 2008 00:00 IST KOLKATA : Processions and rallies were taken out at Nandigram and here on Friday , first anniversary of the police firing and subsequent violence , which claimed 14 lives in the village in East Midnapore district .",1,0.666666667,3,train_01,0
train_06_271,"April 13 : Six persons , including five security force personnel and a porter , were killed in a Naxal attack at Jhajha railway station in Jamui district of Bihar .",1,0.5,2,train_06,0
train_09_B_28,"Today 's incident , comes barely days after the massacre of 23 Kashmiri Pandits by militants at Wandhama in the Ganderbal area of the Kashmir Valley , and has cast a shadow over the February 16 Lok Sabhapolls in the state .",1,0.5,2,train_09,0
train_02_274,"Cloth traders , who had chosen not to shut shop on second day of the two-day strike called by the AP Federation of Textile Association over imposition of five percent VAT , were seen running helter-skelter downing shutters and hiding shop keys , as soon as federation members arrived to enforce shutdown among erring traders .",1,1,3,train_02,0
train_09_B_90,He said that Leader of the Opposition Oommen Chandy was worried about the arrest of Akhil Bharatiya Vidyarthi Parishad workers in connection with the killing immediately after the incident .,1,1,2,train_09,0
train_01_126,"NaMo , who had avoided visiting the victims of the 2002 riots in his own state for a long time , lost no time in burning up aviation fuel by dashing to Patna twice in one week to express condolences and score points over his rambunctious rivals .",1,1,3,train_01,0
train_06_309,"City Stinks as Sanitation Staff Strike Continues 14th July 2015 05:14 AM VIJAYAWADA : With the municipal sanitation workers ’ strike entering the fourth day on Monday , the streets of Vijayawada are stinking .",1,1,2,train_06,0
train_05_244,"5,000 docs quit , crisis in Rajasthan - Indian Express Press Trust Of India , Press Trust Of India : Jaipur , Sat Dec 24 2011 , 10:18 hrs The medical crisis in Rajasthan due to an indefinite strike by doctors , which has crippled health services and left over a dozen patients dead , deepened on Friday with 5,000 doctors submitting their resignations .",1,1,2,train_05,0
train_07_114,Noted sculptor Kanayi Kunhiraman said the Vilappilsala agitation was a successful example of local people ’ s fight against forces imposing injustice on them .,1,0.5,2,train_07,0
