train_05_34,About 500 minibus taxis drove at very slow speed from the R104 corridor ( Tlhabane road ) into town .,0,1,2,train_05,1
train_02_276,"Interestingly , all these shops had downed shutters on first day of the strike on November 15 .",0,0.666666667,3,train_02,1
train_02_244,"Earlier on March 7 , militants shot dead a surrendered militant Aijaz Ahmad Dada outside his house at Bemina .",0,1,3,train_02,1
train_01_271,"`` This time we will hear from the real judge , not those people we meet on the streets who make decisions , '' Zuma said , after waiting some time for the excited cheering and applause to subside .",0,0.666666667,3,train_01,1
train_07_230,"However , of the 38 counselling centres in Seemandhra region , 20 are still non functional following the protests .",0,0.5,2,train_07,1
train_05_184,An official received the memorandum on the municipality 's behalf .,0,1,2,train_05,1
train_08_57,The march got under way with Leader of the Opposition Oommen Chandy handing over the party flag to Mr. Chennithala at a public function here in the evening .,0,0.5,2,train_08,1
train_04_199,"Concede demands of ministerial staff Posted : Fri Oct 02 1998 IST AMRITSAR , Oct 1 : The Punjab State Pensioners Welfare Forum ( PSPWF ) today urged the State government to concede the demands of ministerial staff , who are on a pen down strike .",0,1,3,train_04,1
train_05_300,The party maintained that government should shoulder the responsibility for the violent incidents related with the agitation .,0,0.5,2,train_05,1
train_01_1,"Chale was allegedly chased by a group of about 30 people and was hacked to death with pangas , axes and spears .",0,1,3,train_01,1
train_02_303,"Babbar was equally scathing in his attack against Samajwadi Party chief Mulayam Singh Yadav , when he deplored the state administration 's high-handedness in dealing with agitating farmers .",0,0.666666667,3,train_02,1
train_03_123,The protesters blocked the Rayakottai road .,0,1,3,train_03,1
train_03_285,State Convener of ‘ Campaign against Negligence of Girl Child ’ M. Shankar was the special invitee for the programme .,0,1,3,train_03,1
train_03_12,"The performance comes at a time when instruction of the city ’ s history is becoming increasingly politicised , with recent government attempts to bury details that may be embarrassing for China .",0,0.666666667,3,train_03,1
train_09_A_59,"( The commission , appointed by the State government , said the February 27 , 2002 fire aboard coach S -6 of the Sabarmati Express at the Godhra station was a “ pre-planned conspiracy by local Muslims . ” ) A Bench , consisting of Chief Justice K.G. Balakrishnan and Justice P. Sathasivam , however , issued notice to the government on a special leave petition filed by Citizens for Justice and Peace against a Gujarat High Court order refusing to pass an interim order restraining it from placing the report in the Assembly .",0,0.666666667,3,train_09,1
train_03_105,"The event in Kwun Tong Kung Lok Government School was largely peaceful , although there were minor clashes between the two camps before Leung entered and at the end .",0,0.666666667,3,train_03,1
train_01_288,""" Rail roko stir was successful in places like Thane , Navi Mumbai , Wardha and Akola , "" Sawant said .",0,1,3,train_01,1
train_09_A_72,"Chika , 33 , was shot at point-blank range in the driveway of his Klerksdorp home on December 14 .",0,1,3,train_09,1
train_02_65,"I would like to request people to reconsider the strike , so that common people do not suffer , "" he said .",0,0.666666667,3,train_02,1
train_09_A_54,The farming community and the porters had expressed their support for the APMC bandh .,0,1,3,train_09,1
train_01_36,Ms. Surekha ’ s absence at the recently held protest meeting by Y .,0,1,3,train_01,1
train_07_257,"It condemns last week 's nine bomb blasts in Soweto , south of Johannesburg , saying acts of sabotage can not be condoned .",0,0.5,2,train_07,1
train_07_153,"Earlier in Amethi , around 2,000 people attended a ‘ janata darbar ’ ( people ’ s court ) held by Rahul wherein he patiently listened to public grievances , said state Congress spokesperson Akhilesh Pratap Singh .",0,0.5,2,train_07,1
train_03_312,A group of TRS workers fled after setting the office on fire .,0,0.666666667,3,train_03,1
train_03_156,A small group of workers were seen attempting to burn notices issued by the management which informed workers that any industrial action taken by non-NUM members was an illegal strike .,0,1,3,train_03,1
train_02_50,"Solidarity Movement said North West premier , Supra Mahumapelo , must accept responsibility for the vandalism that took place in Coligny .",0,0.666666667,3,train_02,1
train_09_A_113,`` We are on strike .,0,1,3,train_09,1
train_08_263,This was after a few residents started throwing stones at cars travelling on the roads earlier in the day .,0,1,2,train_08,1
train_04_238,CITU took out a rally from Saraswati Park to LIC junction with placards and banners ridiculing anti-labour policies pursued by the Central and State Governments .,0,0.666666667,3,train_04,1
train_03_211,"A column of protestors surged westwards from the park towards Hong Kong ’ s financial centre , carrying flags , banners and yellow umbrellas – the symbol of 2014 ’ s mass protests – stamped with the words : “ Power to the people ” .",0,1,3,train_03,1
train_04_8,"Students in large numbers gathered in the campus today and hurled stones at the security personnel , including state police and personnel of Central paramilitary force , DCP ( East Zone ) Mahesh Chandra Ladda said .",0,1,3,train_04,1
train_07_183,"At Pitchaturu village in Satyaveedu constituency of Chittoor district , a polling officer was manhandled by the polling agents and the police is verifying the case .",0,0.5,2,train_07,1
train_04_309,"The posters , allegedly put up by the CPI ( Maoist ) , have called on the people to join the Maoist group .",0,1,3,train_04,1
train_01_75,"Superintendent of police , Malkangiri , Akhileswar Singh said they have got the information about the incident and inquiry was continuing .",0,1,3,train_01,1
train_03_42,"The release claimed that 20 army personnel , including a junior commissioned officer , were killed and 12 others injured in the incident .",0,1,3,train_03,1
train_04_205,Mr Lam said views voiced at the mass protest on July 1 and at last month 's elections would be considered when Mr Tung made the decision .,0,1,3,train_04,1
train_07_193,"One day , however , he inadvertently misspoke , shouting “ Down with Mao Zedong ! ” instead .",0,1,2,train_07,1
train_01_310,S Mohana Chandran presided over the function .,0,1,3,train_01,1
train_09_A_142,A house was destroyed in the gun battle and security forces are removing the debris .,0,0.666666667,3,train_09,1
train_01_77,"However , there was hardly any affect noticed in Koraput district due to the bandh , the sources said .",0,1,3,train_01,1
train_03_92,"They had come to Mahatma Gandhi Marg and then gone to Sardar Patel Marg from Subhash Chauraha in the posh Civil Lines area , damaging vehicles and also shops and commercial establishments along the way .",0,0.666666667,3,train_03,1
train_05_166,Colonel Sabata Mokgwabone said the protests ended on Thursday .,0,1,2,train_05,1
train_08_221,They also demanded the end of the unofficial lockout at Eastern Medikit 's four plants at Udyog Vihar here .,0,0.5,2,train_08,1
train_02_232,"Commenting on International Women 's Day , Kwa-Zulu Natal premier Sibusiso Ndebele , denounced the earlier attack of Ngcukana on Saturday .",0,0.666666667,3,train_02,1
train_05_225,A memorandum of demands was handed over by the residents ' committee to officials representing mayor Nomaindia Mfeketo .,0,1,2,train_05,1
train_01_244,""" Police have failed to recover the 15 abducted people .",0,1,3,train_01,1
train_04_29,"Apart from candidates of these five constituencies , Trinamool Congress Chief Whip in the Lok Sabha Sudip Bandyopadhyya and Union Minister of State for shipping Mukul Roy also participated in the march with Mamata Banerjee .",0,1,3,train_04,1
train_05_261,"The investigation agency has gone into the role of Headley and eight others including founder of Lashker Hafiz Saeed , mastermind of 26/11 Zaki-ur-Rehman Lakhvi and two serving Pakistani Army officials .",0,1,2,train_05,1
train_05_229,"The city has 60,000 autorickshaws , of which around 4,000 remained off the roads .",0,1,2,train_05,1
train_03_262,"Voters were intimidated at the Kiba voting station , and there were protests in Engcobo , which police dispersed .",0,1,3,train_03,1
train_03_196,"Chief Minister Y.S. Rajasekhara Reddy , sought details of the exchange of fire in Karimnagar yesterday , in which a student was killed in police firing .",0,0.666666667,3,train_03,1
train_08_65,They said the Naxals did not harm or ill-treat them during captivity .,0,0.5,2,train_08,1
train_09_A_118,Police justify action against students 16th December 2009 03:25 AM HYDERABAD : Police justified their action against students participating in the agitation programmes at Sri Krishnadevaraya University in Anantapur today even as various political parties and organisations launched protests against the unfortunate incident .,0,1,3,train_09,1
train_06_40,Home guards ran in the direction from which the stone had been hurled and caught hold of a teenaged boy and dragged him in the direction of the local police station .,0,0.5,2,train_06,1
train_02_189,"Naxal strike at jail as Gill makes first visit to Bastar - Indian Express Press Trust Of India , Press Trust Of India , Press Trust Of India , Press Trust Of India : Raipur , April 20 , Fri Apr 21 2006 , 01:47 hrs In the second such attack on Narayanpur jail this week , Naxalites triggered three landmine blasts at the prison last night but did not cause any damage , police sources said today .",0,1,3,train_02,1
train_03_274,"YSR Congress Party , which initially had called for a day-long bandh , extended it today .",0,1,3,train_03,1
train_08_30,"They also tried to blow up a Buddhist temple in Bronkhorstspruit , Gauteng .",0,1,2,train_08,1
train_05_238,"Today 's Paper Jharkhand village group clash claims 8 lives September 20 , 2006 00:00 IST GRIEF-STRICKEN : Family member of a tribal victim who died in a clash on Monday evening at the Tetratoli village , near Kurkura Bazar in Gumla district of Jharkhand on Tuesday .",0,1,2,train_05,1
train_08_212,"Chika , 33 , was shot at point-blank range in the driveway of his home in Alabama , Klerksdorp , on December 14 .",0,1,2,train_08,1
train_06_30,"It all began at around 4 pm at the local MCD school , which is divided into the Urdu - and Hindi-medium sections .",0,1,2,train_06,1
train_03_179,The crowd was singing and dancing as police in Nyalas and vans kept watch over proceedings .,0,0.666666667,3,train_03,1
train_03_21,"HUBLI : Support for Anna Hazare December 29 , 2011 00:00 IST Day two of the dharna organised by India Against Corruption , Hubli , in support of anti-corruption activist Anna Hazare attracted people from various sections of society .",0,0.666666667,3,train_03,1
train_06_46,"Another bomb went off in Bronkhorstspruit , Mpumalanga .",0,1,2,train_06,1
train_07_315,"And some of the things that I will be announcing are set out in your memorandum , we will be responding instantly to what you have set out in your memorandum , '' Ramaphosa said .",0,0.5,2,train_07,1
train_07_312,"Ramaphosa promises instant response to violence against women and children in SA Songezo Ndlendle CAPE TOWN , September 5 ( ANA ) - South Africa President Cyril Ramaphosa on Thursday addressed thousands of protesters outside Parliament following Wednesday 's mass gathering against the abuse and violence directed at women and children outside the meeting venue of the World Economic Forum in Cape Town .",0,0.5,2,train_07,1
train_08_11,"The organisers of the bandh , which included many Kannada organisations , Dalit organisations and heads of a few religious maths , there was no was force on the business establishments and hotels to close their establishments , and everybody 's support for the bandh call appeared voluntary .",0,0.5,2,train_08,1
train_04_206,"Magisterial probe ordered into Hardwar communal violence - Indian Express Rajeev Khanna , Rajeev Khanna : Dehradun , Thu Jul 16 2009 , 17:08 hrs Uttarakhand Chief Minister Dr Ramesh Pokhariyal Nishank has ordered a magisterial probe into an incident of communal violence that had been reported from Hardwar last Saturday .",0,1,3,train_04,1
train_02_45,"Kumar 's body was identified Thursday by his family and the company alleged that the violence was an orchestrated act of mob , which has implications beyond one company or region .",0,1,3,train_02,1
train_04_99,The state shut down Saturday in protest .,0,0.666666667,3,train_04,1
train_09_A_125,`` Fixing education and creating opportunities for the youth of today is the best way to pay tribute to the legacy of the students who lost their lives in the Soweto uprising . '',0,1,3,train_09,1
train_01_69,"Incidentally , the officer against whom they made the allegations resumed duty on Saturday after recovering from the injuries he had suffered in the police-fishermen clashes in Gangavaram on March 27 .",0,0.666666667,3,train_01,1
train_06_262,The Lashkar-e-Toiba is suspected to be behind the attack .,0,0.5,2,train_06,1
train_09_A_26,"“ Even though UFBU had given notice for the strike one month ago , the Government and Indian Banks Association did not take steps to address the demands .",0,1,3,train_09,1
train_04_306,This was the first peace rally in Srinagar after the unilateral ceasefire was announced .,0,1,3,train_04,1
train_08_98,Maoists kill contractor 20th May 2012 03:26 AM MALKANGIRI : The Maoists of Andhra-Odisha Border Special Zonal Committee ( AOBSZC ) shot a contractor dead at AOBSZC block headquarters on Saturday evening .,0,0.5,2,train_08,1
train_09_A_74,The mayor 's assassination was discussed at one meeting between the accused .,0,1,3,train_09,1
train_09_A_159,"A section of people resorted to road blockade , but the timely intervention of Central Armed Police Force ( CAPF ) defused the situation .",0,0.666666667,3,train_09,1
train_03_34,""" The Maoists stopped a bus and identified five jawans of the Chhattisgarh Armed Forces ( CAF ) ( the state armed police ) and took them away , "" Inspector General of Police ( Bastar ) TJ Longkumer told reporters .",0,0.666666667,3,train_03,1
train_01_125,Modi visited the homes of all the six victims of the serial blasts which rocked Patna ’ s Gandhi Maidan and other parts of the city during his visit to address the Hunkar Rally on October 27 .,0,0.666666667,3,train_01,1
train_06_151,`` After some discussion between police and community members they began throwing stones .,0,0.5,2,train_06,1
train_08_93,"Protesters surrounded the police headquarters chanting : “ Black police ” – a reference to the triads , known in Chinese as “ black societies ” .",0,0.5,2,train_08,1
train_01_155,"However , when he was returning home in the night , Pradhan was intercepted again by them and killed .",0,0.666666667,3,train_01,1
train_02_201,"Referring to today 's Congress rally at the Ramlila Maidan here , he said Congress just wants to show they have "" some support "" in the country .",0,1,3,train_02,1
train_06_237,The families of some of the other 1993 serial blasts convicts had also filed pardon petitions .,0,0.5,2,train_06,1
train_06_85,"Workers from the upstart Association of Mineworkers and Construction Union ( AMCU ) at the mine 's Thembelani shaft in Rustenburg have refused to come out since the 4am ( 0200 GMT ) shift started , according to George Tyobeka , an AMCU leader .",0,0.5,2,train_06,1
train_01_253,"Former Minister P. Babumohan , who was in oblivion for long , suddenly turned up in Sangareddy and participated in the agitation held before the Collectorate .",0,1,3,train_01,1
train_08_17,Neither had the swamijis nor Mr. Kanta accepted the notices and the police personnel had pasted the notices on the doors of the religious math and at the venue where Mr. Kanta was on hunger strike .,0,0.5,2,train_08,1
train_03_24,Battle continues in Poonch district 07th January 2009 01:41 PM Soldiers during the gun-battle with militants at Bhati Dhar forest in Poonch district of J & K .,0,1,3,train_03,1
train_03_48,Mangalore Bishop Fr Aloysius Paul D ’ Souza said the Panel report had failed to ensure justice to Christians who were deeply hurt during the church attacks .,0,0.666666667,3,train_03,1
train_01_255,"Similar protests were held at Narsapur , Sadasivapet , Toguta and other places .",0,0.666666667,3,train_01,1
train_06_139,"`` We simply do not have space for such a detrimental amount of pollution that is to come out from that coal-fired power station , '' the organisation 's project co-ordinator Tristen Taylor said at a protest against the mining company in Johannesburg .",0,0.5,2,train_06,1
train_07_3,"Cosatu members clashed with DA supporters as they made their way to the lawns of the Joburg ( formerly the Civic ) Theatre , 50 metres from the trade union federation 's office .",0,0.5,2,train_07,1
train_07_152,"Friday was the concluding day of Rahul ’ s three-day tour of Amethi where he launched several important projects , addressed party workers , met members of women ’ s self-help groups and held a public meeting , besides reviewing various development works .",0,0.5,2,train_07,1
train_03_305,"They have failed the African National Congress and they shame us as the alliance , '' he told members of the SA Municipal Workers' Union ( Samwu ) at a protest march in Durban .",0,1,3,train_03,1
train_04_73,It all started at about 9 last night when a gang of 30 plain-clothes policemen armedwith rifles and rods began attacking passersby and vehicles .,0,0.666666667,3,train_04,1
train_03_239,"Home Minister Rajnath Singh , campaigning in West Bengal for assembly polls , said he had spoken to Mehbooba who gave an assurance that all students are safe and she would enquire how the incident happened and fix responsibility .",0,1,3,train_03,1
train_03_222,"The parades come after two separate eruptions of bloodletting claimed more than a dozen lives in Xinjiang , a sprawling border region which has been blighted by repeated outbreaks of ethnic violence and terrorist attacks .",0,0.666666667,3,train_03,1
train_09_B_40,"Over 3,000 were killed in Delhi alone .",0,1,2,train_09,1
train_03_25,( Photo : PTI ) JAMMU : The battle raging between militants and security forces in the mountainous forested area of Poonch district in Jammu and Kashmir continued for the seventh day Wednesday and army officials said the intruders had tried to breach the security cordon laid around the area overnight .,0,1,3,train_03,1
train_09_A_111,Makwaiba was addressing thousands of striking public sector workers who had marched on the Free State 's main government building in Bloemfontein 's St Andrew 's Street .,0,1,3,train_09,1
train_05_67,"“ The movement at large is peaceful , but some young people are overwhelmed by a strong sense of helplessness and they ’ re emotionally charged. ” While a small splinter group was causing trouble at the legislature , 550,000 people marched peacefully through downtown Hong Kong without any scenes of violence or chaos .",0,1,2,train_05,1
train_05_269,"However , on Friday , Rajagopalan ’ s wife Jaya , also an AIADMK functionary , alleged that except one person , none of those arrested were actually involved in the murder .",0,1,2,train_05,1
train_03_303,"He enrolled at UNISA after his expulsion from the University of the North ( Turfloop ) for political activism , which arose from the organisation of the pro-Frelimo rallies in 1974 under the banner of the then South African Students Organisation ( SASO ) .",0,0.666666667,3,train_03,1
train_09_B_156,"Mony had , while addressing a rally at Thodupuzha in the district on Saturday , said that killings were nothing new to the CPI(M) as the party had finished off around 13 Congress workers in the early 1980 s .",0,0.5,2,train_09,1
train_06_6,Many senior party leaders joined PCC president Prasad Harichandan in the padyatra and addressed the gathering criticising Chief Minister .,0,0.5,2,train_06,1
train_06_172,This is the second time in two weeks the veterans have staged demonstrations outside the minister ’ s official residence .,0,1,2,train_06,1
train_03_271,"But educational institutions , some of whom have declared holiday , remained closed entirely .",0,1,3,train_03,1
train_04_216,Shops in the area were also shut down .,0,1,3,train_04,1
train_02_199,"Unique protest against FDI in retail - Indian Express Agencies , Agencies : New Delhi , Wed Nov 28 2012 , 14:05 hrs It was a protest with a difference where senior BJP leader Murli Manohar Joshi today joined traders in blowing horns to drive home a message that the government has become "" deaf and dumb "" to voices against FDI .",0,0.666666667,3,train_02,1
train_08_50,"An effigy of Tamil Nadu Congress Committee president , K.V. Thangakabalu was burnt near the Mariamman Teppakulam near here by three cadres of the peravai , the police said .",0,0.5,2,train_08,1
train_06_275,April 1 : Four people killed at Poradih-Chenpur village in Khunti district of Jharkhand .,0,1,2,train_06,1
train_07_296,Anti-government protesters in Hong Kong took over key roads early on Monday amid rising tensions ahead of what expected to be a huge pro-democracy rally on the anniversary of the city ’ s handover to China .,0,0.5,2,train_07,1
train_05_87,Some protestors also ransacked two private hospitals in the vicinity and attacked the Ambur Town Station .,0,1,2,train_05,1
train_07_26,Party State secretary Ilankumar Sampath led the agitation .,0,1,2,train_07,1
train_06_182,"Meanwhile , the government has warned of disciplinary action against the striking doctors .",0,0.5,2,train_06,1
train_02_292,The protests were joined by a large number of university students who stormed a civic square near the government headquarters .,0,1,3,train_02,1
train_08_269,He added that the shutdown was supported by the people .,0,0.5,2,train_08,1
train_03_267,"Not only were the 41 illegally taking part in the strike , as they were essential service workers , but they were also preventing fellow employees from working , by threatening and physically attacking them .",0,0.666666667,3,train_03,1
train_04_297,"J-K ultras reject ceasefire offer Posted : Wed Nov 22 2000 IST SRINAGAR , NOV 21 : Ignoring the ceasefire offered by the Centre , militants fired a rocket at a BSF headquarter and attacked a police post in the Kashmir valley since last evening injuring a police officer , police said today .",0,0.666666667,3,train_04,1
train_05_142,The contract workers struck work Sep 19 .,0,1,2,train_05,1
train_08_220,Former team Anna members Prashant Bhushan and Sanjay Singh also addressed the gathering .,0,1,2,train_08,1
train_08_264,"`` There are still worrying numbers of workers on strike , '' she said at the announcement of a platinum industry discussion forum in Johannesburg .",0,1,2,train_08,1
train_06_126,"As many as 217 members of 52 families were forcibly thrown out of their village in June , 2007 by a group of people led by Posco Pratirodha Sangram Samiti ( PPSS ) president Abhaya Sahu .",0,0.5,2,train_06,1
train_04_300,Militants also hurled a grenade on a security patrol at Alamgiri Bazar in downtown Srinagar last evening .,0,1,3,train_04,1
train_01_102,"Max Chung , who delivered the application for a letter of no objection from the police , that is required to hold a rally , said : “ We want to show to the public and international community that Hong Kongers , we will never surrender in front of terrorism … To show our solidarity and say no to terrorism , we have to stand up. ” Chung said : “ Yuen Long was under terrorist attack and we have no choice but to take it back. ” The protests , principally over a controversial bill that would allow suspects to be extradited from Hong Kong to mainland China , have taken on new demands , including an investigation into police use of rubber bullets , teargas and physical violence against protesters .",0,0.666666667,3,train_01,1
train_01_247,"The incident took place early Tuesday at Balthara village in Jamui district , about 200 km from Patna , when over three dozen armed Maoists stormed the office of a private construction company engaged in bridge construction and abducted the 15 people .",0,0.666666667,3,train_01,1
train_01_183,"The Left have been wiped out , "" Gandhi said at a rally here .",0,1,3,train_01,1
train_09_B_75,"Jaswant Singh had referred to three issues , the Gujarat communal carnage , the cash-for-votes scam and the Kandahar plane hijack and blamed Advani on all the three counts .",0,0.5,2,train_09,1
train_01_306,"Signed ' Hong Kong bin Laden ' , it also said the author was not happy with the work of Mr Tung 's two top officials , Chief Secretary Donald Tsang Yam-kuen and Financial Secretary Antony Leung Kam-chung , whom it also threatened to poison , a police source said last night .",0,1,3,train_01,1
train_04_19,"Following this , the police appealed to the agitators to withdraw the strike .",0,0.666666667,3,train_04,1
train_08_71,"The protesters , led by the association president D. Govindrao , staged the demonstration for over an hour .",0,0.5,2,train_08,1
train_05_197,"On Sunday , Swaraj spoke to Rajnath Singh and Delhi Lieutenant Governor Najeeb Jung about the attacks and said she was assured that the culprits would soon be arrested .",0,0.5,2,train_05,1
train_07_137,North West police said a group of people gathered next to the Bahurutshe Ba-Ga Moiloa tribal office on Friday evening burning tyres and singing struggle songs .,0,0.5,2,train_07,1
train_09_B_27,But the crowd continued to close in and allegedly attempted to snatch their weapons .,0,1,2,train_09,1
train_09_A_114,"We need to make sure , we must make sure we push , we push and we push until the state listens to us , '' Makwaiba told a cheering crowd .",0,0.666666667,3,train_09,1
train_02_261,"Around 1,000 students from the University of Pune ( UoP ) , extended support through a fresh signature campaign .",0,1,2,train_02,1
train_09_A_141,""" The gun fire was returned and a firefight ensued , "" the officer said .",0,0.666666667,3,train_09,1
train_08_149,"He was behind the bomb blasts of Pune , Delhi , Hyderabad , Bangalore and Mumbai .",0,0.5,2,train_08,1
train_08_60,KPCC vice-president Ramesh Chennithala presided over the function .,0,0.5,2,train_08,1
train_03_205,K.G. Suraj presided over the protest meeting .,0,0.666666667,3,train_03,1
train_03_164,Law and locals in a free-for-all 19th October 2009 01:07 AM The clash between police and the local people in Palode on Sunday .,0,1,3,train_03,1
train_05_204,"“ Three times , the residents in the region had blocked the soil-laden lorries , but , it did not have any impact .",0,0.5,2,train_05,1
train_07_83,"The abducted included TDP GK Veedhi mandal unit president V Balaiah , district committee executive member M Mahesh and Janmabhoomi committee member M Balaiah .",0,0.5,2,train_07,1
train_04_68,"Chief Minister N Chandrababu Naidu , who arrived here this afternoon , placed Umesh Chandra under suspension , besides ordering a CID inquiry and judicial probe into the attack .",0,0.666666667,3,train_04,1
train_03_131,"But , the miscreants who had destroyed the Chattambi Swami idol at Kannammoola could not be identified even after 36 hours of the incident .",0,1,3,train_03,1
train_01_196,TMC workers have been accused of leading the attacks .,0,0.666666667,3,train_01,1
train_09_A_80,"The Vidarbha Rajya Andolan Samiti , Vidarbha Pradesh Vikas Parishad and a few other organisations during a programme led by former Advocate General of Maharashtra Shreehari Aney had hoisted flag of separate Vidarbha state in Nagpur on May 1 .",0,1,3,train_09,1
train_05_58,"The police action came against a breakaway group of protesters , some of whom had forced their way into the legislative council building and vandalised its main chamber .",0,0.5,2,train_05,1
train_06_289,| Photo Credit : – PHOTO : S. SIVA SARAVANAN Staff Reporter Coimbatore : Family members of police personnel and retired police officials staged a demonstration at Gandhipuram in the city on Friday .,0,0.5,2,train_06,1
train_08_229,Mr. Yechury said 36 CPI(M) cadres were killed in the violence .,0,0.5,2,train_08,1
train_09_B_6,The journalist who had put out a report to that effect was manhandled .,0,1,2,train_09,1
train_07_318,Some in the crowd chanted `` bring death sentence back '' .,0,1,2,train_07,1
train_05_100,"The explosions occurred as China gears up for the start of Golden Week , a seven-day national holiday , with millions of people travelling across the country and massing in public spaces .",0,0.5,2,train_05,1
train_05_270,About 50 relatives of Rajagopalan put up a shed and began a hunger strike at around 9 am at the spot where Rajagopalan was hacked .,0,0.5,2,train_05,1
train_01_87,KSRTC buses were also attacked at a few other places including Poojappura and Balaramapuram .,0,0.666666667,3,train_01,1
train_04_133,"Cosatu 's march against e-tolling started in Braamfontein , central Johannesburg , on Thursday morning .",0,1,3,train_04,1
train_05_232,The bandh was led by Nana Kshirsagar 's Maharashtra Rickshaw Sena .,0,1,2,train_05,1
train_06_15,"The memorandum , from the residents of Ward 10 in the Nkonkobe municipality registered resentment and disapproval of the high crime rate in the country , in Alice in particular .",0,0.5,2,train_06,1
train_04_237,"VISAKHAPATNAM Rallies , meetings mark May Day fete May 02 , 2017 00:00 IST Anti-labour policies of Centre , State government criticised Rallies and meetings marked May Day celebrations by various trade unions with focus on taking up a united fight against NDA Government ’ s alleged attempts to dilute labour welfare policies .",0,1,3,train_04,1
train_05_267,"Though he escaped the impact of the bombs , the gang chased and hacked him to death in full view of the public .",0,0.5,2,train_05,1
train_04_91,Ealumalai was threatened and attacked by some Vanniyars .,0,0.666666667,3,train_04,1
train_09_B_112,"Slain SOG jawan cremated 06th April 2010 03:49 AM PARADIP : The mortal remains of SOG jawan Partharanjan Behera , who was killed in the Maoist ambush in Koraput district yesterday , were consigned to flames today at his village in Sarilo under Kujang police limits .",0,0.5,2,train_09,1
train_07_8,They also cooked food on the road with firewood .,0,1,2,train_07,1
train_09_A_104,Over 250 people participated in the rally in support of the campaign .,0,0.666666667,3,train_09,1
train_01_8,Table grape harvesters started protesting about their working conditions in De Doorns last month .,0,0.666666667,3,train_01,1
train_09_B_132,"The encounter had taken place at flat no. L -18 , Batla House in Jamia Nagar locality here on September 19 , 2008 , six days after serial bomb blasts rocked Delhi , killing 26 persons and injuring 133 others .",0,0.5,2,train_09,1
train_04_182,"We have to see all angles . "" Earlier , a group of people protested against the visit of the Congress president and the Union Home Minister outside the Mahabodhi Temple gate .",0,1,3,train_04,1
train_09_A_126,"SP shunted out , Udaipur cops skip meals at mess JAIPUR , AUGUST 5 Policemen in Udaipur have been up in arms since Tuesday .",0,1,3,train_09,1
train_09_A_150,The PLGA week coincides with the 48 - hour bandh call by the Maoists protesting the killing of Kishenji .,0,1,3,train_09,1
train_09_B_82,"Addressing the protest meet , Bhavani Rao More , district unit president of BJP youth wing said that as the deceased officer had alleged that he was being harassed by Bengaluru Urban Development Minister K.J. George , Chief Minister ( CM ) Siddaramaiah should drop Mr. George from the Cabinet .",0,1,2,train_09,1
train_01_23,"The commission , chaired by retired Judge Ian Farlam , is investigating the deaths of 44 people during the wage-related strike at Lonmin 's platinum mining operations at Marikana in August 2012 .",0,1,3,train_01,1
train_04_10,"No student suffered injuries in the incident , Ladda said .",0,0.666666667,3,train_04,1
train_03_261,"`` The SA Police Service had to clear the barricaded roads and had to force open the voting stations where the locks were changed by the communities in Bamboo Spruit , Jozana 's Nek , and Mngcunubeni in Sterkspruit , '' Mraji said in a statement .",0,1,3,train_03,1
train_01_93,"Management , Unions at loggerheads in KSRTC over attack on employees 07th July 2012 11:27 AM 204 attacks in 120 days !",0,0.666666667,3,train_01,1
train_03_308,It was accepted instead by his adviser Joe Nene .,0,1,3,train_03,1
train_07_34,The protesters allegedly assaulted photographers and damaged their equipment .,0,0.5,2,train_07,1
train_09_A_87,"Cardinal Joseph Zen Ze-kiun and pan-democrat lawmakers Lee Cheuk-yan , Audrey Eu Yuet-mee , Cyd Ho Sau-lan , Albert Chan Wai-yip and ' Long Hair ' Leung Kwok-hung attended the vigil .",0,1,3,train_09,1
train_06_190,"Today 's Paper 7 killed , 55 injured in two Assam bomb blasts November 23 , 2009 00:00 IST A child injured in a bomb blast being treated at the Gauhati Medical College Hospital on Sunday .",0,0.5,2,train_06,1
train_03_201,"Following this , hundreds of farmers from different parts of the district , under the leadership of Melkote MLA K.S. Puttannaiah , staged a protest near the KRS entrance on Thursday evening .",0,1,3,train_03,1
train_07_93,"Listing a number of such killings of and attacks on BJP leaders in the past one year , she said the incidents seemed to be “ targeted . ” The release also pointed to the attempted attack on senior BJP leader L K Advani during his visit to Madurai in 2011 .",0,0.5,2,train_07,1
train_07_22,Several of the protesters had banners and placards .,0,0.5,2,train_07,1
train_09_A_47,"The IFP also unveiled its election bus at the rally , at which party leader Mangosuthu Buthelezi was expected to speak later .",0,1,3,train_09,1
train_07_76,"Lawyers were caught on camera hurling stones , chairs and water bottles at the media , police and public .",0,0.5,2,train_07,1
train_01_22,"Modiba said he saw the aggressive strikers running alongside a police Nyala , charging at police .",0,0.666666667,3,train_01,1
train_01_164,"Initial reports by a variety of media , some quoting witnesses , said eight people brandished knives in the Saturday , March 1 attack .",0,0.666666667,3,train_01,1
train_05_212,They handed over a memorandum of grievances to the university 's management on Monday and gave it three days to respond .,0,0.5,2,train_05,1
train_08_113,`` Several cars were pelted with stones and a truck and bus were torched . '',0,0.5,2,train_08,1
train_02_85,"The party organised a number of conventions which were addressed by Union Labour Minister M. Mallikarjun Kharge , the former Chief Minister , Dharam Singh , senior leaders D.K. Shivkumar , V.S. Ugrappa , Rehman Khan and C.M. Ibrahim , among others .",0,0.666666667,3,train_02,1
train_08_119,"North West protestors barricaded the national road between South Africa and Botswana on Saturday , reported SABC news .",0,0.5,2,train_08,1
train_03_180,`` The strike is still on . '',0,1,3,train_03,1
train_05_266,AIADMK functionary Rajagopal was attacked with crude bombs by an unidentified gang on January 28 while he was travelling on a motorbike .,0,0.5,2,train_05,1
train_07_119,Amcu announced on Monday that the platinum strike was officially over and it would sign wage agreements with the platinum producers .,0,0.5,2,train_07,1
train_07_43,The alliance members then marched from the hall to Pixley ka Seme Street ( formerly West Street ) .,0,1,2,train_07,1
train_07_149,"Protest heldAs a part of the on-going nation-wide agitation , the employees of the insurance companies held a demonstration in front of the regional office of the National Insurance Company Limited in Sector 35 here .",0,0.5,2,train_07,1
train_02_290,The activists planned to use civil disobedience tactics and occupy Hong Kong ’ s central business district in hopes that Beijing would allow Hong Kong voters to choose the city ’ s leader for the first time in history in 2017 .,0,0.666666667,3,train_02,1
train_02_318,The riots cases have been lingering on and Modi has made the Supreme Court order directing the Special Investigation Team ( SIT ) to file its final report before the lower court in Ahmedabad and refusing to pass any order on his alleged inaction to contain the 2002 riots as an affirmation of his non-involvement in the carnage .,0,1,3,train_02,1
train_02_169,"Tuesday 's meeting , also highlighted the ambiguity surrounding the role of senior BJP leaders from Borivli in the rioting .",0,1,3,train_02,1
train_03_170,A police jeep and several two-wheelers were damaged .,0,0.666666667,3,train_03,1
train_02_31,"After returning home from office on Oct 15 , the Devarkadra agriculture extension officer had poured kerosene over herself and lit the match .",0,1,3,train_02,1
train_08_1,About 200 workers briefly protested outside the company 's head office in Johannesburg on Tuesday before agreeing to meet again on Wednesday .,0,0.5,2,train_08,1
train_03_130,The Home Department also submitted a detailed report on Wednesday ’ s incident at Kannammoola to the Election Commission .,0,1,3,train_03,1
train_06_39,Even as the police were rounding up the suspects and interrogating Chanda -- the prime suspect and a known ruffian -- a stone flew and landed near the area SDM Prakash Chandra .,0,0.5,2,train_06,1
train_02_19,"Meanwhile , Chief Minister Bhupinder Singh Hooda ordered a probe by an Additional District Magistrate into the Sunday ’ s clash and announced a grant of Rs 10 lakh to the next of kin of the deceased .",0,0.666666667,3,train_02,1
train_09_A_57,"Unlike the attacks on SPI Cinemas and Woodlands Theatre the previous nights , not even stray incidents of violence were reported .",0,1,3,train_09,1
train_04_38,But the 13 - member panel reached a consensus that full-scale riots like those which erupted in 1966 and 1967 were unlikely to take place .,0,1,3,train_04,1
train_05_77,Some reports since the event have suggested that several miners were shot dead among rocks a distance from where the police clashed with workers .,0,0.5,2,train_05,1
train_01_33,"On Tuesday Clegg sent a series of supportive tweets , including : “ I sympathise a great deal with the brave pro-democracy demonstrators taking to the streets of Hong Kong. ” He said the UK remained committed to the joint declaration and said that “ universal suffrage must mean real choice ” for voters and “ a proper stake in the 2017 election ” .",0,0.666666667,3,train_01,1
train_05_29,"Late in the night , BJP state president G Kishan Reddy also joined the protest .",0,1,2,train_05,1
train_07_302,"There have been large-scale protests in Hong Kong in recent years , including a two-month occupation in 2014 – but have failed to win any concessions from Beijing .",0,0.5,2,train_07,1
train_08_232,"It was the night of 28 September 2014 and , as the umbrella movement protests erupted on the streets of Hong Kong , the young filmmaker decided it was his mission to make a visual record of the historic political convulsion .",0,0.5,2,train_08,1
train_04_17,"However , his attempt was foiled by another worker and the police present on the spot .",0,0.666666667,3,train_04,1
train_09_A_124,"He said as the country stood together in remembrance of the 1976 Soweto Uprising , 22 years into democracy , it was important to remember what they were standing against .",0,1,3,train_09,1
train_03_310,"TRS men attack Renuka 's office 02nd December 2009 10:54 AM HYDERABAD : Telangana Rashtra Samiti ( TRS ) activists Wednesday set ablaze Congress party leader and former union minister Renuka Chowdhry 's office in Khammam town , about 200 km from here .",0,1,3,train_03,1
train_07_132,It was not immediately known what the protest was about .,0,1,2,train_07,1
train_04_314,"Indirectly pointing the finger at Congress district president Pawan Dewan and his supporters , he said , "" People sitting on dharna need to understand that property tax imposed by government is genuine and there is a need to adjust .",0,1,3,train_04,1
train_09_B_18,He was allegedly set on fire by some workers this afternoon .,0,1,2,train_09,1
train_06_196,"However , a caller , identifying himself as self-styled commander of the ULFA ’ s 709 Battalion Hira Sarania , told three local television news channels that the outfit was not involved in the blasts .",0,0.5,2,train_06,1
train_05_303,"In all , about 150 activists proceeding towards Hyderabad were detained by police on Thursday morning .",0,0.5,2,train_05,1
train_09_B_154,Some political organisations had reportedly distributed some posters and pamphlets describing Ramaswamy as anti-Hindu which were displayed by him in the open court .,0,0.5,2,train_09,1
train_01_269,Ajay Kumar told IANS that the non-teaching staff were only protesting and not going on strike .,0,0.666666667,3,train_01,1
train_01_297,Saccawu members continued their national strike on Tuesday .,0,1,3,train_01,1
train_03_108,BJP workers broke barriers and damaged the signboard outside the CPM office .,0,1,3,train_03,1
train_05_9,Their cars were attacked and stoned .,0,1,2,train_05,1
train_03_259,"On Tuesday , National People 's Congress Chairman Zhang Dejiang said the central government firmly supported Leung and his government , the first such remark since this year 's July 1 rally .",0,1,3,train_03,1
train_03_32,"5 Chhattisgarh cops abducted by Maoists 25th January 2011 10:44 PM RAIPUR : Maoists stopped a bus in Chhattisgarh 's restive Bastar region on Tuesday and abducted six passengers , including five policemen , on the eve of the Republic Day .",0,1,3,train_03,1
train_06_38,The residents told the CM that it was not the residents of the area who indulged in fighting .,0,0.5,2,train_06,1
train_06_144,"In Theni , the PMK held an unusual form of protest with members sporting a "" patta naamam "" ( holy ash spread across their foreheads ) , symbolically signifying betrayal .",0,0.5,2,train_06,1
train_04_261,"TELANGANA Bank strike impacts operations March 01 , 2017 00:00 IST Employees of private banks did not participate in the strike Banking operations across Telangana came to a standstill on Tuesday with several thousand employees of public sector , old generation private and regional rural banks participating in a one-day nationwide strike called by the United Forum of Bank Unions .",0,0.666666667,3,train_04,1
train_07_56,Investigating Officer Ramesh Mahale and the doctor who carried out the autopsy of the terrorists who attacked Mumbai and were killed during action are also to testify before the Pakistani judicial team .,0,0.5,2,train_07,1
train_02_193,"Two more landmines were detonated late last night , police said adding that one blast was triggered near a college while the third one took place behind the jail premises .",0,0.666666667,3,train_02,1
train_03_103,"A rumour was also circulated that there was one more blast at Hebbal , but the police denied it .",0,1,3,train_03,1
train_03_11,Farmers stage dharna in Harihar No grants released so far : officials,0,1,3,train_03,1
train_06_213,"This is unacceptable and can not be tolerated , '' ANC provincial secretary Sihle Zikalala said in a statement .",0,1,2,train_06,1
train_03_71,The former Minister for Civil Supplies and Karunagapaly MLA C. Divakaran participated in the dharna .,0,1,3,train_03,1
train_02_220,One incident occurred in a private institute near Jagamara where two groups clashed over the membership issue .,0,0.666666667,3,train_02,1
train_05_310,People remained glued to the television boxes watching the incidents that unfolded during the march .,0,0.5,2,train_05,1
train_04_136,Activists hold Earth ’ s funeral march 13th December 2009 04:26 AM BANGALORE : The Global Day of Action initiative gained support in Bangalore during a march conducted by Greenpeace in response to the uncertainity of the the UN Climate Change Conference in Copenhagen .,0,0.666666667,3,train_04,1
train_07_66,"' The new generation of Hong Kong people were born and live here and their roots are in the city ' said Yip , 27 , the former vice-convenor of the Civil Human Rights Front that has been organising the annual July 1 protests over the past few years .",0,0.5,2,train_07,1
train_03_238,""" I only want to say that CM of J & K has assured that no injustice will be done , "" Irani said , adding Mehbooba has assured her that an enquiry has been ordered into the clashes inside the the NIT campus .",0,1,3,train_03,1
train_07_182,"There were complaints about polling agents being kidnapped in Kadapa , Anantapur and Kurnool districts which are being verified .",0,0.5,2,train_07,1
train_09_A_132,Half of them have not dined in their mess today .,0,1,3,train_09,1
train_05_179,The guerrillas also looted weapons of the policemen killed .,0,1,2,train_05,1
train_02_211,"The Naxalites , of course , have a counter-theory for these exchanges :",0,1,3,train_02,1
