train_03_154,The interdict followed an incident in the morning when two security guards were chased off the Durban building site by striking workers .,1,1,3,train_03,0
train_08_261,"The R300 and N2 highways in Cape Town were reopened on Saturday afternoon following a brief protest , the Western Cape Traffic department said .",1,1,2,train_08,0
train_04_251,"Jail Superintendent Veerabhadra Swamy told presspersons that the trouble broke out after a few inmates , who were praying outside a place of worship in the jail , took serious exception to the disturbance being caused by some inmates belonging to a different faith .",1,0.666666667,3,train_04,0
train_04_196,"It was followed by a series of attempts to derail trains on the Erode-Coimbatore section , by placing boulders on the track .",1,1,2,train_04,0
train_09_B_69,"Trouble erupted on March 8 , when the devotees found the Adhi Veeramahaliamman idol removed from the pedestal with some damage on it .",1,1,2,train_09,0
train_04_104,The protesters were taken into police custody when they started picketing vehicles passing through the State Bank circle .,1,1,3,train_04,0
train_06_24,"Soon after the meeting , BJP legislators staged a dharna demanding Bhardwaj ’ s recall for his “ undemocratic conduct ” , even as the state Cabinet urged him to accord permission to convene a 10 - day legislature session from June 2 .",1,1,2,train_06,0
train_01_314,The two structures were targeted by the ultras because they believed they could serve as temporary camps for sheltering security personnel deployed in the area .,1,1,3,train_01,0
train_02_137,"A group of protesters pelted the police with stones , after the police dispersed them from blocking the road linking Brits and Letlhabile .",1,0.666666667,3,train_02,0
train_06_313,"VMC health department officials said though the situation was not alarming this time round as it was during the previous strike , the city could stink more if the antiation workers ’ strike was not resolved fortwith .",1,1,2,train_06,0
train_02_141,"A team of around a dozen enforcement staffers , led by Assistant Municipal Engineer Baldev Raj Verma , had gone to free prime MC land ( measuring 4 acres and worth Rs 100 crore ) when a mob of around 150 encroachers pounced on them , forcing them to flee in a bid to save their lives .",1,1,3,train_02,0
train_08_252,"Bank work hit by staff strike - Indian Express Express News Service , Express News Service : Faridkot / Moga , Thu Dec 17 2009 , 00:02 hrs Bank work remained paralysed in the region after the employees went on strike following a call given by the All India Bank Employees ' Union and the All India Bank Officers ' Association .",1,1,2,train_08,0
train_08_253,They were protesting the proposed merger of State Bank of Indore into the State Bank of India .,1,0.5,2,train_08,0
train_05_258,Mumbai Crime Branch had accused Ansari and Sabbauddin of providing details of the targets attacked by the LeT during 60 hour gun battle and had to face embarrassment twice when the trial court and the Bombay High Court acquitted the two saying there was no evidence against the two .,1,1,2,train_05,0
train_02_100,"Congress leaders led by Gandhiji , including Rajaji , Jawaharlal Nehru , Sardar Vallabhbhai Patel , Abul Kalam and Jayant Kriplani sat on a hunger strike , demanding the government reassess its priorities , commitment to original principles , ability to link national sovereignty and independence to the truest freedoms of every Indian , including freedom from poverty , hunger , exploitation and slavery .",1,1,3,train_02,0
train_07_255,"The recent rash of bombings in Gauteng reflected rising discontent among Afrikaners , the Afrikaner Group of 63 said on Thursday .",1,1,2,train_07,0
train_03_221,Thousands of heavily armed troops have paraded through cities in China ’ s troubled far west with officials there vowing a “ thunderous ” anti-terror crackdown after an apparent upsurge in deadly ethnic violence .,1,0.666666667,3,train_03,0
train_03_77,"Hence , we also have plans to organise talks with the public and also with those who hold protests against plywood factories so that the actual issues can be sorted out , ” he added .",1,0.666666667,3,train_03,0
train_07_222,"The incident took place at 8 am when Anurag Pandey , the newly elected LMC corporator from Mallahi Tola -1 , and his supporters had an argument with LMC sanitation workers Arun Kumar , Anil Kumar , Sachidanand , and their colleagues over the cleaning of streets in the locality .",1,0.5,2,train_07,0
train_08_192,"They then took the workers , who were sleeping there , including the JCB and tractor drivers , to about one km , fearing police retaliation .",1,1,2,train_08,0
train_03_294,"AAP workers had yesterday gathered outside the party office at Rishi Nagar here and expressed their resentment and raised slogans against the party and its leaders for allotting ticket to Khayalia , who was recently inducted into the party .",1,1,3,train_03,0
train_02_286,"The group were found guilty earlier this month on rarely used colonial-era public nuisance charges for their roles in the 2014 protests calling for free elections , the largest civil disobedience movement in the city ’ s history .",1,0.666666667,3,train_02,0
train_02_241,Police and security forces immediately cordoned off the area to nab the militants responsible for the firing which triggered panic in the over-crowded area .,1,1,3,train_02,0
train_01_157,"Ishrat Jahan , a 19 - year-old college student was killed along with three others on June 15 , 2004 allegedly by a team of Crime Branch officials on the outskirts of Ahmedabad , after intelligence inputs that a group of Lashkar terrorists have plotted to kill Gujarat Chief Minister Narendra Modi to avenge the 2002 communal riots in the state .",1,1,3,train_01,0
train_07_232,"The residents said the SI had used unparliamentary language when they were staging a road roko , over supply of drinking water .",1,1,2,train_07,0
train_06_278,"January 26 : CPI-Maoist cadres shot dead three persons , accusing them of being police spies , at Borlagunda village in Andhra Pradesh 's Karimnagar district .",1,1,2,train_06,0
train_08_104,"Police used rubber bullets to disperse a group of about 300 people protesting against poor service delivery in Landsdowne Road , Superintendent Riaan Pool said .",1,1,2,train_08,0
train_09_B_85,"Ahmed , who was arrested in the Raju Pal murder case and was out on bail , allegedly threatened witnesses for deposing against him .",1,1,1,train_09,0
train_03_240,"Earlier , in a letter to the HRD ministry through NIT administration , the students had demanded hoisting of national flag , action against staff involved in anti-national activities and replacing Jammu and Kashmir Police by CRPF for security of the NIT campus , which has been gripped by tension following clashes in the wake of India 's loss to West Indies in the World T 20 Cup .",1,0.666666667,3,train_03,0
train_01_159,"Patigul Tohti , who was wounded and captured at the scene , was jailed for life after being convicted of taking part in the attack .",1,1,3,train_01,0
train_07_192,Sagar denied that there was a fight between Tyagi and Prasad and added that the leprosy patients assaulted him when he went there to deliver the transfer orders .,1,1,2,train_07,0
train_09_A_79,"By unfurling a separate flag , the supporters of a separate Vidarbha have insulted the tricolour and the Constitution , "" it said .",1,0.666666667,3,train_09,0
train_08_316,"( PTI ) MATHURA : Two policemen , including a superintendent of police were killed and 12 others were injured as police tried to evict around 3,000 encroachers from a park in Mathura , Uttar Pradesh late on Thursday .",1,1,2,train_08,0
train_07_319,"As a nationwide commuter rail strike entered its second day on Tuesday , delaying thousands of commuters , Metrorail increased its alternative service in Cape Town to 360 bus journeys .",1,1,2,train_07,0
train_05_55,"On August 16 , 34 striking mineworkers were shot dead and 78 were injured when the police opened fire while trying to disperse a group which had gathered on a hill near the mine .",1,1,2,train_05,0
train_01_205,"The taxi strike that left commuters stranded in Johannesburg was expected to also disrupt matric pupils writing exams on Monday , the Gauteng education department said .",1,0.666666667,3,train_01,0
train_03_30,He was also booked by the Central Bureau of Investigation ( CBI ) as one of the 17 accused in the 2007 ‘ Dinakaran ’ newspaper office attack case .,1,0.666666667,3,train_03,0
train_08_14,The protesters raised slogans against the State Government and the police for arresting nearly 70 Dalits after an incident in which stones were thrown at the police personnel at Tarfail slum .,1,0.5,2,train_08,0
train_01_189,"After family members narrated the incident to their neighbours , people came on the road and held demonstrations .",1,1,3,train_01,0
train_01_290,Congress is protesting the recent hike in railway passenger fares and freight rates announced by the Centre .,1,0.666666667,3,train_01,0
train_04_168,"Earlier , hundreds of vehicles were stranded at Alampur , about 160 km from Hyderabad , as , raising slogans of "" Jai Telangana "" , the activists of JAC and TRS stopped the traffic .",1,0.5,2,train_04,0
train_03_311,"The door and windows of the office were damaged when TRS workers torched the office after throwing petrol on it , police said .",1,0.666666667,3,train_03,0
train_05_128,"A petition started by a Chinese student demanding an investigation into the case has so far garnered more than 170,000 signatures .",1,1,2,train_05,0
train_07_187,"Babudom strikes back , former official pays for leprosy home agitation Posted : Fri Feb 12 1999 IST NEW DELHI , February 11 : The Department of Social Welfare today suspended a former superintendent of the Tahirpur Custodial Home for Leprosy Patients for "" instigating ' ' the agitation of leprosy patients .",1,1,2,train_07,0
train_08_94,"“ If every Hongkonger chooses to stay at home , then we will surely die … This is the way Hongkongers show their trust to each other – by showing up and standing up for each other. ” Anger over last week ’ s Yuen Long attack has added fuel to Hong Kong ’ s protest movement , with additional rallies planned for Sunday .",1,1,2,train_08,0
train_09_B_92,"Mr. Chandy was not condemning violence by RSS workers to get RSS support , he added .",1,1,2,train_09,0
train_08_137,"Legislative Council paralysed for 2nd day - Indian Express Express News Service , Express News Service : Lucknow , Wed Mar 06 2013 , 00:16 hrs The Legislative Council was paralysed for the second consecutive day on Tuesday as opposition parties disrupted the proceedings , demanding arrest of the killers of Kunda DySP Ziaul Haque , who was gunned down in Balipur village in Pratapgarh district last Saturday .",1,1,2,train_08,0
train_01_53,"And in June 2007 , over 20,000 people rallied in Xiamen , a coastal city in Fujian province , to protest against plans to built a paraxylene chemical plant in the city .",1,1,3,train_01,0
train_06_103,Residents started protesting on Sunday afternoon about a water shortage in Mothutlung .,1,1,2,train_06,0
train_04_281,"Seeking their jobs back , hundreds of protesters from across the state converged at the Vikas Bhawan ( Punjab Rural Development and Panchayats department headquarters ) in Mohali 's Sector 62 early in the morning .",1,1,3,train_04,0
train_07_116,"The end to the platinum strike has brought a stop to the hardships that South Africa has suffered in the last few months , Lonmin CEO Ben Magara said on Tuesday .",1,1,2,train_07,0
train_05_12,"“ A priest who addressed the agitation against the airport raised the baseless argument that Kuttanad will be destroyed if the airport comes up in Aranmula , which is factually incorrect , ” the Metropolitan said .",1,1,2,train_05,0
train_05_301,Addressing a press conference TRS leader B. Goverdhan Reddy and others said the march was a success despite the hurdles created by the government .,1,0.5,2,train_05,0
train_08_78,"By evening , the march had turned tense as demonstrators pushed close to villages surrounding the town , where some of the triads believed to be behind the attack are based .",1,1,2,train_08,0
train_08_311,"A spokesman for the Pakistan-based guerrilla group called journalists in Srinagar on Monday and said its "" suicide squad "" had inflicted heavy casualties on Indian forces at the Ashajipora camp .",1,0.5,2,train_08,0
train_05_307,Orders Nizamabad Staff Reporter adds : Despite prohibitory orders imposed on the movement of Telangana protagonists many of them from the district managed to make it to the twin cities take part in the ‘ Million March ' held on Thursday .,1,0.5,2,train_05,0
train_01_194,"3 Cong workers killed on phase-IV eve - Indian Express Kolkata , Mon Jul 22 2013 , 01:36 hrs On the eve of the fourth phase of panchayat elections , widespread incidents of violence led to the death of three Congress workers on Sunday .",1,1,3,train_01,0
train_01_321,"The slogan , “ We want Sureswari irrigation project not JR Power Plant ” rented the air even as vehicular traffic came to a standstill from 6 am till noon following the blockade by people of Kishorenagar area .",1,1,3,train_01,0
train_08_160,Decision challenged Members of the Secretariat Association had been on the war path and had been staying out of offices in protest against the decision .,1,1,2,train_08,0
train_07_206,"A two-member delegation comprising the chairperson is also visiting Mewat to obtain first-hand information on the murder of a couple and the gangrape of two Muslim girls , allegedly by cow vilgilante groups .",1,1,2,train_07,0
train_02_302,"Singh and the Jan Morcha have been leading a vociferous agitation in the last few months against the Mulayam Singh Yadav government against the buying 2,500 acres of "" prime agricultural land "" from farmers at a "" throwaway price "" for the Dadri power project .",1,0.666666667,3,train_02,0
train_07_131,The roads were first closed at 4:45am after protesters blockaded them with burning tyres .,1,1,2,train_07,0
train_09_A_106,"For instance , a few years ago , MNS workers disrupted a railway recruitment examination because some candidates were non-Marathis .",1,0.666666667,3,train_09,0
train_08_12,"Though the police had assured people of full protection during the bandh , most business establishments remained closed .",1,0.5,2,train_08,0
train_05_309,"Since two passenger trains were cancelled , engaging of private vehicles were restricted and each vehicle was thoroughly checked at all check-posts along the National Highway -7 many activists decided to give the march a miss .",1,1,2,train_05,0
train_07_29,"Swami Laxamananda death anniversary : High security in Kandhamal due to VHP programme 23rd August 2016 08:17 PM PHULBANI : The communally sensitive Kandhamal district was today put under high security blanket as the members of the VHP assembled there to observe the death anniversary of Swami Laxamananda Saraswati , whose killing had sparked a large scale riot in the area in 2008 .",1,1,2,train_07,0
train_04_23,"Mamata shows off strength , takes out padayatra 01st April 2011 02:48 AM KOLKATA : Trinamool Congress supremo Mamata Banerjee organised a huge padayatra as part of her election campaign in the city on Thursday , sending a message to the CPM leadership about the possible change in the state administration .",1,0.666666667,3,train_04,0
train_05_84,"95 Youth Arrested for Attack on Ambur cops 29th June 2015 06:08 AM VELLORE : As many as 95 youth have been arrested with the deadly attack on police personnel in Ambur Town on Saturday night which left 38 police personnel , including women , and a couple of civilians injured in connection with the death of Shameel Ahmed .",1,1,2,train_05,0
train_08_114,Mulaudzi could not confirm reports that the miners were demonstrating after Xstrata fired them .,1,1,2,train_08,0
train_07_164,"PUSU stages protest outside V-C office - Indian Express Express News Service , Express News Service : Chandigarh , Tue Aug 20 2013 , 03:19 hrs CHANDIGARH : Panjab University Student Union ( PUSU ) , a student 's organisations of the Panjab University ( PU ) , staged a protest outside the vice-chancellor office on Monday demanding re-appear examination at the earliest to fulfill 50 per cent credit requirement for students in University Institute of Engineering and Technology ( UIET ) .",1,1,2,train_07,0
train_05_322,"July 27 , 2009 : Six CRPF men killed in a landmine blast at Dantewada district in Chhattisgarh .",1,1,2,train_05,0
train_04_5,"But the surcharged emotions after the release of Srikrishna Committee report made us to boycott exams , ” a student leader agreed .",1,0.666666667,3,train_04,0
train_01_73,"Madhi was produced before the ' Kangaroo Court ' and killed by the ultra for acting as a police informer , villagers alleged .",1,0.666666667,3,train_01,0
train_03_143,The university has planned an increased despite the # FeesMustFall protests that caused unrest and turned violent towards the end of the year .,1,0.666666667,3,train_03,0
train_02_52,"They took to the street and within minutes a farm house was on fire , two more house were set alight and road blocked .",1,0.666666667,3,train_02,0
train_03_258,There was also largescale displacement in Kandhamal district during and after the 2008 riots following the killing of Swami Lakshmanananda Saraswati .,1,1,3,train_03,0
train_07_307,"While the spark for the current wave of protests was an attempt by chief executive Carrie Lam to pass the Beijing-backed extradition law , the demonstrations have morphed into a wider movement against Lam ’ s administration and Beijing .",1,1,2,train_07,0
train_08_208,The resumption of lectures at NMMU on Wednesday were marred by disruptions as running battles between police and protesters continued .,1,1,2,train_08,0
train_03_5,"In Bhaderwah and Thathri , protestors took out a march and burnt tyres demanding arrest of the culprits and punishment to them .",1,1,3,train_03,0
train_07_133,"That apparent calm was shattered in late December , when security forces shot four militants who allegedly attempted to blow up a Communist party building in southern Xinjiang .",1,1,2,train_07,0
train_05_170,"`` While the electoral commission had anticipated some disruptions to registration in areas due to community activism , it is saddened to note that in some instances protesters appear to have targeted the registration stations and threatened IEC officials , '' Moepya said at the time .",1,1,2,train_05,0
train_09_B_91,"The CPI(M) leader said that while CPI(M) workers were the victims of RSS attacks at Thalassery and Malampuzha , the UDF was organising a Shanthi Yatra ( a foot march for peace by the Congress ) to target the CPI(M) as perpetrators of violence .",1,1,2,train_09,0
train_07_264,“ The JAC has decided to go on work to rule in any given month if the salaries were not paid on first day of that month .,1,1,2,train_07,0
train_07_78,"It was a surcharged atmosphere as some lawyers went on an attacking spree without any provocation , identifying visual media personnel .",1,1,2,train_07,0
train_06_70,"Then , Roja , along with other YSRC leaders and activists , immediately staged a dharna at the temple itself until the early hours of Saturday seeking action against those involved in the incident .",1,1,2,train_06,0
train_09_B_129,"“ He ( Shahzad ) is held guilty of attempting to cause death of Head Constables Balwant Singh and Rajbir Singh and causing death of Inspector M C Sharma by firing on them , ” Additional Sessions Judge Rajender Kumar Shastri said .",1,1,2,train_09,0
train_08_177,"The protestors removed a portion of the railway track between Diphu and Doldoli stations today , halting train movement , they said .",1,1,2,train_08,0
train_06_26,"The Left , the BJP and a few other parties have been disrupting Parliament proceedings for the past two days over the alleged involvement of the Maoists in organising Trinamool Congress rally at Lalgarh in West Bengal .",1,1,2,train_06,0
train_04_319,"To avoid trouble , the Arunthathiyars attempted to conduct rituals at Kalliamman temple on their street with loud speakers , but the Caste Hindus prevented their efforts on Sunday in which the tile roof of a nearby shed was damaged .",1,1,3,train_04,0
train_06_229,"Since the work on the bridge was progressing at a snail ’ s pace , the locals had begun an agitation since June 16 .",1,1,2,train_06,0
train_02_40,"About 200 people , majority of them leaders and workers of the Congress party , were arrested in connection with 114 cases of attacks on Reliance outlets .",1,0.666666667,3,train_02,0
train_04_71,The angry policemen wrote slogans on RTC buses demanding that the transfer of Umesh Chandra be revoked .,1,1,3,train_04,0
train_06_298,"Our Universities are already cash-strapped and inevitably the burden of paying for this brazen right wing vandalism will be carried by the poorest of students , who are desperate to access higher education so that they can one day get a job . ''",1,0.5,2,train_06,0
train_01_70,Some police personnel intervened and urged them to give up their protest - but to no avail .,1,0.666666667,3,train_01,0
train_04_115,"Denied Aid , Dalit Boy tries to End Life 19th June 2014 07:22 AM MADURAI : Distressed after allegedly being denied a scholarship by his school , a Class XII Dalit dropout of the Government Higher Secondary School in Allinagaram , in Theni district , tied to immolate himself on Tuesday .",1,1,2,train_04,0
train_05_69,"Lam called a rare press conference early on Tuesday to condemn the “ extremely violent ” storming of the legislature , which she described as “ heartbreaking and shocking ” .",1,1,2,train_05,0
train_06_141,"Meanwhile , political activists continued their protest in several places in Tamil Nadu , particularly districts fed by the Mullaperiyar waters , to protest Kerala 's refusal to raise the storage level in the dam .",1,1,2,train_06,0
train_09_A_160,"TAMIL NADU Strike hits work in many offices October 31 , 2007 00:00 IST MADURAI : Normal work was affected in many Central and State Government offices in Madurai as employees belonging to various unions struck work as part of the nationwide strike demanding interim relief .",1,1,3,train_09,0
train_09_B_142,The meeting discussed strategies to intensify the agitation against the Posco project and counter police action during construction of coastal road following the decision of the State Government to resume work from early next month .,1,1,2,train_09,0
train_05_137,Khanyile was last year denied bail as he had violated his bail conditions related to an earlier case when he was arrested during student protests in February last year .,1,1,2,train_05,0
train_05_33,"Taxi protest march shuts down Rustenburg Molaole Montsho RUSTENBURG , September 12 ( ANA ) - Commuters were left stranded and businesses closed on Thursday as the taxi industry embarked on a protest march against gender based violence .",1,1,2,train_05,0
train_06_270,"April 26 : Three policemen and two CPI-Maoist cadres were killed in an encounter in Dumka , Jharkhand .",1,0.5,2,train_06,0
train_04_270,"Speaking to mediapersons after the meeting , Pandian said he and Nallakannu had requested the CM to withdraw cases registered against those protesting against KKNPP as they had staged demonstrations in a peaceful manner .",1,1,3,train_04,0
train_04_247,The decision was taken after hundreds of KSRP personnel and their family members staged a protest in Koramangala blocking traffic for more than eight hours on Wednesday .,1,1,3,train_04,29:112,0:22,:,:,:,29:112,113:168,113:121,:,:,0
train_09_B_20,“ Had the administration wanted it could have averted the incident .,1,1,2,train_09,6:31,32:66,2:5,:,:,0
train_06_248,"Partial in Singareni The Telangana NGOs State associate president , M. Sudhakar , who took part in the protest at the Collectorate , said the fears being expressed by employees and workers owed mainly to the moves of the government .",1,1,2,train_06,204:231,138:188,189:203,:,:,0
train_09_B_24,"However , local villagers resisted the searches , saying there were no militants hiding there .",1,1,2,train_09,50:93,10:47,:,:,:,0
train_04_9,"The stone pelting resulted in injuries to about 12 security personnel , he said .",1,1,3,train_04,0:17,30:69,18:29,:,:,0
train_04_243,About 120 PG students are on strike demanding payment of their stipend arrears .,1,1,3,train_04,36:78,0:35,36:45,:,:,0
train_07_130,"He said some 200 protesters became violent , and traffic had to be diverted .",1,1,1,train_07,8:42,49:75,:,:,:,0
train_05_171,"He said incidents of protest affected voting stations in areas including Mahikeng and Marikana in North West ; Malamulelele , Musina , Mogalakwena , and Northhampton , in Limpopo ; Bushbuckridge in Mpumalanaga ; Khayelitsha in the Western Cape ; Denver , George Koch , and Orange Farm in Gauteng ; Ethekwini and Jozini in KwaZulu-Natal ; Nelson Mandela Bay , Butterworth , and OR Tambo in the Eastern Cape ; Pampierstad in the Northern Cape ; and Maluti-a-Phofung in the Free State .",1,1,2,train_05,8:28,29:62,29:37,:,:,0
train_05_305,"Irked over the arrests , the protestors staged dharna .",1,1,2,train_05,0:22,25:53,0:10,:,:,0
train_09_A_20,Her driver drove the SUV and hit him causing injuries to his hands and legs .,1,1,3,train_09,0:36,37:75,37:44,:,:,0
train_06_283,"As the violence spread , the curfew was later extended to eight more localities .",1,1,2,train_06,3:22,25:79,0:2,:,:,0
train_09_B_1,Night halt services to remote villages were suspended following the bandh call .,1,1,2,train_09,64:78,0:53,54:63,:,:,0
train_02_222,The clash left at least three students injured .,1,1,3,train_02,0:9,10:46,10:14,:,:,0
train_02_88,It has organised a political convention to mobilise support to secular forces .,1,1,3,train_02,40:77,0:39,40:42,:,:,0
train_05_124,“ We will continue our strike till we get an assurance from the Government .,1,1,2,train_05,35:74,2:29,30:34,:,:,0
train_06_37,"After the Chief Minister was briefed about the incident , she was mobbed by the residents and had to listen to the acute power problem in the area .",1,0.5,2,train_06,0
train_05_54,"On Thursday , Phatsha told the commission that he did not consider disarming because this did not occur to him when police Nyalas ( armoured vehicles ) started deploying barbed wire at the hill where the strikers had assembled .",1,1,2,train_05,0
train_01_109,"Hailey Leung , a university student who has been attending the protests this summer , said : “ The fear of the gangs is definitely stronger than the fear of the use of violence of the police. ” Her parents have been supportive of the protests but , since the violence in Yuen Long , they have asked her not to attend .",1,0.666666667,3,train_01,0
train_02_132,Locals said the attack was triggered when a “ vehicle of the security forces ” could not pass because of the rally and the jawans got into an “ altercation ” with some people in the gathering .,1,0.666666667,3,train_02,0
train_05_160,The agitating activists attacked the ruling party office to register their protest against the delay in categorisation of SCs .,1,1,2,train_05,0
train_06_117,"Junior Docs Threaten to Intensify Agitation 06th October 2014 06:05 AM HYDERABAD : Junior doctors of government medical colleges in Telangana are showing no sings of calling off their indefinite strike , with the government paying no heed to their demands .",1,1,2,train_06,0
train_03_16,The decision was taken following a demonstration staged by a group of persons who are natives of Salem and have registered with the District Employment Office ( DEO ) for the same post .,1,1,3,train_03,0
train_05_263,"The division bench of Bombay High Court comprising justices Ranjana Desai and R V More while dismissing the plea of state government earlier this year had said "" we are of the view that the view taken by learned Sessions Judge so far as involvement of the duo in this case is concerned , cannot be called unreasonable , palpably false , manifestly erroneous and demonstratively unsustainable which merits our interference . "" The High court concurred with the view taken by Sessions Judge that the map recovered from killed terrorist pocket should have some wrinkles on it and blood spots as the LeT terrorist was badly injured in the gun-fight .",1,1,2,train_05,0
train_09_B_46,"When quizzed about the alleged police intimidation most of those who submitted claimed off-record that they had been individually helped by the police during riots and that yesterday , some officers did call them up and ask them to depose in their favour .",1,1,2,train_09,0
train_03_98,Tension gripped the city following the blasts and a red alert was sounded at all installations .,1,1,3,train_03,0
train_05_288,Police injured in stone pelting 29th January 2012 01:34 AM JCBs being pressed into service in the road widening drive at Kolar on Saturday | Express Photo KOLAR : Tension prevailed at Ammavarpet in the city after protestors pelted stones at police who accompanied officials in a road-widening drive on Saturday .,1,1,2,train_05,0
train_04_303,He has recently expressed his willingness to return to India to stand trial in the hijacking case .,1,0.666666667,3,train_04,0
train_06_83,"Referring to her criticism on his continuing in power after the serial blasts in Coimbatore in 1998 , he sought the Chief Minister 's explanation on why none has been arrested in connection with the May 1 Central station twin bomb blasts .",1,1,2,train_06,0
train_06_179,"Govt Readies to Wield the Stick as Striking Doctors Decide to Harden Their Stand 15th September 2015 05:49 AM THIRUVANANTHAPURAM : With the government appearing to be in no mood to meet the demand of the doctors of the health service , the Kerala Government Medical Officers Association spearheading the hunger strike in front of the state secretariat has called for intensifying the agitation in the coming days .",1,1,2,train_06,0
train_04_167,"Students and lawyers also joined the protests , focusing on Mahabubnagar district to stop vehicles entering Telangana coming from Kurnool district , which is a part of the Rayalaseema region .",1,0.666666667,3,train_04,0
train_06_277,A hand-written note left behind by the Maoists claimed the four persons were being ' punished ' for indulging in robbery .,1,1,2,train_06,0
train_08_31,Today 's Paper Fiery protest YSR Congress activists take out a candlelight rally on Necklace Road on Monday to protest the delay in bail to Y.S. Jaganmohan Reddy .,1,0.5,2,train_08,0
train_08_210,"A seventh suspect has been arrested for the murder of ANC North West official Obuti Chika , the Hawks said on Friday .",1,1,2,train_08,0
train_02_217,"24th March 2016 05:23 AM THOOTHUKUDI : In recent days , particularly after the attack on Nadar Outfit leader , Subash Pannayar , police ‘ activism ’ in the form of torture has allegedly increased and the place that has been allegedly chosen for such torture is the shooting range on Vallanadu Hills .",1,0.666666667,3,train_02,0
train_06_33,"Personnel from the local police station , which is less than half-a-kilometre from the spot , reached 20 minutes after the clashes broke out .",1,0.5,2,train_06,0
train_09_A_121,She claimed that the police showed maximum restraint but lost temper when some of their colleagues got hurt during the stone-pelting and rataliated .,1,0.666666667,3,train_09,0
train_03_72,"BJP protests dumping of fly ash in Haliyal 02nd May 2009 03:56 AM HALIYAL : The Haliyal BJP unit has protested against the reported dumping of fly ash by the West Coast Paper Mills Ltd ( WCPM ) of Dandeli , on various fields around Haliyal .",1,0.666666667,3,train_03,0
train_08_185,"About a hundred Maoists blew up part of a power sub-station in Naxal-dominated Jamui district , affecting power supply in the area .",1,1,2,train_08,0
train_04_101,Traffic between Bangalore and Mysore was also affected for several hours as protesters blocked roads in Mandya .,1,1,3,train_04,0
train_03_65,"He is facing charges of violating a court order , public violence , assault , theft , and damage to property during the 2016 protest against `` colonised '' tertiary education .",1,0.666666667,3,train_03,0
train_01_71,They poured out their woes to the reporters and photographers who reached the Police Stadium on hearing about the incident .,1,0.666666667,3,train_01,0
train_05_281,"Broken glass , rocks , a broken traffic light and other debris were scattered on Albertina Sisulu Road during the protests .",1,1,2,train_05,0
train_05_81,The burnt-down police station was repaired and given a fresh coat of paint overnight .,1,1,2,train_05,0
train_07_261,"VIJAYAWADA : Impasse over payment of salaries to civic workers continues December 16 , 2012 00:00 IST VMC employees are determined to continue ‘ Work to Rule ’ The stalemate over payment of salaries to municipal workers continued on Saturday , with the Joint Action Committee ( JAC ) of VMC Employees bent upon continuing ‘ Work to Rule ’ .",1,1,2,train_07,0
train_04_92,"KARNATAKA Protest July 06 , 2007 00:00 IST Gulbarga : Dalit Sena activists laid siege to the zilla panchayat office in Gulbarga on Thursday in protest against the decision to close down some hostels for Scheduled Caste / Scheduled Tribe students in the district .",1,1,3,train_04,0
train_01_162,"They did not confess to the planned attack after their capture , and so should bear full responsibility for the loss of life , the court said .",1,0.666666667,3,train_01,0
train_08_68,""" On December 29 , we halted at Basaguda village in Chhattisgarh but some people in civil clothes approached us and tied our hands upon which we realised we have been kidnapped .",1,1,2,train_08,0
train_09_A_55,Even the merchants and brokers operating outside the APMC yards in various towns and cities closed the shutters of their shops in response to the bandh .,1,1,3,train_09,0
train_01_302,Lee said her hunger strike would continue until the government instituted a stronger official response to Occupy Central and recent “ radical ” protests at Legco .,1,1,3,train_01,0
train_09_B_160,"Mullanchira Mathai was beaten to death on January 16 , 1983 , but lack of witnesses led to the acquittal of 11 CPI(M) activists arraigned in the case .",1,0.5,2,train_09,0
train_01_0,"The State alleged they hacked Sabata Petros Chale , 39 , to death in Marikana West , on December 8 , 2016 , allegedly over the allocation of low cost ( RDP ) houses at Marikana West Extension 2 .",1,0.666666667,3,train_01,0
train_06_74,"Shenzhen park shop owners seek compensation for flood damage PUBLISHED : Sunday , 17 June , 2007 , 12:00am About 300 angry restaurant and shop owners and their employees confronted mainland police at Shenzhen 's Sea World yesterday to demand compensation after their businesses were flooded last week .",1,1,2,train_06,0
train_08_58,Speeches of Congress leaders who addressed a large gathering of party men made it abundantly clear that all major issues prominent in the political discourse of the State would be highlighted by the march visiting all constituencies in the State .,1,1,2,train_08,0
train_07_110,"The allegations got strong back-up when the Kerala Medicos Joint Action Council ( KMJAC ) , which spearheaded the previous strike , also raised the same concern .",1,1,2,train_07,0
train_08_317,The station house officer of the Farah police station Santosh Yadav and the Superintendent of Police ( City ) Mathura Mukul Dwivedi were killed when activists of Swadheen Bharat Subhash Sena ( SBSS ) opened fire at the police party that attempted to evict it from Jawahar Park late on Thursday evening .,1,1,2,train_08,0
train_07_270,"In the C -6 ward meant for emergency and orthopaedic patients , three operations that were scheduled for Monday were cancelled soon after the faculty decided to intensify their agitation .",1,1,2,train_07,0
train_07_305,"The protests throughout June have been largely peaceful , but on 12 June , the scene turned violent when police used rubber bullets , teargas , pepper spray and batons to disperse crowds and some protesters threw objects back at the police .",1,1,2,train_07,0
train_08_67,""" We had gone to study the life of people in remote and Naxal-affected tribal areas as part of our mission and did not expect to be kidnapped by the Naxals , though we fully knew about their presence , "" they said .",1,1,2,train_08,0
train_02_235,"Forty-four people were killed during strike-related unrest at Lonmin 's platinum mining operations at Marikana , near Rustenburg in North West , last year .",1,0.666666667,3,train_02,0
train_08_277,"Apart from students and teachers of Jawaharlal Nehru University , many residents too gathered here after hearing about the protest on news channels .",1,1,2,train_08,0
train_01_318,"As many as 6,000 fishing boats , including mechanised boats and fibre boats from the region had stopped venturing into the sea from January 13 due to which the inflow of fish into the city ’ s market decreased .",1,1,3,train_01,0
train_02_78,Hazare offers to apologise to Sharad Pawar 24th November 2011 11:24 PM RALEGAN SIDDHI : Anna Hazare Thursday offered to apologise to union Agriculture Minister Sharad Pawar over his comment on an attack on the Nationalist Congress Party leader in Delhi .,1,0.666666667,3,train_02,0
train_02_182,"When the education authorities conducted the meet on Friday afternoon , physical education students and teachers staged a protest by sitting on the tracks at the meet grounds .",1,0.666666667,3,train_02,0
train_06_321,Congress Workers Spoil Sub-district Arts Fest 14th November 2014 06:07 AM PERINTHALMANNA : The Congress workers participating in the Janapakshayatra flexed their muscles on Thursday and interrupted the Perinthalmanna Sub-district Arts Festival to avoid disturbance at a reception accorded to the yatra in the town .,1,1,2,train_06,0
train_09_B_99,People blocked the entrance to the Mayor ’ s office to express their displeasure over the inconveniences caused by the halfway left storm water drain project in ward 53 .,1,1,2,train_09,0
train_07_185,"Moreover , there was no loss of life or injuries to any person resulting out of use of fire arms or explosives by the warring groups , police officials said .",1,0.5,2,train_07,0
train_08_223,"TAMIL NADU Post blasts , the web of security tightens May 29 , 2014 00:00 IST Railway stations , places of worship , cinema halls , malls – the enhanced protective measures are everywhere The May Day twin blasts on platform nine of Chennai Central sent a strong message to various enforcement agencies in the city .",1,1,2,train_08,0
train_02_279,"Resenting the arrests , the activists staged rasta roko before NTR statue and before the Kurnool III Town police station for some time .",1,0.666666667,3,train_02,0
train_07_199,"In recent years , for instance , many retired military veterans have gathered together across the country in protests against the stingy benefits and pensions they receive from the state .",1,1,2,train_07,0
train_07_53,Mumbai attack : Pakistan yet to ' decide ' on panel 06th July 2011 08:01 PM NEW DELHI : India said on Wednesday that Pakistan has not yet made up its mind on when to send its judicial commission for recording the statements of Mumbai terror attack witnesses .,1,0.5,2,train_07,0
train_01_225,"Hong Kong police on Thursday also charged 44 people linked to the protests with “ rioting ” , a crime that carries a maximum penalty of 10 years in prison .",1,0.666666667,3,train_01,0
train_01_9,The protests spread to 15 other towns and resulted in two deaths and the destruction of property .,1,1,3,train_01,0
train_02_116,Police apparently fired teargas and rubber bullets after students barricaded the main entrance .,1,1,3,train_02,0
train_02_212,The police claimed they were killed while trying to blow up the local bus station .,1,0.666666667,3,train_02,42:81,0:35,36:41,:,:,0
train_07_4,Stones were thrown and a number of people were left injured .,1,0.5,2,train_07,0:18,23:59,:,:,:,0
train_06_116,They were on strike for about 65 days protesting the low wages .,1,1,2,train_06,38:62,0:37,38:48,:,:,0
train_04_217,"Earlier , residents gathered outside the police station to protest about the murders .",1,1,3,train_04,56:66,10:55,56:58,:,:,73:84,56:66,67:72,:,:,0
train_07_13,"Firing on brick kiln labourers : 3 held - Indian Express Shaheen P Parshad , Shaheen P Parshad : Amritsar , Wed Apr 01 2009 , 00:08 hrs Six protesters were injured in the firing",1,0.5,2,train_07,0
train_04_134,"Marchers gathered at Cosatu 's head office in Jorissen street at 8.30am , and left shortly before 11am to deliver memorandums to the labour department , the provincial transport department , the office of the MEC for transport , the Gauteng legislature and the Gauteng premier .",1,1,3,train_04,0
train_04_98,"With little option but to obey the Supreme Court directive , Karnataka started releasing water from September 29 , which has led to daily protests in Bangalore and in the Cauvery basin districts .",1,1,3,train_04,0
train_01_273,"VISAKHAPATNAM DCI employees go on mass casual leave , threaten to intensify stir December 06 , 2017 00:00 IST Urge Central government to drop privatisation move A day after alleged suicide by one of their colleagues , the employees , including officers , went on a mass casual leave on Tuesday to press for their demand to withdraw decision on privatisation of Dredging Corporation of India ( DCI ) .",1,1,3,train_01,0
train_05_205,"They also had organised a human chain protest , recently to draw public attention on the issue ” he shared .",1,1,2,train_05,0
train_04_208,The incident had led to spread of rumors in the neighbouring locality of Jwalapur where both minority and majority population has considerable presence .,1,1,3,train_04,0
train_04_230,"Mahant Jugal Kishore Shastri , a priest with the Ayodhya-based Saryu Kunj temple , said : "" At this stage , if other religious leaders from different parts of the country also come forward and join hands to work out an amicable settlement of the Ayodhya issue , I personally feel that the Ansari 's move would definitely produce the desirable result . "" A special three-judge bench of the Allahabad High Court 's Lucknow bench Thursday by a majority verdict ruled that the place where the Babri Masjid in Ayodhya stood , before it was razed by Hindu mobs in 1992 , was indeed the birthplace of Hindu god Ram .",1,0.666666667,3,train_04,0
train_08_164,"Chief Minister Pinarayi Vijayan had directed the heads of departments to initiate disciplinary action against employees who have been boycotting work after signing the attendance register in the name of the protest , after monitoring the closed circuit camera visuals .",1,1,2,train_08,0
train_07_272,"Parents and teachers held a protest demonstration in front of the school stating that the headmaster was always coming to school late , or on leave .",1,1,2,train_07,0
train_05_291,"Lawyer held for marking anniversary of Tiananmen protests allowed to see attorneys PUBLISHED : Thursday , 08 May , 2014 , 5:36pm Robust June 4 turnout spurs organisers to call for more at 30th anniversary 5 Jun 2018 A civil rights lawyer who was placed in criminal detention after he attended an event commemorating the anniversary of the crackdown on pro-democracy protests in Tiananmen Square has been allowed to see his own legal representatives .",1,1,2,train_05,0
train_07_37,""" Some protesters attacked me when I was clicking pictures , but their colleagues dissuaded them .",1,0.5,2,train_07,0
train_01_204,Beijing launched a campaign to ' educate ' Tibetan monks and nuns after unrest rocked Tibetan-populated areas in March 2008 .,1,1,3,train_01,0
train_01_179,"Flash strike by guards delays suburban trains - Indian Express Express News Service , Express News Service : Fri Nov 30 2012 , 03:16 hrs Most guards on local trains abstained from work Thursday protesting "" irritable "" behaviour of the area officer at Churchgate , forcing station masters and traffic inspectors to take up their role .",1,1,3,train_01,0
train_09_B_106,"A group of conservationists has been camping at the pier for nearly two months , in protest at its proposed demolition .",1,1,2,train_09,0
train_02_284,"A group of Hong Kong pro-democracy activists have been sentenced to prison for their role in the Umbrella Movement protests , with two of its leaders jailed for 16 months .",1,1,3,train_02,0
train_09_A_127,"They have been reportedly skipping meals at the police mess to protest the transfer of Superintendent of Police R.P. Meharda from Udaipur , for his alleged role in clashes between Muslims and tribals in Sarada township .",1,0.666666667,3,train_09,0
train_03_219,Both of these issues remain deeply unpopular among city residents and previous government attempts to enact security legislation and national education sparked mass protests .,1,0.666666667,3,train_03,0
train_02_139,"The protest started on Monday , when informal dwellers went to the Madibeng municpality to demand the answers to the memorundum they had handed over to the Office of the Premier on April 4 .",1,1,3,train_02,0
train_05_52,His supporters chanted and waved placards calling for state agencies not to be used in political matters .,1,1,2,train_05,0
train_07_263,"Till then , cooperate . ” ‘ Assurance needed ’ The JAC convener Eswar , however , said that they cannot suspend their work to rule unless there was a categorical assurance on the salaries .",1,1,2,train_07,0
train_04_266,"Subsequently , more constituents , in a show of solidarity , joined and thus the protest was postponed to February 28 , said P .",1,1,3,train_04,0
train_06_94,"Meanwhile , thousands of members of the local weavers ' community stormed the Dharmavaram town police station for parading some of their members half-naked and insulting them .",1,1,2,train_06,0
train_07_109,""" The militants fired indiscriminately on at least three locations , killing one army soldier and injuring two more , "" police spokesperson A. Das told IANS .",1,0.5,2,train_07,0
train_08_75,A peaceful march in the town of Yuen Long to condemn an attack by suspected gang members on commuters turned violent as Hong Kong riot police fired teargas and rubber bullets on the crowd and used batons to beat protesters .,1,1,2,train_08,0
train_09_A_115,Makwaiba also criticised the Freedom Front leader Pieter Mulder for comments that the strike was linked to the succession race in the African National Congress .,1,0.666666667,3,train_09,0
train_09_A_9,""" Welcoming Pakistans PM would be the insult of the martyrdom of our soldiers because Pakistan neither took action against guilty despite protest of our government nor return the head of our soldier so I boycotted his visit , "" the Dargah 's spiritual head said yesterday .",1,1,3,train_09,0
train_01_252,"While earlier it was the turn of Telangana Rashtra Samithi ( TRS ) to participate in protests in support to farmers , on Monday it was the Telugu Desam .",1,1,3,train_01,0
train_08_312,"In a separate incident in the neighbouring area of Awantipore , an Air Force vehicle was damaged and two security force personnel were injured when a landmine exploded .",1,1,2,train_08,0
train_08_298,""" Rebels opened fire on the IAF chopper when it tried to land in a conflict zone in Sukma district to rescue a few troopers who had received gunshots in an encounter .",1,1,2,train_08,0
train_05_126,"Leaders of both the organisations including the President of the KPKCS Bhimshetty Yempalli and Secretaryof the KPRS Gouramma Patil staged a dharna outside the Vikas Soudha , housing all the government offices in Gulbarga city on Friday demanding the regularisation of the unauthorised cultivation which would help tens of thousands of landless agricultural labourers as a one-time measure .",1,0.5,2,train_05,0
train_08_295,"He claimed that YSR Congress activists "" manhandled "" TDP activists at A. Konduru and Khambhampadu villages in which about 10 workers were injured .",1,1,2,train_08,0
train_04_165,The protestors came out on the highway with bullock carts to stop the vehicular traffic .,1,1,3,train_04,0
train_08_168,"Hong Kong must not become a breeding ground for hate Susan Chan denounces the abuse perpetrated by radical protest groups PUBLISHED : Monday , 16 March , 2015 , 2:13pm In recent weeks , there have been protests organised against parallel trading in the New Territories and Tsim Sha Tsui .",1,1,2,train_08,0
train_07_163,Streaker surrenders 02nd January 2013 10:25 AM The Ernakulam Central Police on Tuesday arrested the Ernakulam Law College student who allegedly ran naked through MG road demanding the removal of Justice K G Balakrishanan from the Chairman post of the National Human Rights Commission on December 17 .,1,1,2,train_07,0
train_01_41,"Addressing a massive public rally at Vandalur , around 40 km from here , Modi said : "" The central government should be strong , only then the neighbouring countries will be friendly with us . "" Accusing the United Progressive Alliance ( UPA ) government of adopting a confrontationist attitude towards the states , he said it has been demolishing the constitutional institutions whereas the need of the hour is a cooperative attitude .",1,1,3,train_01,0
train_01_65,"More violence in TN district Posted : Wed Jun 25 1997 IST RAJAPALAYAM , June 23 : In continuing violence in TN 's Kamarajar district , one person was stabbed and buses being attacked .",1,0.666666667,3,train_01,0
train_01_97,"KERALA Brewing protest Members of the Kerala Mahila Sangham , the State unit of the National Federation of Indian Women , protest against the hike in cooking gas price , in Thrissur on Thursday .",1,1,3,train_01,0
train_08_13,"Braving scorching sun , hundreds of people , including many women , led by Sri Mahanta Shivacharyaru of the Sulpul Math , Sri Rajashekar Shivacharyaru , Guru Mahanta Shivacharyaru of the Hiremath at Pala , Shivanda Swamigalu of Sonna Dasoha Math , Gangadhar Swamigalu of Chowdapur Math , Kanchi Basava Shivacharyaru of Roza Math , battery of Congress leaders including DCC president Allamprabhu Patil , MLC , the former Mayor Chandrika Parameshwar , zilla panchayat member Ambaraya Ashtagi , the former president of the HKCCI Umakant Nigudgi , Karnataka Rakshana Vedike president Arunkumar Patil , Hyderabad Karnataka Janapara Sangarsh Samiti Laxman Dasti and others marched from the Super Market to the Deputy Commissioner 's office to register their protest against the insensitive and indifferent attitude of the Government to the genuine demands of the pourakarmikas .",1,1,2,train_08,0
train_08_28,"Brothers Kobus , Wilhelm and Johan Pretorius , Herman van Rooyen and Rudi Gouws -- who made up the Boeremag 's bomb squad -- were also convicted of murdering Soweto mother Claudia Mokone with a home-made bomb and of trying to murder former president Nelson Mandela .",1,1,2,train_08,0
train_07_107,"One soldier killed in ambush as Assam votes 23rd April 2009 10:11 AM GUWAHATI : One soldier of the Indian Army was killed and two wounded in an ambush by tribal separatists in Assam 's North Cachar Hills district Thursday while polling was underway for the second and final phase of parliamentary polls in the state , police said .",1,0.5,2,train_07,0
train_07_150,The call was given by the Joint Front of Trade Unions of the GIC and the LIC.The front has given a call to hold daily protest demonstrations until Parliament session gets over .,1,1,2,train_07,0
train_09_B_138,The police had said that it has sufficient circumstantial evidence and phone records to prove that Shahzad was present in the Jamia Nagar flat and was among those who had fired at the police team leading to the death of inspector Sharma .,1,1,2,train_09,0
train_08_239,"Jagan had taken up the hunger strike on Sunday morning in support of ‘ Samaikyandra ’ agitation in Coastal Andhra and Rayalaseema regions , which is going on for the last 27 days .",1,1,2,train_08,0
train_02_99,"The entire protest against the celebrations began with Mangal Pandey , joined by Rani Lakshmi Bai , Maulavi Ahmedullah Shah , Rao Sahib , Tantia Tope , Azimullah Khan , Kunwar Singh , Rajput chief of Jagadishpur , Firuz Saha , Pran Sukh Yadav and Rao Tula Ram of Rewari , who refused food and water against the leaders and people of India for letting down every single person who fought for freedom .",1,1,3,train_02,0
train_09_A_22,"Because of the protest , the Deputy Commissioner assured the farmers that the procurement would be continued through the night on Tuesday .",1,1,3,train_09,0
train_03_264,About 28 organisations under the banner of Confederation of Sanathana Dharma Suhruth Vedi launched agitations about 20 months ago demanding that the study centres be opened .,1,1,3,train_03,0
train_08_127,"NAMAKKAL : Power loom workers ’ strike continues May 03 , 2015 00:00 IST With the third round of talks over wage hike failed to yield any results , power loom workers in Pallipalayam continued their indefinite strike for the sixth consecutive day here .",1,1,2,train_08,0
train_09_B_64,Some BJP activists staged a demonstration outside the police station alleging that police were targeting them to appease the MIM .,1,1,2,train_09,0
train_01_152,Bimbola village turned into a battle field as rival groups wielding guns took the centre stage .,1,1,3,train_01,0
train_07_89,"TN BJP man felled , leaders call for arrests 21st July 2013 09:56 AM The murder of Tamil Nadu BJP General Secretary V Ramesh invoked strong response from the national leadership on Saturday with the party top brass , including Leader of Opposition Sushma Swaraj and Gujarat Chief Minister Narendra Modi demanding that the state government initiate a thorough probe into the incident and take action against culprits .",1,1,2,train_07,0
train_05_89,"Police have arrested as many as 181 persons since the protests began and were taken to an undisclosed place for inquiry and released 86 persons , all under 18 years of age .",1,1,2,train_05,0
train_09_B_114,Sub-Inspector Murlidhar Bastia of Raghunathpur area was killed in Maoist attack while working in Keonjhar district .,1,1,2,train_09,0
train_05_78,It turned a blind eye to the outburst of communal violence in Malda as the instigators and perpetrators didn ’ t belong to what is referred to as the ‘ majority community ’ .,1,1,2,train_05,0
train_06_79,"“ We will not rest till the corrupt BJD Government is thrown out of power , ” Odisha Pradesh Congress Committee president Niranjan Patnaik thundered at the rally which saw a turnout of more than a lakh .",1,1,2,train_06,0
train_05_158,"It may be recalled that SPO Raju , an exservicemen participated in Kargil war , who was on duty at Gandhi Bhavan had received severe burns when the MRPS activists had set fire to the Congress party office on February 28 .",1,0.5,2,train_05,0
train_08_226,"NATIONAL Yechury takes a dig at Advani on Nandigram December 19 , 2007 00:00 IST Kanwar Yogendra SHIMLA : The CPI(M) on Tuesday questioned the BJP over its opposition to the tough measures taken by the West Bengal government against the Maoists at Nandigram where they had set up a “ liberated zone . ” CPI(M) leader Sitaram Yechury was reacting to the reference made by BJP leader L.K. Advani during his public meetings here .",1,1,2,train_08,0
train_06_58,"But the authorities ’ harsh policing of the protests , coupled with a refusal by Hong Kong ’ s leader to completely withdraw the bill , mean protesters have returned to the streets time and again .",1,1,2,train_06,0
train_05_210,Classes at all the Tshwane University of Technology 's ( TUT ) campuses were suspended following student protests on Tuesday .,1,1,2,train_05,0
train_03_209,"“ We are here to fight for democracy and universal suffrage. ” Organisers said more than 60,000 people joined the 3km march , which has been held nearly every year since Hong Kong returned to China in 1997 .",1,0.666666667,3,train_03,0
train_05_91,"Around 50 women protested and tried to surround the Tahsildar office in Ambur Town demanding the release of the persons arrested , claiming the persons arrested were innocents .",1,1,2,train_05,0
train_07_106,"The promotion coincided with the 28th anniversary of the 1989 Tiananmen Square massacre , when Chinese soldiers killed thousands in an effort to suppress democracy protests , and tanks rolled through the streets of Beijing .",1,1,2,train_07,0
train_06_192,"The first blast occurred just near the Nalbari Police Station in the heart of the town around 10 a.m., injuring several people .",1,0.5,2,train_06,0
train_07_98,"Anguished by the murder of Ramesh , hundreds of BJP workers staged a protest at near the Valluvar Kottam in Chennai on Saturday .",1,1,2,train_07,0
train_06_69,"As per details , when Roja was about to perform the ‘ first Harati ’ to Goddess Gangamma on Friday mid-night , some miscreants in the crowd snatched the ‘ harathi plate ’ from her hands , injuring her wrist in the process .",1,1,2,train_06,0
train_08_87,"Earlier , a group of protesters had smashed the windows of a Lexus near the train station after spotting rods similar to those used against passengers last Sunday , leaving fliers criticising the police on the bonnet .",1,1,2,train_08,0
train_02_25,Sectarian clashes broke out in Inderkoot village in Sumbal town on December 19 in which one person was injured and a house was partially damaged in arson .,1,0.666666667,3,train_02,0
train_01_89,"However , local people and the shopkeepers joined forces and pelted stones at the hartal supporters forcing them to flee .",1,0.666666667,3,train_01,0
train_09_A_149,"TAMIL NADU Anti-inflation protest DRAWING ATTENTION : MDMK general secretary Vaiko leading a demonstration against the State and Central Governments , protesting the increase in prices of essential commodities , near the Collectorate in Chennai on Tuesday .",1,0.666666667,3,train_09,0
train_06_100,"According to police , one person was arrested for public violence on Saturday after about 70 protesting residents stoned a car and attempted to blockade roads in Goedgevonden .",1,1,2,train_06,0
train_01_188,"Protests in Kupwara molestation of girl over - Indian Express Agencies , Agencies : Srinagar , Thu Jul 09 2009 , 12:30 hrs Locals took to the streets in frontier district of Kupwara today demanding the arrest of a territorial army jawan , who allegedly tried to molest a young woman following which she committed suicide .",1,1,3,train_01,0
train_08_217,"India had suspended the talks after Pakistani gunmen attacked Mumbai last year , saying it would not be resumed till Islamabad showed concrete action on meeting India ’ s concerns over cross-border terrorism .",1,1,1,train_08,0
train_07_157,Main accused Dawood Ibrahim Kaskar and Tiger Memon have still not been brought to trial as they fled India hours after the blasts .,1,1,2,train_07,0
train_07_252,Violence over cut in water supply 04th December 2009 02:16 AM A boy holding an empty bucket participates along with others in a protest against water shortage in Mumbai India Thursday .,1,1,2,train_07,0
train_09_A_161,Post offices wore a deserted look as members of the National Federation of Postal Employees and many other associations did not turn up for duty .,1,1,3,train_09,0
train_05_177,"The incident took place around noon in Gaya district 's Uchla village near Sherghati , about 100 km from here , when Maoists blew up a patrolling vehicle of the Roshanganj police station .",1,1,2,train_05,0
train_05_174,"“ In the wake of increased attacks on the minorities , the recent happenings in Orissa is causing great concern , ” the statement said .",1,1,2,train_05,0
train_09_A_41,But Chevalier staff representatives claim their dismissal is unlawful and discriminatory as most of the sacked operators were union members and had joined a campaign to protest against the pay-cut plan .,1,0.666666667,3,train_09,0
train_06_12,It is being alleged that racism could have been one of the triggers for the quarrel .,1,1,2,train_06,0
train_06_184,"The KGMOA has started boycotting all VIP duties , outside duties , training and camps from Monday as part of intensifying the agitation .",1,0.5,2,train_06,0
train_04_307,"Vatican deplores ' senseless violence ' in Kashmir - Indian Express Agencies , Agencies : Vatican City , Tue Sep 14 2010 , 16:20 hrs The Vatican has said it deplored "" senseless violence "" in Jammu and Kashmir after rioters defied curfews and torched a Christian school in a surge of anger stoked by the desecration of the Koran .",1,1,3,train_04,0
train_08_91,"Residents , activists and opposition lawmakers have accused the government and police of colluding with the triads in an attempt to suppress protests , a charge vehemently denied by Hong Kong ’ s chief executive , Carrie Lam .",1,1,2,train_08,0
train_09_B_153,"Meanwhile , security forces and Naxalites had an encounter near village Belgaon  12 km from Bairamgarh in Bijapurkilling a Maoist rebel on the spot .",1,1,2,train_09,0
train_07_136,`` Our disappointment is that the violence occurred after attempts earlier in the day by my office to receive a memorandum from the community . '',1,1,2,train_07,0
train_06_294,Five members of the old group entered the church during the Sunday mass yesterday and assaulted Akilan injuring him .,1,0.5,2,train_06,0
train_09_B_76,"Singh had recently blamed Advani for coming to Gujarat Chief Minister Narendra Modi ’ s rescue and ensured that he was not sacked , in the wake of the riots .",1,0.5,2,train_09,0
train_01_78,"Hassan : Residents protest delay in improving road September 25 , 2013 00:00 IST Residents of Belur on Monday protested the delay in repairing the main road in the town by planting banana saplings in the middle of the road .",1,1,3,train_01,0
train_08_169,"The scenes are getting more and more ugly and disturbing , with shops being forced to close and people who are not parallel traders being molested and bullied .",1,1,2,train_08,0
train_03_152,"ANDHRA PRADESH Women stage dharna for gas connection October 04 , 2008 00:00 IST Staff Reporter WARANGAL : Hundreds of women under the aegis of CPI ( M ) staged a dharna at the Collectorate demanding free gas connection .",1,1,3,train_03,0
train_03_314,Tension gripped Khammam as KCR continued his ' fast unto death ' in a government-run hospital in Khammam demanding a separate Telangana .,1,0.666666667,3,train_03,0
train_05_93,"Goldfields Limited would only reopen its number four shaft at the Beatrix mine in the Free State once it was assured of worker safety after two people were killed during a National Union of Mineworkers ( NUM ) meeting at the mine , Goldfields spokesman Willie Jacobsz said on Wednesday .",1,1,2,train_05,0
train_07_55,"This , according to Islamabad , will help in prosecuting the suspected masterminds of the 2008 terror strike in which 166 people were killed when 10 Pakistani terrorists sneaked into Mumbai and unleashed murder and mayhem with bombs and guns at multiple targets .",1,0.5,2,train_07,0
train_03_280,"Campaign against Negligence of Girl Child , a non-governmental organisation , and the District Legal Services Authority jointly organised the human chain as part of the worldwide campaign on violence against women from November 25 to December 12 .",1,0.666666667,3,train_03,0
train_04_188,"Army Appeals to Haryana People on Captain Pawan Kumar 's Last Rites 21st February 2016 10:28 PM JAMMU : The Army today appealed to the people of Haryana , which has been hit by Jat quota stir , to extend support in giving a "" befitting farewell "" to the brave son of the soil , 23 - year-old Capt Pawan Kumar , who died while fighting militants in Pulwama district of Jammu and Kashmir .",1,1,3,train_04,0
train_03_147,Four persons were arrested on Sunday in connection with making life threat calls to former minister K N Nehru .,1,1,3,train_03,0
train_07_284,"Protests worsen Tung 's bad marks PUBLISHED : Friday , 30 June , 2000 , 12:00am IN THE RUN-UP TO tomorrow 's third anniversary of the return to Chinese sovereignty , sporadic calls for the downfall of Chief Executive Tung Chee-hwa emerged in a rally by flat owners whose properties have become negative assets , following the massive slump in flat prices .",1,1,2,train_07,0
train_08_321,He claimed that heavily armed men from the other side fired at the police and the latter had to resort to a baton charge and tear gas shelling and finally opened fire .,1,1,2,train_08,0
train_02_4,” AMU Registrar Prof. V. K. Abdul Jaleel 's notice says the university was being closed sine die “ on the basis of report received from the district administration and in the view of the unfortunate incident that occurred ” on Friday evening .,1,1,3,train_02,0
train_02_267,"Kishore Chandra Deo splits Cong , says Salwa Judum was a ' sinful strategy ' - Indian Express Press Trust Of India , Press Trust Of India : New Delhi , Thu May 30 2013 , 22:07 hrs Activists of Youth Indian National Trade Union Congress ( INTUC ) protest against recent Naxal attack on Congress leaders , in Raipur on Thursday .",1,0.5,2,train_02,0
train_09_B_135,Highly-decorated Delhi Police Inspector Mohan Chand Sharma succumbed to the bullet injuries sustained during the gun battle while head constable Balwant was injured .,1,1,2,train_09,0
train_04_174,Police also arrested 400 BJP activists including senior leader Vidyasagar Rao at Shamshabad for staging a road blockade .,1,1,3,train_04,0
train_03_193,The youth 's murder took political overtones this morning with the Leader of Opposition ( LoP ) Prem Kumar meeting the family members of the victim to express sorrow and later addressed a large number of people who had blocked road near Mahabir bridge to protest against the murder .,1,1,3,train_03,0
train_06_312,"Three months back , when the garbage transport vehicle drivers went for a flash strike , the city stank for four days .",1,1,2,train_06,0
train_05_290,More than 700 people also signed an online petition for the government to step in with extra funding .,1,1,2,train_05,0
train_09_A_50,Traders pulled down their shutters to join the statewide agitation to oppose the State Government 's move to amend the APMC Act on Friday .,1,0.666666667,3,train_09,0
train_07_30,In the memorial meeting presided over by the VHP district unit president Kamadab Pradhan and attended by many others including Saraswati 's successor Swami Sachidananda Maharaj criticised the Odisha govenrment for not arresting all those involved in the killing .,1,1,2,train_07,0
train_06_311,"Earlier in the day , the agitating sanitation workers took out a protest rally from Tummalapalli Kalakshetram to the Collector ’ s Camp Office , where they staged a dharna shouting anti-establishment slogans for a couple of hours .",1,0.5,2,train_06,0
train_04_183,The protesters raised slogans against them for visiting the temple town three days after the blasts .,1,0.666666667,3,train_04,0
train_05_321,"Oct 8 , 2009 : 17 policemen were killed in an ambush by Maoists at Laheri police station in Gadchiroli district of Maharashtra .",1,1,2,train_05,0
train_06_96,"SALEM : Villagers seek better roads , stage demonstration February 18 , 2016 00:00 IST Demanding tar-topped roads between Yercaud and Kovilur village , drinking water and hospital facilities , members of All India Kissan Mahasabha ( AIKM ) staged a demonstration near Anna Statue in Yercaud here on Wednesday .",1,1,2,train_06,0
train_04_117,"A Bagathkhan , district president of SFI , Theni , who conducted an inquiry into the incident , said the scholarship amount was delayed because the headmistress had not processed the student ’ s application on time .",1,1,3,train_04,0
train_05_39,"Despite the march being peaceful , most of the businesses in the inner city were closed .",1,0.5,2,train_05,0
train_05_15,Protests were held across Andhra Pradesh criticising police action on Naidu and his supporters .,1,1,2,train_05,0
train_09_B_47,Most of the riot-affected from city limits testified to the polices hard work at keeping peace .,1,0.5,2,train_09,0
train_03_313,"Police recovered a letter written by TRS workers threatening to carry out more such attacks to protest the arrest of their party president K. Chandrasekhara Rao , who is popularly known as KCR .",1,0.666666667,3,train_03,0
train_01_186,"Her son and Congress general secretary Rahul Gandhi has taken up the issue in a big way , staging a daylong sit-in at the village after four people , including two police personnel , were killed in clashes .",1,1,3,train_01,0
train_07_265,The members will not keep quiet if the protest was withdrawn without any assurance .,1,1,2,train_07,0
train_07_86,Sources said that the kidnapped leaders were released in the deep forests of the agency area on the Andhra-Odisha border following negotiations between the Maoists and various tribal organisations .,1,0.5,2,train_07,0
train_05_268,"Subsequently , the police arrested six persons in connection with the murder and eight others turned themselves in .",1,1,2,train_05,0
train_02_64,"Thackeray , however , said if the exam was not deferred care would be taken to ensure it is not affected by the strike .",1,0.5,2,train_02,0
train_04_96,"They refused to disperse and threw stones at the police who then opened fire , killing and injuring some of the learners .",1,0.666666667,3,train_04,0
train_07_324,The Cape Town Regional Chamber of Commerce and Industry said the potential effect of the strike was `` so serious '' that there was a case to declare public transport an essential service that could not be disrupted by strike action .,1,1,2,train_07,0
train_07_17,"They said the labourers were protesting against the non-fulfillment of their demands , including hike in daily-wages and payment of arrears .",1,1,2,train_07,0
train_03_315,"KCR , who was arrested Sunday and sent to judicial custody for 14 days ahead of his ' fast unto death ' , launched the hunger strike in Khammam sub-jail .",1,0.666666667,3,train_03,0
train_08_92,"Those attending the rally on Saturday said they were not there to make political demands , but to speak out against violence .",1,1,2,train_08,0
train_06_129,Placard at a protest outside the Zimbabwe consulate in Johannesburg against the `` deafening silence '' of South Africa over the situation in Zimbabwe .,1,1,2,train_06,0
train_05_194,"A week after the killing of a Congolese man in the national capital that stirred a diplomatic row and instigated violence against Indians in Congo , four attacks on African nationals by the residents in Chattarpur were reported on Friday .",1,1,2,train_05,0
train_08_250,"HYDERABAD Patient ’ s kin protest at hospital March 15 , 2017 00:00 IST The family of a 25 - year-old man who died at the Government Chest Hospital in Erragadda , allegedly due to the negligence of the staff , protested at the hospital on Tuesday .",1,1,2,train_08,0
train_01_236,Kurnool : Work in all offices and financial institutions came to a stand still on account of the strike .,1,1,3,train_01,0
train_03_114,CPM general secretary Sitaram Yechury alleged that BJP and RSS workers started the bout of violence in Kerala by attacking a victory procession in Kannur .,1,0.666666667,3,train_03,0
train_04_127,"Tirupur : Telecom employees stage protest June 22 , 2015 00:00 IST Alleging that the deficiencies in operational infrastructure and staff shortage in telephone exchanges in Tirupur and nearby areas are not getting addressed , the BSNL Employees Union members staged an agitation here .",1,1,3,train_04,0
train_04_285,"Till the filing of this report , all protesters were squatting outside Vikas Bhawan and said would call off their stir only after getting formal orders regarding regularisation of all retrenched staffers .",1,1,3,train_04,0
train_08_79,Police shouted warnings through loudspeakers telling protesters they were involved in an illegal gathering and should leave immediately .,1,1,2,train_08,0
