train_03_297,Mr. Patil and others insisted that Deputy Commissioner Pankaj Kumar Pandey arrive at the scene of protest to receive the memorandum from them .,1,0.666666667,3,train_03,0
train_08_82,Demonstrators dismantled roadside barriers and built makeshift barricades between them and the police .,1,0.5,2,train_08,0
train_09_B_84,"| Photo Credit : — Photo : PTI / Vijay Verma Staff Reporter He was wanted in connection with the murder of BSP MLA NEW DELHI : Atiq Ahmed , expelled Samajwadi Party MP who was wanted by the Uttar Pradesh police in connection with some criminal cases including the murder of Bahujan Samaj Party MLA Raju Pal in 2005 , was arrested at Pitampura here on Thursday .",1,1,2,train_09,0
train_02_154,The announcement resulted in an all-night sit-in protest by 850 workers that ended only with the intervention of the police on Saturday morning .,1,1,3,train_02,0
train_05_120,"For a change , most of them had to jostle like other office-goers commuting in packed RTC buses and local trains , while some brought out their personal vehicles on the roads with an estimated 30,000 taxis and other vehicles , all with yellow registration plates , going off the road .",1,1,2,train_05,0
train_04_109,"The meeting , chaired by Prime Minister Manmohan Singh , saw Ministers expressing concern over the gangrape , which has exposed the lack of women ’ s safety , and the public outrage that followed it .",0,0.666666667,3,train_04,1
train_05_154,"`` Under ANC president Jacob Zuma 's leadership , South Africa has become a banana state , '' he told DA supporters at a rally for jobs at the Ellis Park indoor arena in Johannesburg .",1,0.5,2,train_05,0
train_04_143,"Sixteen people , including 4 policemen and 11 CRPF jawans , were killed in the attack .",0,0.666666667,3,train_04,1
train_06_5,The rally culminated in a public meeting where senior Congress leaders held the BJD government responsible for the spate of farmer suicides in the State since September .,0,0.5,2,train_06,1
train_03_182,"ANDHRA PRADESH ` Delay ' in compensation : ryots lay siege to MRO office March 14 , 2006 00:00 IST Staff Reporter Telugu Desam , CPI(M) leaders lead the protest VIJAYAWADA : Betel nut farmers from Garikaparru and Thotlavalluru villages under Thotlavalluru mandal laid siege to the Mandal Revenue Office on Monday .",1,0.666666667,3,train_03,0
train_06_25,"Without naming Railway Minister Mamata Banerjee , who recently organised a controversial rally in Lalgarh , Mr. Agarwal wanted to know whether the government would take action against “ influential ” people who were openly supporting the Maoists .",1,1,2,train_06,0
train_08_5,PTI Guwahati Police Commissioner Mukesh Aggarwal said that the anti-talk faction of ULFA may be behind the attack .,1,0.5,2,train_08,0
train_07_282,"When the Opposition members boycotted the House proceedings of the day at the end of their virulent protests and demands for the resignation of ‘ corrupt ’ Chief Minister Oommen Chandy and Excise Minister K Babu , an anxious crowd of Assembly staff and watch and ward personnel were looking at the crown of a big coconut tree , where a middle-aged person was staging a protest under the scorching sun and swaying palm fronds .",0,0.5,2,train_07,1
train_02_24,"While two persons received bullet injuries , another man was injured in stone pelting .",0,0.666666667,3,train_02,1
train_09_B_119,The Narayanpur incident also looked like capable of sparking a row between the Centre and Chhattisgarh .,0,1,2,train_09,1
train_06_87,"Abhishek Banerjee , nephew of the chief minister had said : "" The Mamata Banerjee government , by killing him , has proved that in days to come , people will have the final word . "" Communist Party of India-Maoist leader Koteswar Rao alias Kishenji was killed on November 24 , 2011 in a gun battle in West Midnapore district near the Bengal-Jharkhand border .",0,0.5,2,train_06,1
train_02_231,Her story drew widespread condemnation with marches organised against taxi drivers ' actions .,0,0.666666667,3,train_02,1
train_05_17,"While the Congress members walked out in protest , the BJP members continued the dharna in the Well till the House was adjourned for the day after the presentation of the Budget .",1,0.5,2,train_05,0
train_04_120,"There would have been no West Bengal as the entire state would have become part of East Pakistan ( present-day Bangladesh ) . ” Addressing the gathering , the state BJP leaders asked the party workers “ not to get provoked by the TMC goons but to strengthen the organisation as the party ’ s goal was to capture power in the state in the 2016 Assembly elections ” .",0,0.666666667,3,train_04,1
train_08_132,"But in spite of its controversial nature , the CSAT was not removed until April 2015 , and that too after massive protests , ” said Anupama Karthik , an aspirant from Hyderabad .",1,1,2,train_08,0
train_06_110,"Four jawans were also injured in the encounter but they were all out of danger , police said .",0,0.5,2,train_06,1
train_02_293,"After the police doused the crowd in pepper spray and tear gas , tens of thousands of residents joined the action .",0,0.666666667,3,train_02,1
train_03_23,"On getting the news about Mr. Hazare breaking his fast , they too ended their dharna .",0,0.666666667,3,train_03,1
train_04_151,External Affairs Minister Pranab Mukherjee got off to a sober and dignified start last week when he told his Pakistani counterpart that the elements responsible for the carnage did not want a “ leap forward ” in relations between India and Pakistan and were hence acting against Islamabad ’ s interests as well .,0,0.666666667,3,train_04,1
train_06_13,"About 1,000 angry protesters gathered outside the Alice Magistrates Court on Thursday where four suspects appeared on charges of murdering a Victoria Hospital tutor last year .",0,0.5,2,train_06,1
train_02_163,""" We 'd often come to an understanding with protesters willing to open up a part of the road , only to have it blocked again by other protesters who disagreed , "" she said .",0,0.666666667,3,train_02,1
train_01_235,"Secretary of the Insurance Corporation Employees ’ Union , Nellore Division , K. Gopalakrishnaiah and other leaders , who held a demonstration in front of the United India Insurance Company here , criticised the UPA that had categorically said it would strengthen the LIC and GICs but was doing just the opposite by hiking the cap on the Foreign Direct Investment in the insurance sector .",0,0.666666667,3,train_01,1
train_06_317,A Special Bench of Justices D K Jain and P Sathasivam accepted the plea of the SIT for a further 15 days time to submit its report on the Gulberg Society killings .,0,0.5,2,train_06,1
train_05_23,"It has also sought a judicial inquiry in the entire case , soon after a group of men in lawyers ' robes were seen thrashing students and journalists in the nearby Patiala House court complex yesterday .",1,1,2,train_05,0
train_06_170,"Participating in the protest YSRC city convenor P.G. Narasimha Radav , city general secretary S. Noorullah Quadri , State joint secretary B. Zaheer Ahmad Khan and State Minority Cell secretary M. Saleem Basha said that only stringent punishment such as death sentence could act as a deterrent against such ‘ heinous crime ’ .",1,1,2,train_06,219:267,268:323,268:292,:,:,0
train_06_135,"Boycotting the classes and medical services , hundreds of junior doctors squatted at the hospital main building .",1,1,2,train_06,0:43,46:111,0:10,:,:,0
train_08_211,`` We suspect that he pulled the trigger that killed Chika '' .,1,0.5,2,train_08,19:40,46:58,14:18,:,:,0
train_05_257,"The 60 - page charge sheet , filed by National Investigation Agency(NIA) on Saturday before a special court in New Delhi , details reconnaissance activities carried out by 50 - year-old Headley of the targets attacked by Lashker-e-Taiba(LeT) terrorists on November 26 , 2008 that left 166 people dead .",1,0.5,2,train_05,131:274,280:300,280:284,:,:,0
train_06_249,The protesters raised slogans against the government .,1,0.5,2,train_06,30:52,0:29,:,:,:,0
train_06_286,The Cheriyathura clash was the outcome of a petty scuffle between two sections .,1,1,2,train_06,23:78,0:22,23:41,:,:,0
train_07_142,About 200 members of the Treatment Action Campaign ( TAC ) protested outside the hospital and like the families they want answers .,1,0.5,2,train_07,0
train_03_169,"As the violence mounted , the police hurled teargas shells and grenades at the mob .",0,0.666666667,3,train_03,1
train_08_152,"She told Special Judge R Narayana Pisharadi that CPM Onchiyam area secretary C H Asokan , area committee member K K Krishnan and Kunnummakkara local committee member K C Ramachandran had taken out a march in front of their house at Onchiyam raising the slogan “ Chandrasekharan ’ s body would be draped in white cloth . ” On May 4 , 2012 , the day on which he was murdered , Chandrasekharan left home around 12.30 pm .",0,0.5,2,train_08,1
train_09_A_131,It was only after Katarias weekend visit to his constituency that the tribals gave up their nightlong vigil on the hilltops and shopkeepers agreed to open the market .,1,0.666666667,3,train_09,0
train_05_32,"Mchunu , an ANC activist and former councillor , was shot dead in May while turning into his driveway in the kwaPata area of Pietermaritzburg .",0,0.5,2,train_05,1
train_01_215,"Thousands of demonstrators marched in Hong Kong on Saturday , facing the threat of arrest and increasingly severe warnings from Beijing .",0,1,3,train_01,1
train_07_5,"In the same breath , he made light of the Seemandhra protests , observing that when a state is bifurcated , it is natural for some to resign and protest .",1,1,2,train_07,0
train_07_279,"A Day of Protests Inside and Outside Assembly 17th February 2016 05:40 AM THIRUVANANTHAPURAM : Be it in the Assembly or outside , protests will be heard only if they rise to a high .",1,0.5,2,train_07,0
train_06_256,civilians and security forces killed in Naxals attacks in 2008 .,0,0.5,2,train_06,1
train_08_150,"Only CPM had enmity towards TP , says Rema 27th February 2013 08:44 AM K K Rema , wife of slain leader T P Chandrasekharan , stuck to her statement before the Special Additional District and Sessions Court ( Marad cases ) here that the CPM had enmity towards her husband and denied the suggestions made by the defence counsel .",1,1,2,train_08,0
train_09_A_49,"Staff Correspondent Protesters staged a demonstration in front of the Deputy Commissioner 's office Protesters stage demonstration in front of DC 's office Entry of Wal-Mart in retail trade had ruined native traders , says BCCIGovernment was amending the Act without any discussion BELGAUM : Trading activities came to a halt at the Agriculture Produce Marketing Committee Yard in the city causing inconvenience to the growers .",0,0.666666667,3,train_09,1
train_04_200,"Avtar Singh Afat , the president of PSPWF , has stated that the government should not adopt an adamant attitude towards the demands of the ministerial staff and should immediately take steps to end the strike by meeting their representatives .",0,0.666666667,3,train_04,1
train_08_281,Ganti Prasadam was killed by unidentified miscreants in Nellore a few months ago and it was alleged that the government was behind the killing .,1,0.5,2,train_08,0
train_03_299,"`` Mail that had already been on the service pipeline is now delayed by 48 hours , but the speedy resolution of the strike more than compensates for this service backlog . ''",0,0.666666667,3,train_03,1
train_06_191,"— | Photo Credit : PHOTO : PTI Sushanta Talukdar Police suspect that it is the handiwork of ULFA ULFA desperate to show its strength after arrests , say police Caller tells TV channels that ULFA is not involved in the blasts Guwahati : Seven people were killed and 55 , including minor children , injured in two bicycle-bomb blasts in Nalbari , headquarters town of lower Assam ’ s Nalbari district on Sunday morning .",1,0.5,2,train_06,0
train_06_198,"A senior police officer , who declined to be quoted on the ground that investigations were still on , told The Hindu that whether the ULFA denied it or not , the police suspected the twin blasts to be the handiwork of the militant outfit .",1,0.5,2,train_06,0
train_08_280,"Political Prisoners ' Rights Day today 13th September 2013 08:33 AM The Committee for the Release of Political Prisoners ( CRPP ) is observing September 13 as Political Prisoners Rights Day , commemorating the sacrifice of Shaheed Jitin Das and organising a memorial programme for Maoist idealogue Ganti Prasadam , in Hyderabad on the occasion .",1,1,2,train_08,0
train_08_80,"The protesters – many of whom were wearing black T-shirts and hard hats and were armed with shields made from boards of wood and surfboards , as well as hiking sticks and rods – retaliated by throwing umbrellas and water bottles .",1,0.5,2,train_08,0
train_04_290,"In a memorandum handed over to provincial authorities , the union expressed its unhappiness with a number of issues , among them overtime allowances not being allocated ; the department not paying members contributions to the medical aid scheme ; correctional officers being remunerated as students despite finishing a probation period ; and financial management in the department as a whole .",0,1,3,train_04,1
train_08_270,"However , Nitish Kumar termed the shutdown opposed to development .",1,0.5,2,train_08,43:65,30:42,43:53,:,:,0
train_03_99,The blast was so intense that the motorbike split into pieces .,1,0.666666667,3,train_03,0:24,30:61,14:29,:,:,0
train_07_271,""" They are very good to us but the strike has to get over for operations to take place , ' ' said Seema whose father is awaiting an operation in ward C -6 .",1,1,2,train_07,0
train_04_60,"Rahul throws poll gauntlet at Mayawati 09th July 2011 04:40 PM ALIGARH : Speaking for farmers ' rights and against alleged police atrocities on them , Rahul Gandhi , a potential future prime minister of India , on Saturday kick-started the Congress party 's poll campaign in Mayawati 's Uttar Pradesh that faces assembly elections next year .",0,1,3,train_04,1
train_01_111,"They exhorted us to join the protest against the recommendations of the Mandal Commission , which had been implemented a day earlier .",0,0.666666667,3,train_01,1
train_06_305,"Others who addressed the dharna demanded that the government must review Section 124 A of the Indian Penal Code ( IPC ) which deals with sedition , the law under which Sen has been sentenced .",1,1,2,train_06,0
train_08_265,"Lalu , Rabri upbeat after success of shutdown 29th January 2010 01:40 PM An RJD activist wears a garland and crown made of vegetables and shouts slogans along with others during a protest against inflation in Patna .",1,1,2,train_08,0
train_01_118,"According to reports , two militants have been shot dead in the encounter .",0,0.666666667,3,train_01,1
train_08_181,"On Monday , the agitating lawyers wanted to meet the District Magistrate but in his absence met Additional District Magistrate Udhab Charan Majhi and Sub-Collector Madhusudan Das who asked them to call off the strike .",1,1,2,train_08,0
train_04_228,"National Highway -37 was blocked by protesters at several places , while vehicles remained off the roads in the affected areas , officials said .",1,0.666666667,3,train_04,0
train_01_147,"CHENNAI : Chennai sees its first ever hunger fast against HCL April 08 , 2013 00:00 IST For the first time in Chennai , graduates denied jobs by a multi-national corporation who had recruited them from their college campuses , staged a hunger strike on Sunday .",0,0.666666667,3,train_01,1
train_07_308,"Lam – who has kept out of the public eye since her climbdown and has record low approval ratings – struck a conciliatory note Monday at the ceremony marking the handover , saying a series of protests that have rocked her city have taught her that she needs to listen better to the youth and people in general .",1,0.5,2,train_07,0
train_04_111,"Farmers Block NH 7 , Say Government Blind to Their Plight 21st June 2015 06:00 AM CHIKBALLAPUR : Farmers on Saturday blocked the busy National Highway 7 on the outskirts of the city for nearly five hours and shouted slogans against the Union and state governments .",1,0.666666667,3,train_04,0
train_02_218,Engineering students clash at three places 12th February 2013 01:34 PM Three incidents of group clash among engineering college students over the membership drive of NSUI were reported in the City on Monday .,0,0.666666667,3,train_02,1
train_04_142,Congress Takes Exception to Rail Transportation of Jawans ' Bodies 14th March 2014 12:51 AM Chhattisgarh 's main opposition Congress today accused the BJP government in the state of insensitivity while arranging the transportation of the bodies of the 15 security personnel who died in an attack by the Naxals in Sukma district two days ago .,0,0.666666667,3,train_04,1
train_02_152,"Indefinite curfew continued in Danilimda and Shahpur , where several incidents of arson had been reported on Sunday .",1,0.666666667,3,train_02,0
train_03_272,"TDP legislator Devineni Umamaheswara Rao , former MP Gadde Ramamohan and city unit president B Venkanna alongwith other protesters staged demonstration at the bus station , stalling district bus services for about two hours .",0,0.666666667,3,train_03,1
train_09_B_63,"Mild tension prevailed when Mr. Yadav and two other BJP corporators , Bangaru Prakash and Vaikuntham , started moving around enforcing bandh .",1,1,2,train_09,0
train_04_37,"Recent pronouncements by both Beijing and the Hong Kong government suggests this will not be allowed to happen , in spite of the huge demonstrations which have filled the streets and parks of the city over the summer .",0,1,3,train_04,1
train_02_191,"Another blast was triggered at a nearby college but noone was injured in the three explosions , they said .",0,0.666666667,3,train_02,1
train_08_154,"In reply to the argument of the defence counsel that the UDF used the murder of Chandrasekharan for political gain by blaming CPM for the killing , Rema told the court that this was not right .",1,1,2,train_08,0
train_06_297,DA MP Yusuf Cassim said in a statement on Tuesday that universities affected by violent student protests had recorded damages worth more than R150 million .,1,0.5,2,train_06,0
train_06_109,"Three LeT militants , woman killed in J-K encounter - Indian Express Agencies , Agencies : Srinagar , Mon Sep 28 2009 , 11:10 hrs Three Lashkar-e-Toiba militants , including two from Pakistan , and an elderly woman were killed in an encounter with security forces in Pulwama district of South Kashmir on Monday .",0,0.5,2,train_06,1
train_04_316,"Dewan told Newsline that the "" protest will now continue at ward level and from next week onwards every ward will be sensitised against property tax and high charges of regularisation impsed by government "" .",0,1,3,train_04,1
train_08_151,She was deposing before the court on the second day on Tuesday as part of the trial of the Chandrasekharan murder case .,0,0.5,2,train_08,1
train_09_B_73,"Muslims across the city of lakes , still haunted by memories of the 2002 Gujarat riots , say they will not vote for someone who was unable to stop a massacre of ‘ innocent people ’ in his state .",1,1,2,train_09,0
train_02_128,"One protester said yesterday 's turnout was smaller , following reports the authorities had tried to prevent the demonstration .",0,0.666666667,3,train_02,1
train_08_285,"Top ULFA bomber killed in Assam 05th September 2009 10:34 PM GUWAHATI : A top separatist bomber and close associate of Paresh Baruah , commander-in-chief of the outlawed United Liberation Front of Asom ( ULFA ) , was killed in a gunfight with security forces in Assam Saturday , officials said .",0,0.5,2,train_08,1
train_02_16,"Three persons were killed and over 100 , including 50 cops , injured in the pitched battles between police and Arya Samaj followers .",0,0.666666667,3,train_02,1
train_02_224,The third incident occurred near Uttara where two groups of students of another engineering college clashed leaving four injured .,0,0.666666667,3,train_02,1
train_08_284,"Jitin Das , among them , resorted to fast unto death and died on the 63rd day of his fast ( September 13 ) , he said .",1,1,2,train_08,0
train_04_299,"Militants fired a rocket at the headquarters of 84th battalion of BSF in Sopore in North Kashmir late last night which missed its target and caused no loss of life or damage to property , police said .",1,0.666666667,3,train_04,0
train_08_159,"Though Chief Secretary S.M. Vijayanand had called the employees ’ representatives for talks on Wednesday , it failed to reach an accord and the Secretariat Association affiliated to the Congress and the Employees Sangh called for a one-day strike .",1,1,2,train_08,0
train_05_243,Three houses were torched in the incident .,0,0.5,2,train_05,1
train_09_A_30,"TAMIL NADU Demonstration staged September 17 , 2012 00:00 IST Members of Popular Front of India staged a demonstration in Tirupur on Saturday against anti-Islam film .",0,0.666666667,3,train_09,1
train_04_152,"And on Monday , India issued a demarche to Pakistan in which it said it expected “ strong action ” against those responsible for the attacks , “ whosoever they may be . ” But with TV channels declaring “ enough is enough ” and calling for the start of a “ real war ” on terror , the government finds itself increasingly on the back foot .",0,0.666666667,3,train_04,1
train_09_A_64,Shankar died in the attack while Kausalya escaped with severe injuries .,0,1,3,train_09,1
train_03_87,"UPPSC quota protest : 4 FIRs name 2,500 for rioting , mischief - Indian Express Express News Service , Express News Service : Allahabad , Wed Jul 17 2013 , 04:07 hrs The Allahabad police Tuesday registered a total of four FIRs , all at Civil Lines police station , in connection with the violence that took place on Monday when youths protesting against the reservation policy of the Uttar Pradesh Public Service Commission ( UPPSC ) went on the rampage .",0,0.666666667,3,train_03,1
train_05_162,"Whether it is the recent demonstrations against a nuclear power plant in Jaitapur in Maharashtra or the earlier outbreaks in Singur and Nandigram in West Bengal , the matter of relief and rehabilitation was left to the state governments according to a well-established practice .",1,0.5,2,train_05,0
train_06_199,“ Two improvised bicycle-bombs were triggered by the ULFA .,1,0.5,2,train_06,0
train_08_227,He said Home Minister Shivraj Patil had said in Parliament that the violence in the State was due to the Maoists who had barricaded the village and prevented the villagers to return .,1,1,2,train_08,0
train_06_66,"The students , aged between 17 and 28 , were arrested as a group of about 3,000 angry students ringed by riot policemen gathered at the institution in April .",0,0.5,2,train_06,1
train_01_144,"On media reports that the night vision device used by three terrorists in the Gurdaspur attack had US markings , Biswal said the US is in conversation with Indian authorities to try to ascertain and trace the origins of the equipment found .",1,1,3,train_01,0
train_03_252,"As for the SP Government ’ s failure to prevent the flare-up , Mulayam conceded that the preventive measures could have defused the situation .",0,0.666666667,3,train_03,1
train_07_195,"In the 1980s , there was a series of student protests in China , culminating in the Tiananmen demonstrations of 1989 , when not just students but city dwellers all across the country joined the rallies .",0,0.5,2,train_07,1
train_07_317,"The protesters , during the gathering on Wednesday said they were not willing to listen to any government official and demanded that Ramaphosa come out to address them on how he is planning to stop the scourge of abuse directed at women and children in the country .",1,0.5,2,train_07,0
train_01_277,"NATIONAL Rallies mark Nandigram anniversary March 15 , 2008 00:00 IST KOLKATA : Processions and rallies were taken out at Nandigram and here on Friday , first anniversary of the police firing and subsequent violence , which claimed 14 lives in the village in East Midnapore district .",1,0.666666667,3,train_01,0
train_01_34,"The demonstrations pose a real problem , not just for the British but for others too .",0,0.666666667,3,train_01,1
train_09_B_28,"Today 's incident , comes barely days after the massacre of 23 Kashmiri Pandits by militants at Wandhama in the Ganderbal area of the Kashmir Valley , and has cast a shadow over the February 16 Lok Sabhapolls in the state .",1,0.5,2,train_09,0
train_09_B_90,He said that Leader of the Opposition Oommen Chandy was worried about the arrest of Akhil Bharatiya Vidyarthi Parishad workers in connection with the killing immediately after the incident .,1,1,2,train_09,0
train_06_309,"City Stinks as Sanitation Staff Strike Continues 14th July 2015 05:14 AM VIJAYAWADA : With the municipal sanitation workers ’ strike entering the fourth day on Monday , the streets of Vijayawada are stinking .",1,1,2,train_06,0
train_07_114,Noted sculptor Kanayi Kunhiraman said the Vilappilsala agitation was a successful example of local people ’ s fight against forces imposing injustice on them .,1,0.5,2,train_07,0
