train_04_209,"It took a communal turn that had resulted in stone-pelting , arson and loot .",0,0.666666667,3,train_04,1
train_01_3,"Tip asked Mathunjwa why he had not `` explicitly '' told armed , striking mineworkers to leave the hill where they had gathered and return to work .",0,1,3,train_01,1
train_08_253,They were protesting the proposed merger of State Bank of Indore into the State Bank of India .,1,0.5,2,train_08,0
train_03_94,"Investigations will reveal the involvement of other youths in Monday 's violence . """,0,1,3,train_03,1
train_07_214,"Wary of Sena , migrants get into a huddle MUMBAI , NOVEMBER 26 As many as 80 migrants from Bihar and Uttar Pradesh  shopkeepers to businessmen and politicians  huddled in a hastily-called meeting at Andheri on Tuesday .",0,0.5,2,train_07,1
train_02_194,"Protestors in Clashes With Police on Jammu-Pathankot NH During Eviction Drive 22nd February 2016 05:22 PM JAMMU : Clashes erupted on the Jammu-Pathankot national highway between police and protesters in Samba district of Jammu region on Monday , police said .",0,1,3,train_02,1
train_02_153,"Nokia Supplier 's Turn to Offer VRS ; 850 Staffers Strike Work 22nd June 2014 07:37 AM CHENNAI : The ripple effect of the drastic downsizing of Nokia ’ s Sriperumbudur plant was felt in another ancillary company , as BYD Electronics India Private Ltd announced a VRS offer for its 1,500 employees .",0,0.666666667,3,train_02,1
train_02_83,"Coinciding with the unrest in the board is the indefinite hunger strike launched by three employees Mahesh Ahire , Shriram Gavai and Balkrishna Gadekar whose regular promotions were denied and the former two were transferred to Nashik on the same post .",0,0.666666667,3,train_02,1
train_05_277,"Reacting to the news , Hardik Patel , the face of Patel quota stir , called it "" failure "" of the government .",0,0.5,2,train_05,1
train_03_158,Hundreds of workers gathered at the stadium at 7.30am on Thursday continuing the second day of the NUM strike in windy and cloudy conditions .,0,1,3,train_03,1
train_04_158,The brutal murder of Daniel Pearl showed the ease with which a ‘ Kashmir-inspired ’ terrorist like Omar Saeed Sheikh could make the al - Qaeda ’ s agenda his own .,0,0.666666667,3,train_04,1
train_02_156,It ended only when the police removed all 850 workers from inside the plant on Saturday morning and detained them at two locations in Oragadam .,0,0.666666667,3,train_02,1
train_03_30,He was also booked by the Central Bureau of Investigation ( CBI ) as one of the 17 accused in the 2007 ‘ Dinakaran ’ newspaper office attack case .,1,0.666666667,3,train_03,0
train_07_249,Sadtu members have been on a national go-slow since pupils returned from the Easter holiday .,0,0.5,2,train_07,1
train_06_281,"Curfew relaxed in violence-hit areas of Hyderabad - Indian Express Agencies , Agencies : Hyderabad , Sat Apr 03 2010 , 11:05 hrs Curfew was relaxed for two hours this morning in some violence-hit areas of the city which witnessed communal clashes last week .",0,0.5,2,train_06,1
train_02_149,Ahmedabad : A mob stoned to death two men who were cycling through Dor Bazaar in Ahmedabad this morning .,0,0.666666667,3,train_02,1
train_03_229,"However , until the recent killings a period of relative calm appeared to have descended on the region .",0,1,3,train_03,1
train_05_301,Addressing a press conference TRS leader B. Goverdhan Reddy and others said the march was a success despite the hurdles created by the government .,1,0.5,2,train_05,0
train_01_166,"At least five more people will be tried over the attack , Xinhua has reported .",0,1,3,train_01,1
train_05_307,Orders Nizamabad Staff Reporter adds : Despite prohibitory orders imposed on the movement of Telangana protagonists many of them from the district managed to make it to the twin cities take part in the ‘ Million March ' held on Thursday .,1,0.5,2,train_05,0
train_08_12,"Though the police had assured people of full protection during the bandh , most business establishments remained closed .",1,0.5,2,train_08,0
train_08_114,Mulaudzi could not confirm reports that the miners were demonstrating after Xstrata fired them .,1,1,2,train_08,0
train_05_143,Other unions have continued their protest .,0,1,2,train_05,1
train_01_67,ANDHRA PRADESH Constable and SI allege harassment by higher-up SEEKING JUSTICE : Reserve constable Sanyasi Sahu staging a dharna opposite the City Armed Reserve office in Visakhapatnam on Saturday .,0,0.666666667,3,train_01,1
train_09_A_82,"Aney , whose comments on separate Vidarbha had sparked a controversy , had said the flag of separate Vidarbha was being raised on May 1 from the last three years .",0,1,3,train_09,1
train_02_52,"They took to the street and within minutes a farm house was on fire , two more house were set alight and road blocked .",1,0.666666667,3,train_02,0
train_01_68,"April 09 , 2006 00:00 IST Senior officers reportedly trying to sort out issue VISAKHAPATNAM : The Police Stadium , which also houses the headquarters of the City Armed Reserve located , witnessed a rare incident of a constable and a Sub-Inspector staging a silent protest .",0,0.666666667,3,train_01,1
train_02_229,The report said that a crowd of men shouted obscenities at the women and asked them to undress .,0,1,3,train_02,1
train_02_130,"One of them , a 24 - year-old , said : "" I hope this can be a good beginning for a dialogue between citizens and the government on major decisions . "" The rallies are seen as a sign of growing public awareness of environmental issues on the mainland and increasing courage in speaking out .",0,1,3,train_02,1
train_02_104,"More than two weeks after three Dalit settlements , not far from Nayakankottai in this backward district in north-west Tamil Nadu , were attacked , the air is still thick with tension .",0,0.666666667,3,train_02,1
train_03_86,"He said he told Ndebele that since this was a repeat of what happened when the prime minister of India was in the country , party officials should have followed those who were leaving the stadium and observed them .",0,1,3,train_03,1
train_03_136,He said the peaceful strike demanding a memorial for Chattambi Swami will continue till the government takes a decision on the issue .,0,0.666666667,3,train_03,1
train_01_218,"Protesters distributed protective gear such as face masks , in the event of clashes with police , who have used teargas on demonstrators .",0,0.666666667,3,train_01,1
train_06_132,The protest over housing started around 6am on Main Reef road .,0,1,2,train_06,1
train_02_144,"At an April 30 election rally in Khalilabad in Sant Kabir Nagar district of Uttar Pradesh , Azmi said : "" If any Muslim opposes the Samajwadi Party , have a DNA test done , he could be an RSS man .",0,0.666666667,3,train_02,1
train_09_A_15,He also said that the members of Aam Aadmi Party were staging an agitation when Louise Khurshid was attending an event .,0,1,3,train_09,1
train_05_50,The activists who shouted the slogan ‘ VSDP zindabad ’ advanced towards the Chief Minister when he began his address .,0,0.5,2,train_05,1
train_09_B_20,“ Had the administration wanted it could have averted the incident .,1,1,2,train_09,6:31,32:66,2:5,:,:,0
train_09_B_24,"However , local villagers resisted the searches , saying there were no militants hiding there .",1,1,2,train_09,50:93,10:47,:,:,:,0
train_07_130,"He said some 200 protesters became violent , and traffic had to be diverted .",1,1,1,train_07,8:42,49:75,:,:,:,0
train_05_171,"He said incidents of protest affected voting stations in areas including Mahikeng and Marikana in North West ; Malamulelele , Musina , Mogalakwena , and Northhampton , in Limpopo ; Bushbuckridge in Mpumalanaga ; Khayelitsha in the Western Cape ; Denver , George Koch , and Orange Farm in Gauteng ; Ethekwini and Jozini in KwaZulu-Natal ; Nelson Mandela Bay , Butterworth , and OR Tambo in the Eastern Cape ; Pampierstad in the Northern Cape ; and Maluti-a-Phofung in the Free State .",1,1,2,train_05,8:28,29:62,29:37,:,:,0
train_03_16,The decision was taken following a demonstration staged by a group of persons who are natives of Salem and have registered with the District Employment Office ( DEO ) for the same post .,1,1,3,train_03,0
train_05_138,NLC strike to go on despite MK appeal 26th October 2010 06:13 PM CHENNAI : The 36 - day strike by contract workers of Neyveli Lignite Corp ( NLC ) is set to continue despite the request to resume work by Tamil Nadu Chief Minister M. Karunanidhi Tuesday .,0,0.5,2,train_05,1
train_04_303,He has recently expressed his willingness to return to India to stand trial in the hijacking case .,1,0.666666667,3,train_04,0
train_03_49,"Urging the Commission to reveal names of people involved in the attacks , he said the protestors against the church attack were assaulted by police , youth were hunted and criminal cases were booked on them .",0,0.666666667,3,train_03,1
train_01_63,"Joshua Wong , the teenage activist who was one of the most recognisable faces of Hong Kong ’ s umbrella movement protests , has been found guilty of “ illegal assembly ” by a court in the former British colony .",0,0.666666667,3,train_01,1
train_05_281,"Broken glass , rocks , a broken traffic light and other debris were scattered on Albertina Sisulu Road during the protests .",1,1,2,train_05,0
train_03_189,Workers who did not participate in the strike would receive a once-off loyalty allowance of R2000 .,0,1,3,train_03,1
train_05_81,The burnt-down police station was repaired and given a fresh coat of paint overnight .,1,1,2,train_05,0
train_08_68,""" On December 29 , we halted at Basaguda village in Chhattisgarh but some people in civil clothes approached us and tied our hands upon which we realised we have been kidnapped .",1,1,2,train_08,0
train_02_159,The incident is the latest of a series of developments that followed the reduction of production from Nokia ’ s Sriperumbudur plant .,0,0.666666667,3,train_02,1
train_03_79,"After showering flower petals in the sea to mark the World Oceans Day , the villagers and their children started the relay fast at Kooththenkuzhi .",0,0.666666667,3,train_03,1
train_08_58,Speeches of Congress leaders who addressed a large gathering of party men made it abundantly clear that all major issues prominent in the political discourse of the State would be highlighted by the march visiting all constituencies in the State .,1,1,2,train_08,0
train_02_1,"“ Instead of blocking traffic here , they should go to Bhubaneswar with their demand .",0,1,3,train_02,1
train_06_119,"Meanwhile , disruption of services in Osmania and Gandhi hospital continues and emergency services in Osmania General Hospital are boycotted by the PG students .",0,0.5,2,train_06,1
train_08_67,""" We had gone to study the life of people in remote and Naxal-affected tribal areas as part of our mission and did not expect to be kidnapped by the Naxals , though we fully knew about their presence , "" they said .",1,1,2,train_08,0
train_01_199,"Speaking to a TV news channel , Chief Minister Mamata Banerjee shrugged off the allegations that Trinamool cadres were behind the killing of the Congress workers .",0,1,3,train_01,1
train_01_132,Modiites are now reminding the Congress about the trips which Sonia and the Prime Minister made to Muzzafarnagar after 43 were killed in the worst-ever communal clashes in decades .,0,0.666666667,3,train_01,1
train_08_223,"TAMIL NADU Post blasts , the web of security tightens May 29 , 2014 00:00 IST Railway stations , places of worship , cinema halls , malls – the enhanced protective measures are everywhere The May Day twin blasts on platform nine of Chennai Central sent a strong message to various enforcement agencies in the city .",1,1,2,train_08,0
train_02_81,""" After reading the note , I just wanted to know if the attacker stopped after the slap or or there was some other kind of violence , "" Hazare explained .",0,0.666666667,3,train_02,1
train_07_248,"`` The protest is out of concern by Sadtu that our education in this country needs a lot of fixing , '' said Dlamini .",0,0.5,2,train_07,1
train_03_263,"Agitation to be intensified 02nd April 2011 12:35 AM ALUVA : The ongoing agitation against the closure of study centres in the name of reformist leaders in Sree Sankaracharya Sanskrit University in Kalady will be intensified , said the office-bearers of the Confederation of Sanathana Dharma Suhruth Vedi here on Friday .",0,0.666666667,3,train_03,1
train_04_230,"Mahant Jugal Kishore Shastri , a priest with the Ayodhya-based Saryu Kunj temple , said : "" At this stage , if other religious leaders from different parts of the country also come forward and join hands to work out an amicable settlement of the Ayodhya issue , I personally feel that the Ansari 's move would definitely produce the desirable result . "" A special three-judge bench of the Allahabad High Court 's Lucknow bench Thursday by a majority verdict ruled that the place where the Babri Masjid in Ayodhya stood , before it was razed by Hindu mobs in 1992 , was indeed the birthplace of Hindu god Ram .",1,0.666666667,3,train_04,0
train_07_37,""" Some protesters attacked me when I was clicking pictures , but their colleagues dissuaded them .",1,0.5,2,train_07,0
train_04_7,"Students clash with police in Osmania university - Indian Express Agencies , Agencies : Hyderabad , Mon Feb 15 2010 , 14:34 hrs Over 10 security personnel and few media persons were injured on Monday in a fresh clash between students and security men in Osmania University in Hyderabad , the nerve-centre of separate Telangana agitation .",0,0.666666667,3,train_04,1
train_03_172,The trade union federation said the march by thousands of women to the Union Buildings in Pretoria in 1956 against pass books was a turning point in history .,0,1,3,train_03,1
train_01_252,"While earlier it was the turn of Telangana Rashtra Samithi ( TRS ) to participate in protests in support to farmers , on Monday it was the Telugu Desam .",1,1,3,train_01,0
train_03_231,The developments at the prestigious engineering institute also triggered politicking even as the state government assured that safety will be ensured for the students hailing from other states at the campus where CRPF has been deployed to instill a sense of security .,0,0.666666667,3,train_03,1
train_07_70,Hundreds of lawyers took on media persons at the court barring them from entering the premises and also threw stones and bottles on them .,0,0.5,2,train_07,1
train_08_295,"He claimed that YSR Congress activists "" manhandled "" TDP activists at A. Konduru and Khambhampadu villages in which about 10 workers were injured .",1,1,2,train_08,0
train_01_41,"Addressing a massive public rally at Vandalur , around 40 km from here , Modi said : "" The central government should be strong , only then the neighbouring countries will be friendly with us . "" Accusing the United Progressive Alliance ( UPA ) government of adopting a confrontationist attitude towards the states , he said it has been demolishing the constitutional institutions whereas the need of the hour is a cooperative attitude .",1,1,3,train_01,0
train_06_316,Ex - Congress MP Ehasan Jafri was among those killed in the Gulberg Society riots .,0,1,2,train_06,1
train_09_B_114,Sub-Inspector Murlidhar Bastia of Raghunathpur area was killed in Maoist attack while working in Keonjhar district .,1,1,2,train_09,0
train_08_226,"NATIONAL Yechury takes a dig at Advani on Nandigram December 19 , 2007 00:00 IST Kanwar Yogendra SHIMLA : The CPI(M) on Tuesday questioned the BJP over its opposition to the tough measures taken by the West Bengal government against the Maoists at Nandigram where they had set up a “ liberated zone . ” CPI(M) leader Sitaram Yechury was reacting to the reference made by BJP leader L.K. Advani during his public meetings here .",1,1,2,train_08,0
train_03_62,"Govt urged to take over Nellimarla jute mill 24th July 2009 03:08 AM HYDERABAD : Representatives of the Nellimarla Jute Mill Karmika Sangham , affiliated to IFTU , today urged Chief Minister YS Rajasekhara Reddy to intervene in resolving their problems and to put an end to the 10 - month-old strike involving about 5,000 jute mill workers at Nellimarla in Vizianagaram district .",0,0.666666667,3,train_03,1
train_08_27,"ANDHRA PRADESH Slum-dwellers protest January 10 , 2012 00:00 IST Hundreds of slum-dwellers laid siege to the Greater Visakhapatnam Municipal Corporation 's meeting hall .",0,1,2,train_08,1
train_07_154,"’ 93 blasts : SC to deliver verdict today 21st March 2013 07:54 AM Twenty years and a week after the serial blasts rocked Mumbai on March 12 , 1993 , the Supreme Court will be delivering its judgment in the case on Thursday .",0,0.5,2,train_07,1
train_09_B_52,"Soon , the huge posse of advocates started raising defamatory slogans against a few judges .",0,1,2,train_09,1
train_09_B_143,"PPSS has sought cooperation of the villagers , political parties and anti-land displacement leaders in their agitation against Posco .",0,0.5,2,train_09,1
train_09_A_48,"KARNATAKA Traders against plan to amend APMC Act January 06 , 2007 00:00 IST REST : A farmer takes a nap on a cotton bale at the APMC yard , in Hubli on Friday as the APMC traders across the State observe bandh .",0,0.666666667,3,train_09,1
train_09_A_161,Post offices wore a deserted look as members of the National Federation of Postal Employees and many other associations did not turn up for duty .,1,1,3,train_09,0
train_05_177,"The incident took place around noon in Gaya district 's Uchla village near Sherghati , about 100 km from here , when Maoists blew up a patrolling vehicle of the Roshanganj police station .",1,1,2,train_05,0
train_01_62,"“ The youth was killed at a protest against the Army ’ s action halting the vehicles , ” alleged Mohammad Yasin Khan , head of a traders ’ body .",0,0.666666667,3,train_01,1
train_01_141,Biswal underlined that the US on its part had offered rewards for information leading to the arrest and prosecution of individuals associated with the Mumbai attack .,0,0.666666667,3,train_01,1
train_08_169,"The scenes are getting more and more ugly and disturbing , with shops being forced to close and people who are not parallel traders being molested and bullied .",1,1,2,train_08,0
train_03_280,"Campaign against Negligence of Girl Child , a non-governmental organisation , and the District Legal Services Authority jointly organised the human chain as part of the worldwide campaign on violence against women from November 25 to December 12 .",1,0.666666667,3,train_03,0
train_06_186,"The leader 's henchmen offered him a "" settlement "" but when he approached the state Lok Ayukta with a complaint of corruption , they attacked him and his wife .",0,0.5,2,train_06,1
train_02_195,Police said irate protesters set ablaze an earth-mover machine of the Jammu Development Authority ( JDA ) at Sarore on the Jammu-Pathankot national highway when JDA authorities went there to evict illegal occupants of JDA land .,0,0.666666667,3,train_02,1
train_04_26,"While Mamata Banerjee participated in her padayatra , her arch political rival and West Bengal Chief Minister Buddhadeb Bhattacharjee confined himself with an interactive session with the students on a college campus in Garia , Southern part of the city to get their support .",0,0.666666667,3,train_04,1
train_06_73,"The MLAs , along with a large number of party supporters , raised slogans against the government and condemned the attack on the woman MLA .",0,0.5,2,train_06,1
train_08_321,He claimed that heavily armed men from the other side fired at the police and the latter had to resort to a baton charge and tear gas shelling and finally opened fire .,1,1,2,train_08,0
train_02_4,” AMU Registrar Prof. V. K. Abdul Jaleel 's notice says the university was being closed sine die “ on the basis of report received from the district administration and in the view of the unfortunate incident that occurred ” on Friday evening .,1,1,3,train_02,0
train_05_11,"Delivering the valedictory address of the 119th Maramon Convention at Maramon near Kozhenchery here on Sunday , Joseph Mar Thoma said the people who are participating in the agitation against the airport are actually natives of distant places , including Malabar and Thiruvananthapuram .",0,0.5,2,train_05,1
train_01_201,But Congress MP and Union minister from Murshidabad Adhir Chowdhury blamed the Trinamool for the violence .,0,1,3,train_01,1
train_02_198,Reports from the area said agitated protestors had blocked the highway and security personnel were trying to pacify them .,0,0.666666667,3,train_02,1
train_06_311,"Earlier in the day , the agitating sanitation workers took out a protest rally from Tummalapalli Kalakshetram to the Collector ’ s Camp Office , where they staged a dharna shouting anti-establishment slogans for a couple of hours .",1,0.5,2,train_06,0
train_07_324,The Cape Town Regional Chamber of Commerce and Industry said the potential effect of the strike was `` so serious '' that there was a case to declare public transport an essential service that could not be disrupted by strike action .,1,1,2,train_07,0
train_08_92,"Those attending the rally on Saturday said they were not there to make political demands , but to speak out against violence .",1,1,2,train_08,0
train_09_B_59,"HYDERABAD : BJP leaders court arrest during bandh May 01 , 2012 00:00 IST It was private moneylender Srinivas alias Salman Srinu , one of the two alleged masterminds behind the temple desecration in Madannapet , who purchased the blue paint which was sprinkled on the temple wall , the police said .",0,1,2,train_09,1
