train_04_258,Three people have died and scores have been injured in violence related to the illegal strike .,1,0.666666667,3,train_04,0
train_02_264,"It is neccessary to take up the agitation at a local level and hence , we will hold rally at Hadapsar instead of coming all the way to Shivajinagar , "" he said adding a few groups are outside Collector office supporting Hazare 's stir .",1,1,2,train_02,0
train_04_249,"Later , they handed over a memorandum to her assistants urging the party leader ’ s intervention .",1,0.666666667,3,train_04,0
train_06_291,"The municipality witnessed protests by residents in Boitumelong in the beginning of April , when a number of houses , including a councillor 's , were burnt down .",1,1,2,train_06,0
train_02_197,"The driver of the JCB ( earth-mover machine ) has been injured in the clashes , "" a police officer said .",1,0.666666667,3,train_02,0
train_06_60,Issued by : ANC Attention : News Editors For immediate release : ANC STATEMENT ON IFP DISRUPTING CAMPAIGNING LED BY ANC DEPUTY PRESIDENT JACOB ZUMA The ANC in KwaZulu-Natal strongly condemns the misbehaviour of IFP members who interrupted our campaign trail led by ANC Deputy President Jacob Zuma at Dokodweni and Mandeni on the north coast today .,1,0.5,2,train_06,0
train_05_85,"The unruly mob turned violent and set two police jeeps , a mini-bus , four two-wheelers and a TASMAC outlet on fire .",1,1,2,train_05,0
train_09_A_59,"( The commission , appointed by the State government , said the February 27 , 2002 fire aboard coach S -6 of the Sabarmati Express at the Godhra station was a “ pre-planned conspiracy by local Muslims . ” ) A Bench , consisting of Chief Justice K.G. Balakrishnan and Justice P. Sathasivam , however , issued notice to the government on a special leave petition filed by Citizens for Justice and Peace against a Gujarat High Court order refusing to pass an interim order restraining it from placing the report in the Assembly .",0,0.666666667,3,train_09,1
train_07_57,"Pakistan has arrested seven suspected terrorists of the Lashkar-e-Taiba terror outfit , including its founding member Zakiur Rehman Lakhvi , who face charges of planning , financing and facilitating the Mumbai attack .",1,1,2,train_07,0
train_05_10,`` At the moment residents have blocked roads in Boitumelong and we ca n't enter the township .,1,1,2,train_05,0
train_02_65,"I would like to request people to reconsider the strike , so that common people do not suffer , "" he said .",0,0.666666667,3,train_02,1
train_08_52,"In most of the places , the police prevented their attempt when they assembled for the agitation .",1,0.5,2,train_08,0
train_08_203,"The police , however , suspect that old enmity might have been the reason behind the murder .",1,1,2,train_08,0
train_03_312,A group of TRS workers fled after setting the office on fire .,0,0.666666667,3,train_03,1
train_08_263,This was after a few residents started throwing stones at cars travelling on the roads earlier in the day .,0,1,2,train_08,1
train_03_126,"Opp stages dharna in Karna assembly over Finance Bill - Indian Express Agencies , Agencies : Bangalore , Fri Jul 27 2012 , 15:59 hrs Karnataka Assembly today witnessed a brief dharna by the entire opposition members protesting the government move to pass the Finance Bill without tabling the annual and performance reports of various departments .",1,1,3,train_03,0
train_08_221,They also demanded the end of the unofficial lockout at Eastern Medikit 's four plants at Udyog Vihar here .,0,0.5,2,train_08,1
train_08_41,"TAMIL NADU Toddy tappers held in districts January 22 , 2009 00:00 IST Revoke ban : Members of Tamil Nadu Nadar Peravai showing pots as a mark of protest in Virudhunagar on Wednesday .",1,1,2,train_08,0
train_02_108,"The discovery of his body later that day is said to have provoked a 1,500 - strong mob to rampage through Natham and two smaller Dalit settlements , Kondampatti and Anna Nagar , where it set ablaze over 200 houses , damaged at least 50 others , and allegedly looted valuables and cash worth lakhs of rupees .",1,1,3,train_02,0
train_07_190,""" This has led the department to conclude that I prompted the idea of an agitation among the inmates after the two officials were transferred , ' ' he said .",1,1,2,train_07,0
train_05_211,"Students have been protesting against academic and financial exclusion , registration and residences since Monday last week .",1,1,2,train_05,0
train_07_312,"Ramaphosa promises instant response to violence against women and children in SA Songezo Ndlendle CAPE TOWN , September 5 ( ANA ) - South Africa President Cyril Ramaphosa on Thursday addressed thousands of protesters outside Parliament following Wednesday 's mass gathering against the abuse and violence directed at women and children outside the meeting venue of the World Economic Forum in Cape Town .",0,0.5,2,train_07,1
train_02_175,"Amid high drama , the police whisked away the legislator on the night of June 18 when he had climbed on the water tank atop the college building after parents of the students and local people had gathered in front of the college building and pelted stones .",1,0.666666667,3,train_02,0
train_02_134,"After the jawans left , the Kaliachak police station was attacked , ” said a resident .",1,0.666666667,3,train_02,0
train_04_99,The state shut down Saturday in protest .,0,0.666666667,3,train_04,1
train_01_69,"Incidentally , the officer against whom they made the allegations resumed duty on Saturday after recovering from the injuries he had suffered in the police-fishermen clashes in Gangavaram on March 27 .",0,0.666666667,3,train_01,1
train_05_127,Violence erupted on Tuesday when the Democratic Alliance showed support for the subsidy by marching to Cosatu 's headquarters in Johannesburg .,1,1,2,train_05,0
train_05_82,Terrorist attack on the Pathankot airbase exposed another chink in our media armour .,1,1,2,train_05,0
train_01_125,Modi visited the homes of all the six victims of the serial blasts which rocked Patna ’ s Gandhi Maidan and other parts of the city during his visit to address the Hunkar Rally on October 27 .,0,0.666666667,3,train_01,1
train_01_312,"The police said that around 50 armed ultras raided Kangurukunda village at Kalimela , about 40 km from here , early on Sunday and set off an explosion , destrying the panchayat office .",1,0.666666667,3,train_01,0
train_02_126,"At least one demonstrator was briefly detained when he unfolded a banner , witnesses said .",1,0.666666667,3,train_02,0
train_05_157,"PCC gives Rs 10 lakh EX gratia to SPO ’ s family 12th March 2009 03:09 AM HYDERABAD : Expressing sympathy to the family members of Special Police Officer ( SPO ) K Subrahmanyam Raju who died in the attack on Gandhi Bhavan by MRPS activists recently , Pradesh Congress Committee president D Srinivas today announced an ex gratia of Rs 10 lakh to the bereaved family .",1,1,2,train_05,0
train_06_282,Two persons had been killed and over 90 injured in communal clashes that began on Saturday last over the issue of putting up religious flags .,1,1,2,train_06,0
train_03_243,"The SAHRC investigated Tatane 's death , during a protest in Ficksburg in April 2011 , followed a complaint by the Council for the Advancement of the SA Constitution .",1,1,3,train_03,0
train_01_116,"Jammu : Delhi court blast accused killed in Kishtwar August 07 , 2012 00:00 IST A 2011 Delhi High Court blast accused , Amir Ali Kamal , was among two Hizb—ul—Mujahideen ( HM ) militants killed on Monday in a shootout with security forces in the mountainous Kishtwar district of Jammu and Kashmir , police said .",1,0.666666667,3,train_01,0
train_01_181,"A guard said , "" When Jha did not get leave till four hours before departure of his train , he hanged a poster around his neck announcing an indefinite hunger strike .",1,0.666666667,3,train_01,0
train_03_25,( Photo : PTI ) JAMMU : The battle raging between militants and security forces in the mountainous forested area of Poonch district in Jammu and Kashmir continued for the seventh day Wednesday and army officials said the intruders had tried to breach the security cordon laid around the area overnight .,0,1,3,train_03,1
train_03_97,Nobody has claimed responsibility for the blast that injured 15 people including 11 policemen from the 4th KSRP battalion .,1,0.666666667,3,train_03,0
train_03_303,"He enrolled at UNISA after his expulsion from the University of the North ( Turfloop ) for political activism , which arose from the organisation of the pro-Frelimo rallies in 1974 under the banner of the then South African Students Organisation ( SASO ) .",0,0.666666667,3,train_03,1
train_06_104,"On Monday , two people were killed , allegedly by police , during the protests .",1,0.5,2,train_06,37:78,12:34,37:49,:,:,0
train_09_B_87,A bodyguard of Javed was killed in that attack .,1,1,2,train_09,35:46,0:31,:,:,:,0
train_08_122,Protestors had made the road completely impassable by adding more stones .,1,0.5,2,train_08,54:72,0:50,51:53,:,:,0
train_04_323,"The strike has led losses worth Rs 10,000 crore per day to different stakeholders .",1,0.666666667,3,train_04,0:10,11:81,11:18,:,:,0
train_07_11,Vehicles have also been used to commit attacks on civilians in Nice and Berlin .,1,0.5,2,train_07,29:78,0:28,29:31,:,:,0
train_02_133,“ Suddenly the situation flared up and the vehicle was vandalised .,1,0.666666667,3,train_02,2:34,39:65,:,:,:,0
train_03_291,The incident triggered outrage across the country and was condemned as despicable and shameful stirring memories of a similar attack last December in New Delhi that sparked nationwide protests .,1,1,3,train_03,0:12,13:192,13:22,58:67,95:103,116:159,165:192,160:172,:,:,0
train_01_17,The attack on Karayogams had sparked sharp reactions from the CPM leaders .,1,0.666666667,3,train_01,0:24,25:73,29:36,:,:,0
train_02_199,"Unique protest against FDI in retail - Indian Express Agencies , Agencies : New Delhi , Wed Nov 28 2012 , 14:05 hrs It was a protest with a difference where senior BJP leader Murli Manohar Joshi today joined traders in blowing horns to drive home a message that the government has become "" deaf and dumb "" to voices against FDI .",0,0.666666667,3,train_02,1
train_04_259,Implats has been blamed for the strike by National Union of Mineworkers ( NUM ) general secretary Frans Baleni .,1,0.666666667,3,train_04,0
train_06_299,"Cassim said that the DA had since laid a complaint at the South African Human Rights Commission ( SAHRC ) against one identified leader in the EFF structure , Omphile Seleke , who allegedly incited chaos and violence at the University of Pretoria ( Tuks ) campus in particular .",1,1,2,train_06,0
train_09_A_43,Their signatures and a letter demanding the proposal be scrapped were submitted to Chevalier 's management through the Labour Department .,1,1,3,train_09,0
train_05_284,"Addressing a massive gathering of party workers and sympathisers from in and around the city at the ‘ maha dharna ' organised in the vicinity of the Collector 's office here on Monday , Mr. Naidu said the Rosaiah Government has failed on all fronts and neglected agriculture as reflected in the acute shortage of fertilizer faced by the farmers .",1,1,2,train_05,0
train_03_107,In the streets too the general sense of animosity prevailed as the CPM and BJP workers scuffled outside the AKG Centre and 600 people were detained .,1,1,3,train_03,0
train_05_306,The TRS students ' wing activists staged dharna in front of Karimnagar One Town police flaying the arrests of their activists and obstructing them from proceeding to Hyderabad .,1,1,2,train_05,0
train_05_1,"BJP condemns terror strikes in J & K ; , says Pak continuing with proxy war - Indian Express Press Trust Of India , Press Trust Of India : New Delhi , Thu Sep 26 2013 , 11:19 hrs BJP spokesperson Prakash Javadekar said that Pakistan land is being used to attack and conduct terror attacks in India .",1,0.5,2,train_05,0
train_03_267,"Not only were the 41 illegally taking part in the strike , as they were essential service workers , but they were also preventing fellow employees from working , by threatening and physically attacking them .",0,0.666666667,3,train_03,1
train_05_97,"The main suspect in a series of parcel bombings in southern China was killed in one of the blasts , according to local police .",1,1,2,train_05,0
train_04_297,"J-K ultras reject ceasefire offer Posted : Wed Nov 22 2000 IST SRINAGAR , NOV 21 : Ignoring the ceasefire offered by the Centre , militants fired a rocket at a BSF headquarter and attacked a police post in the Kashmir valley since last evening injuring a police officer , police said today .",0,0.666666667,3,train_04,1
train_06_227,"The petitioner Rohan Mohanty has submitted that junior doctors ’ strike has affected hundreds of patients and thus , they should be directed to join duty immediately .",1,1,2,train_06,0
train_01_102,"Max Chung , who delivered the application for a letter of no objection from the police , that is required to hold a rally , said : “ We want to show to the public and international community that Hong Kongers , we will never surrender in front of terrorism … To show our solidarity and say no to terrorism , we have to stand up. ” Chung said : “ Yuen Long was under terrorist attack and we have no choice but to take it back. ” The protests , principally over a controversial bill that would allow suspects to be extradited from Hong Kong to mainland China , have taken on new demands , including an investigation into police use of rubber bullets , teargas and physical violence against protesters .",0,0.666666667,3,train_01,1
train_08_300,"NAGAPATTINAM : Farmers allege irregularities February 22 , 2014 00:00 IST Farmers of villages in and around Kondal here in Mayiladuthurai staged a protest demonstration in front of the office of Sub-Registrar-Cooperatives levelling allegations on Friday .",1,1,2,train_08,0
train_05_230,The bandh took a nasty turn in the afternoon when enforcers dragged passengers out of autos whose drivers had not joined the strike .,1,1,2,train_05,0
train_04_19,"Following this , the police appealed to the agitators to withdraw the strike .",0,0.666666667,3,train_04,1
train_04_194,"Following information from T Rajasekaran , the guard of Salem-Chennai Express that had passed the spot just minutes before the explosion , the express train was stopped hardly 20 metres away from the blast site .",1,0.5,2,train_04,0
train_03_296,They blocked the Gulbarga - Aland Road from 11 a.m. to 6.30 p.m. causing inconvenience to the public .,1,0.666666667,3,train_03,0
train_06_80,Senior Congress leader Narsingh Mishra said the massive turnout at the rally showed that the people want a change .,1,0.5,2,train_06,0
train_07_209,"Monday saw the continuing trend of protests in the city , as more than 500 people gathered at Town Hall .",1,1,2,train_07,0
train_09_B_136,"Apart from these two , one Ariz Khan alias Junaid had been declared a proclaimed offender while Mohd Saif was not made an accused in this case as according to the prosecution , he had surrendered peacefully and did not play any part in the entire incident .",1,0.5,2,train_09,0
train_02_240,Two civilians also received gun shot wounds in the firing .,1,1,3,train_02,47:57,0:43,:,:,:,0
train_01_182,All the 417 guards in the suburban section refused to work extra hours in protest .,1,0.666666667,3,train_01,71:81,0:70,:,:,:,0
train_09_A_10,Khan 's boycott will be largely symbolic because he is seen as a ceremonial head .,1,1,3,train_09,49:80,0:40,41:48,:,:,0
train_08_133,This false propaganda is being carried out against the agitation in Singur .,1,1,2,train_08,43:74,0:42,:,:,:,0
train_07_51,This resulted into a clash between the members of the two communities .,1,0.5,2,train_07,0:4,5:69,5:18,:,:,0
train_06_295,"Akilan was admitted to hospital here along with member of rivaal group Stalin Dinakaraj , who also sustained injuries in the melee .",1,0.5,2,train_06,0
train_09_B_150,He dismissed as unfounded earlier reports that a student was killed during the melee .,1,1,2,train_09,0
train_03_91,"On Monday , around half-a-dozen state roadways buses , a police motorcycle and several private vehicles were damaged by the youths who had gone on a rampage during a protest at the UPPSC office .",1,1,3,train_03,0
train_02_206,"While private bus operators are running only a limited number of services , many school managements have closed the institutions to mark their protest .",1,1,3,train_02,0
train_09_B_6,The journalist who had put out a report to that effect was manhandled .,0,1,2,train_09,1
train_06_35,Police teargassing was answered with a few gunshots in the air from one of the houses .,1,0.5,2,train_06,0
train_06_152,Shortly afterwards protestors gathered again and blockaded the main road between Ganyesa and Vryburg .,1,0.5,2,train_06,0
train_08_267,"Chief Minister Nitish Kumar , on the other hand , said Thursday 's shutdown was opposed to development .",1,0.5,2,train_08,0
train_05_254,Wednesday 's demonstration was the second one organised with the help of the Bharatiya Vidyarti Sena ( BVS ) .,1,0.5,2,train_05,0
train_01_64,The action helped launch a 79-day street occupation that was described as the greatest challenge to China ’ s Communist rulers since the 1989 Tiananmen protests .,1,0.666666667,3,train_01,0
train_09_B_105,The umbrella movement protests did not achieve “ what the demonstrators wanted and of course they didn ’ t have a well thought out strategy ” .,1,1,2,train_09,0
train_03_60,"The labour minister 's announcement followed countrywide public hearings on a new minimum wage for the agriculture sector , which were prompted by violent protests in parts of the Western Cape .",1,0.666666667,3,train_03,0
train_09_A_104,Over 250 people participated in the rally in support of the campaign .,0,0.666666667,3,train_09,1
train_05_122,Passengers to the Shamshabad airport did not have much of a problem as some radio cab operators did not participate in the strike and they made brisk business .,1,1,2,train_05,0
train_01_8,Table grape harvesters started protesting about their working conditions in De Doorns last month .,0,0.666666667,3,train_01,1
train_09_B_132,"The encounter had taken place at flat no. L -18 , Batla House in Jamia Nagar locality here on September 19 , 2008 , six days after serial bomb blasts rocked Delhi , killing 26 persons and injuring 133 others .",0,0.5,2,train_09,1
train_04_182,"We have to see all angles . "" Earlier , a group of people protested against the visit of the Congress president and the Union Home Minister outside the Mahabodhi Temple gate .",0,1,3,train_04,1
train_05_0,"” Meanwhile , more than 5,000 oil tanker lorries plying inside Chennai city have planned to support the strike and will stay off the roads from Thursday .",1,1,2,train_05,0
train_03_261,"`` The SA Police Service had to clear the barricaded roads and had to force open the voting stations where the locks were changed by the communities in Bamboo Spruit , Jozana 's Nek , and Mngcunubeni in Sterkspruit , '' Mraji said in a statement .",0,1,3,train_03,1
train_01_20,"`` I observed the attack on the police , I have no doubt about it , '' Modiba said during cross-examination .",1,0.666666667,3,train_01,0
train_05_172,"After firing , Chandrababu , Left gun for YSR - Indian Express Express News Service , Express News Service : HYDERABAD / KHAMMAM , JULY 29 , Sun Jul 29 2007 , 23:47 hrs The embers left by Saturday 's police firing which killed six Left activists agitating for land are unlikely to die soon .",1,1,2,train_05,0
train_07_253,MUMBAI : The protest by NGO ‘ Swabhiman ’ led by Maharashtra Industry Minister Narayan Rane ’ s son Nitesh Rane against 15 percent water supply cut by the Shiv Sena-ruled Brihanmumbai Municipal Corporation ( BMC ) claimed one life on Thursday .,1,1,2,train_07,0
train_08_21,"Describing the incident as "" a dastardly and anti-democratic act "" , Singh said , "" Government will take firm action against the perpetrators of violence of any kind . """,1,0.5,2,train_08,0
train_07_259,Other explosions cut railway lines between the sprawling township and Johannesburg .,1,1,2,train_07,0
train_03_134,Rajagopal concluded the fast in the evening when the Home Minister ’ s office informed BJP leaders about the report sent to the Election Commission .,1,1,3,train_03,0
train_04_324,"When asked about the response to the ongoing strike , Sugumar said , “ Since the diesel price issue has irked almost all truckers , nearly 95 per cent of trucks are off the roads in the country .",1,1,3,train_04,0
train_07_59,"Protest organiser Stanely Li Sai-wing of the DAB said that , according to the government , there were 29 prosecutions for drug-driving in the first five months of the year , compared with five in 2009 .",1,1,2,train_07,0
train_08_268,""" Yes , we are happy that , after all , people 's anger was reflected and evident with the total success of the shutdown in Bihar , "" Lalu Prasad told IANS here Friday .",1,1,2,train_08,0
train_02_290,The activists planned to use civil disobedience tactics and occupy Hong Kong ’ s central business district in hopes that Beijing would allow Hong Kong voters to choose the city ’ s leader for the first time in history in 2017 .,0,0.666666667,3,train_02,1
train_02_318,The riots cases have been lingering on and Modi has made the Supreme Court order directing the Special Investigation Team ( SIT ) to file its final report before the lower court in Ahmedabad and refusing to pass any order on his alleged inaction to contain the 2002 riots as an affirmation of his non-involvement in the carnage .,0,1,3,train_02,1
train_07_194,"Within seconds he had been thrown to the ground by the “ revolutionary masses ” , and thus he began a wretched phase in life , denounced and beaten at every turn .",1,1,2,train_07,0
train_06_56,"Hong Kong has been rocked by a series of protests by hundreds of thousands of people in recent weeks , many of which have ended in violent clashes between police and pockets of demonstrators .",1,1,2,train_06,0
train_05_45,Mr. Bommai visited Savanur on Wednesday along with officials and other elected representatives and asked the Deputy Commissioner to inquire into the circumstances that forced the community members to stage such a protest .,1,1,2,train_05,0
train_07_316,"On Wednesday , a crowd , made up of mainly young people from various civil community organisations and students from universities and schools across the city , gathered outside the CTICC , chanting struggle songs and holding posters on which was written `` enough is enough '' and `` stop killing women and children '' .",1,0.5,2,train_07,0
train_05_86,The windshields of several government and private buses and an ambulance were damaged in the stone-pelting incident .,1,1,2,train_05,0
train_06_27,"Communal clashes in NE Delhi mar Eid Posted : Wed Jan 20 1999 IST NEW DELHI , JANUARY 19 : A minor tiff between children on Eid day led to Hindu-Muslim clashes in Welcome Colony near Seelampur in northeast Delhi .",1,1,2,train_06,0
train_02_226,"ANDHRA PRADESH Congress office in Vidyut Bhavan flayed June 17 , 2007 00:00 IST KADAPA : Members of the United Electricity Employees Union staged dharna before the Collectorate on Saturday decrying allotment of one acre of land on Vidyut Bhavan premises to the Congress office .",1,0.666666667,3,train_02,0
train_09_B_48,"Credit was lavish and praise unwavering , making even the judges comment that the riots might have occurred somewhere else .",1,0.5,2,train_09,0
train_09_B_23,"Three Armymen , including a Subedar and two jawans , were injured when the villagers threw stones , sources said .",1,1,2,train_09,0
train_03_138,"The idol of Chattambi Swami and the make-shift temple in front of the 17 - cent plot , believed to be the birthplace of Chattambi Swami , at Kannammoola were destroyed by miscreants on Tuesday night .",1,0.666666667,3,train_03,0
train_06_98,"The party 's provincial task team co-ordinator Saki Mafikeng said the meeting took place at the Tshing stadium , following service delivery protests in the Ventersdorp area over the weekend .",1,0.5,2,train_06,0
train_05_149,Gorur Villagers Block City-Mangaluru 30th November 2014 06:24 AM BENGALURU : Thousands of villagers from Gorur on Saturday staged a protest in front of the Solur police station and blocked the busy Bengaluru-Mangaluru National Highway condemning the police caning on Friday .,1,1,2,train_05,0
train_08_234,"At one point , recorded in the documentary , the filmmaker himself was embroiled in the violence , when he was hit in the face by a police officer .",1,1,2,train_08,0
train_07_203,""" These cases were registered against them only to restrain them from taking part in the agitation .",1,1,2,train_07,0
train_04_136,Activists hold Earth ’ s funeral march 13th December 2009 04:26 AM BANGALORE : The Global Day of Action initiative gained support in Bangalore during a march conducted by Greenpeace in response to the uncertainity of the the UN Climate Change Conference in Copenhagen .,0,0.666666667,3,train_04,1
train_07_50,"According to the police , the incident occurred when a man , belonging to the Dalit community , was allegedly asked to pay extra money for eggs at a roadside stall by its owner , a Muslim .",1,1,2,train_07,0
train_02_129,"They began to march at around 2 pm , attracting onlookers and passers-by as they moved towards a popular shopping and entertainment area under close police watch .",1,0.666666667,3,train_02,0
train_05_68,"The organisers of that rally – the Civil Human Rights Front ( CHRF ) – issued a joint statement with democratic lawmakers placing the blame for the destruction at the legislative council squarely on Lam , saying she had “ ignored the demands of the people and pushed youngsters towards desperation ” .",1,0.5,2,train_05,0
train_08_174,"The earlier reports of rivalry among nursing homes resulting in the explosion , have now been ruled out .",1,0.5,2,train_08,0
train_07_117,"It is not a time of celebration , there are no winners in this strike , '' Magara said .",1,0.5,2,train_07,0
train_02_256,"Their names have been registered so that they can be called to participate in the relay fast , "" said K D Pawar of Bhrashtachar Virodhi Janandolan , coordinating the agitation in the city .",1,1,3,train_02,0
train_02_249,"A series of blasts took place Sunday before Modi was to address the BJP rally , leaving six dead and over 80 injured .",1,0.666666667,3,train_02,0
