train_04_196,"It was followed by a series of attempts to derail trains on the Erode-Coimbatore section , by placing boulders on the track .",1,1,2,train_04,0
train_04_209,"It took a communal turn that had resulted in stone-pelting , arson and loot .",0,0.666666667,3,train_04,1
train_07_255,"The recent rash of bombings in Gauteng reflected rising discontent among Afrikaners , the Afrikaner Group of 63 said on Thursday .",1,1,2,train_07,0
train_07_222,"The incident took place at 8 am when Anurag Pandey , the newly elected LMC corporator from Mallahi Tola -1 , and his supporters had an argument with LMC sanitation workers Arun Kumar , Anil Kumar , Sachidanand , and their colleagues over the cleaning of streets in the locality .",1,0.5,2,train_07,0
train_02_83,"Coinciding with the unrest in the board is the indefinite hunger strike launched by three employees Mahesh Ahire , Shriram Gavai and Balkrishna Gadekar whose regular promotions were denied and the former two were transferred to Nashik on the same post .",0,0.666666667,3,train_02,1
train_07_192,Sagar denied that there was a fight between Tyagi and Prasad and added that the leprosy patients assaulted him when he went there to deliver the transfer orders .,1,1,2,train_07,0
train_09_A_79,"By unfurling a separate flag , the supporters of a separate Vidarbha have insulted the tricolour and the Constitution , "" it said .",1,0.666666667,3,train_09,0
train_02_156,It ended only when the police removed all 850 workers from inside the plant on Saturday morning and detained them at two locations in Oragadam .,0,0.666666667,3,train_02,1
train_03_30,He was also booked by the Central Bureau of Investigation ( CBI ) as one of the 17 accused in the 2007 ‘ Dinakaran ’ newspaper office attack case .,1,0.666666667,3,train_03,0
train_01_189,"After family members narrated the incident to their neighbours , people came on the road and held demonstrations .",1,1,3,train_01,0
train_07_116,"The end to the platinum strike has brought a stop to the hardships that South Africa has suffered in the last few months , Lonmin CEO Ben Magara said on Tuesday .",1,1,2,train_07,0
train_05_301,Addressing a press conference TRS leader B. Goverdhan Reddy and others said the march was a success despite the hurdles created by the government .,1,0.5,2,train_05,0
train_01_166,"At least five more people will be tried over the attack , Xinhua has reported .",0,1,3,train_01,1
train_08_311,"A spokesman for the Pakistan-based guerrilla group called journalists in Srinagar on Monday and said its "" suicide squad "" had inflicted heavy casualties on Indian forces at the Ashajipora camp .",1,0.5,2,train_08,0
train_05_307,Orders Nizamabad Staff Reporter adds : Despite prohibitory orders imposed on the movement of Telangana protagonists many of them from the district managed to make it to the twin cities take part in the ‘ Million March ' held on Thursday .,1,0.5,2,train_05,0
train_08_12,"Though the police had assured people of full protection during the bandh , most business establishments remained closed .",1,0.5,2,train_08,0
train_04_23,"Mamata shows off strength , takes out padayatra 01st April 2011 02:48 AM KOLKATA : Trinamool Congress supremo Mamata Banerjee organised a huge padayatra as part of her election campaign in the city on Thursday , sending a message to the CPM leadership about the possible change in the state administration .",1,0.666666667,3,train_04,0
train_08_114,Mulaudzi could not confirm reports that the miners were demonstrating after Xstrata fired them .,1,1,2,train_08,0
train_01_67,ANDHRA PRADESH Constable and SI allege harassment by higher-up SEEKING JUSTICE : Reserve constable Sanyasi Sahu staging a dharna opposite the City Armed Reserve office in Visakhapatnam on Saturday .,0,0.666666667,3,train_01,1
train_05_322,"July 27 , 2009 : Six CRPF men killed in a landmine blast at Dantewada district in Chhattisgarh .",1,1,2,train_05,0
train_02_52,"They took to the street and within minutes a farm house was on fire , two more house were set alight and road blocked .",1,0.666666667,3,train_02,0
train_01_70,Some police personnel intervened and urged them to give up their protest - but to no avail .,1,0.666666667,3,train_01,0
train_09_B_7,"THANJAVUR / TIRUCHI : Sri Lankan monk assaulted March 17 , 2013 00:00 IST Police escort him to airport and put him on flight to Chennai A Sri Lankan Buddhist monk , Pathberiye Gnanaloka Thero , was assaulted by members of Tamil outfits at Big Temple in Thanjavur on Saturday .",0,0.5,2,train_09,1
train_03_136,He said the peaceful strike demanding a memorial for Chattambi Swami will continue till the government takes a decision on the issue .,0,0.666666667,3,train_03,1
train_06_270,"April 26 : Three policemen and two CPI-Maoist cadres were killed in an encounter in Dumka , Jharkhand .",1,0.5,2,train_06,0
train_09_A_15,He also said that the members of Aam Aadmi Party were staging an agitation when Louise Khurshid was attending an event .,0,1,3,train_09,1
train_09_B_24,"However , local villagers resisted the searches , saying there were no militants hiding there .",1,1,2,train_09,50:93,10:47,:,:,:,0
train_05_171,"He said incidents of protest affected voting stations in areas including Mahikeng and Marikana in North West ; Malamulelele , Musina , Mogalakwena , and Northhampton , in Limpopo ; Bushbuckridge in Mpumalanaga ; Khayelitsha in the Western Cape ; Denver , George Koch , and Orange Farm in Gauteng ; Ethekwini and Jozini in KwaZulu-Natal ; Nelson Mandela Bay , Butterworth , and OR Tambo in the Eastern Cape ; Pampierstad in the Northern Cape ; and Maluti-a-Phofung in the Free State .",1,1,2,train_05,8:28,29:62,29:37,:,:,0
train_05_263,"The division bench of Bombay High Court comprising justices Ranjana Desai and R V More while dismissing the plea of state government earlier this year had said "" we are of the view that the view taken by learned Sessions Judge so far as involvement of the duo in this case is concerned , cannot be called unreasonable , palpably false , manifestly erroneous and demonstratively unsustainable which merits our interference . "" The High court concurred with the view taken by Sessions Judge that the map recovered from killed terrorist pocket should have some wrinkles on it and blood spots as the LeT terrorist was badly injured in the gun-fight .",1,1,2,train_05,0
train_09_B_46,"When quizzed about the alleged police intimidation most of those who submitted claimed off-record that they had been individually helped by the police during riots and that yesterday , some officers did call them up and ask them to depose in their favour .",1,1,2,train_09,0
train_06_83,"Referring to her criticism on his continuing in power after the serial blasts in Coimbatore in 1998 , he sought the Chief Minister 's explanation on why none has been arrested in connection with the May 1 Central station twin bomb blasts .",1,1,2,train_06,0
train_03_49,"Urging the Commission to reveal names of people involved in the attacks , he said the protestors against the church attack were assaulted by police , youth were hunted and criminal cases were booked on them .",0,0.666666667,3,train_03,1
train_01_63,"Joshua Wong , the teenage activist who was one of the most recognisable faces of Hong Kong ’ s umbrella movement protests , has been found guilty of “ illegal assembly ” by a court in the former British colony .",0,0.666666667,3,train_01,1
train_02_217,"24th March 2016 05:23 AM THOOTHUKUDI : In recent days , particularly after the attack on Nadar Outfit leader , Subash Pannayar , police ‘ activism ’ in the form of torture has allegedly increased and the place that has been allegedly chosen for such torture is the shooting range on Vallanadu Hills .",1,0.666666667,3,train_02,0
train_06_33,"Personnel from the local police station , which is less than half-a-kilometre from the spot , reached 20 minutes after the clashes broke out .",1,0.5,2,train_06,0
train_01_71,They poured out their woes to the reporters and photographers who reached the Police Stadium on hearing about the incident .,1,0.666666667,3,train_01,0
train_05_281,"Broken glass , rocks , a broken traffic light and other debris were scattered on Albertina Sisulu Road during the protests .",1,1,2,train_05,0
train_03_189,Workers who did not participate in the strike would receive a once-off loyalty allowance of R2000 .,0,1,3,train_03,1
train_05_81,The burnt-down police station was repaired and given a fresh coat of paint overnight .,1,1,2,train_05,0
train_07_261,"VIJAYAWADA : Impasse over payment of salaries to civic workers continues December 16 , 2012 00:00 IST VMC employees are determined to continue ‘ Work to Rule ’ The stalemate over payment of salaries to municipal workers continued on Saturday , with the Joint Action Committee ( JAC ) of VMC Employees bent upon continuing ‘ Work to Rule ’ .",1,1,2,train_07,0
train_01_162,"They did not confess to the planned attack after their capture , and so should bear full responsibility for the loss of life , the court said .",1,0.666666667,3,train_01,0
train_03_79,"After showering flower petals in the sea to mark the World Oceans Day , the villagers and their children started the relay fast at Kooththenkuzhi .",0,0.666666667,3,train_03,1
train_08_58,Speeches of Congress leaders who addressed a large gathering of party men made it abundantly clear that all major issues prominent in the political discourse of the State would be highlighted by the march visiting all constituencies in the State .,1,1,2,train_08,0
train_07_110,"The allegations got strong back-up when the Kerala Medicos Joint Action Council ( KMJAC ) , which spearheaded the previous strike , also raised the same concern .",1,1,2,train_07,0
train_02_1,"“ Instead of blocking traffic here , they should go to Bhubaneswar with their demand .",0,1,3,train_02,1
train_08_67,""" We had gone to study the life of people in remote and Naxal-affected tribal areas as part of our mission and did not expect to be kidnapped by the Naxals , though we fully knew about their presence , "" they said .",1,1,2,train_08,0
train_08_277,"Apart from students and teachers of Jawaharlal Nehru University , many residents too gathered here after hearing about the protest on news channels .",1,1,2,train_08,0
train_01_132,Modiites are now reminding the Congress about the trips which Sonia and the Prime Minister made to Muzzafarnagar after 43 were killed in the worst-ever communal clashes in decades .,0,0.666666667,3,train_01,1
train_07_185,"Moreover , there was no loss of life or injuries to any person resulting out of use of fire arms or explosives by the warring groups , police officials said .",1,0.5,2,train_07,0
train_08_223,"TAMIL NADU Post blasts , the web of security tightens May 29 , 2014 00:00 IST Railway stations , places of worship , cinema halls , malls – the enhanced protective measures are everywhere The May Day twin blasts on platform nine of Chennai Central sent a strong message to various enforcement agencies in the city .",1,1,2,train_08,0
train_02_279,"Resenting the arrests , the activists staged rasta roko before NTR statue and before the Kurnool III Town police station for some time .",1,0.666666667,3,train_02,0
train_07_53,Mumbai attack : Pakistan yet to ' decide ' on panel 06th July 2011 08:01 PM NEW DELHI : India said on Wednesday that Pakistan has not yet made up its mind on when to send its judicial commission for recording the statements of Mumbai terror attack witnesses .,1,0.5,2,train_07,0
train_07_248,"`` The protest is out of concern by Sadtu that our education in this country needs a lot of fixing , '' said Dlamini .",0,0.5,2,train_07,1
train_04_230,"Mahant Jugal Kishore Shastri , a priest with the Ayodhya-based Saryu Kunj temple , said : "" At this stage , if other religious leaders from different parts of the country also come forward and join hands to work out an amicable settlement of the Ayodhya issue , I personally feel that the Ansari 's move would definitely produce the desirable result . "" A special three-judge bench of the Allahabad High Court 's Lucknow bench Thursday by a majority verdict ruled that the place where the Babri Masjid in Ayodhya stood , before it was razed by Hindu mobs in 1992 , was indeed the birthplace of Hindu god Ram .",1,0.666666667,3,train_04,0
train_07_37,""" Some protesters attacked me when I was clicking pictures , but their colleagues dissuaded them .",1,0.5,2,train_07,0
train_04_7,"Students clash with police in Osmania university - Indian Express Agencies , Agencies : Hyderabad , Mon Feb 15 2010 , 14:34 hrs Over 10 security personnel and few media persons were injured on Monday in a fresh clash between students and security men in Osmania University in Hyderabad , the nerve-centre of separate Telangana agitation .",0,0.666666667,3,train_04,1
train_03_231,The developments at the prestigious engineering institute also triggered politicking even as the state government assured that safety will be ensured for the students hailing from other states at the campus where CRPF has been deployed to instill a sense of security .,0,0.666666667,3,train_03,1
train_07_70,Hundreds of lawyers took on media persons at the court barring them from entering the premises and also threw stones and bottles on them .,0,0.5,2,train_07,1
train_08_295,"He claimed that YSR Congress activists "" manhandled "" TDP activists at A. Konduru and Khambhampadu villages in which about 10 workers were injured .",1,1,2,train_08,0
train_08_168,"Hong Kong must not become a breeding ground for hate Susan Chan denounces the abuse perpetrated by radical protest groups PUBLISHED : Monday , 16 March , 2015 , 2:13pm In recent weeks , there have been protests organised against parallel trading in the New Territories and Tsim Sha Tsui .",1,1,2,train_08,0
train_01_41,"Addressing a massive public rally at Vandalur , around 40 km from here , Modi said : "" The central government should be strong , only then the neighbouring countries will be friendly with us . "" Accusing the United Progressive Alliance ( UPA ) government of adopting a confrontationist attitude towards the states , he said it has been demolishing the constitutional institutions whereas the need of the hour is a cooperative attitude .",1,1,3,train_01,0
train_01_65,"More violence in TN district Posted : Wed Jun 25 1997 IST RAJAPALAYAM , June 23 : In continuing violence in TN 's Kamarajar district , one person was stabbed and buses being attacked .",1,0.666666667,3,train_01,0
train_05_27,The march was intercepted at the Khairatabad Crossroads and the marchers were taken into preventive custody .,0,0.5,2,train_05,1
train_07_107,"One soldier killed in ambush as Assam votes 23rd April 2009 10:11 AM GUWAHATI : One soldier of the Indian Army was killed and two wounded in an ambush by tribal separatists in Assam 's North Cachar Hills district Thursday while polling was underway for the second and final phase of parliamentary polls in the state , police said .",1,0.5,2,train_07,0
train_09_B_114,Sub-Inspector Murlidhar Bastia of Raghunathpur area was killed in Maoist attack while working in Keonjhar district .,1,1,2,train_09,0
train_06_79,"“ We will not rest till the corrupt BJD Government is thrown out of power , ” Odisha Pradesh Congress Committee president Niranjan Patnaik thundered at the rally which saw a turnout of more than a lakh .",1,1,2,train_06,0
train_08_226,"NATIONAL Yechury takes a dig at Advani on Nandigram December 19 , 2007 00:00 IST Kanwar Yogendra SHIMLA : The CPI(M) on Tuesday questioned the BJP over its opposition to the tough measures taken by the West Bengal government against the Maoists at Nandigram where they had set up a “ liberated zone . ” CPI(M) leader Sitaram Yechury was reacting to the reference made by BJP leader L.K. Advani during his public meetings here .",1,1,2,train_08,0
train_03_62,"Govt urged to take over Nellimarla jute mill 24th July 2009 03:08 AM HYDERABAD : Representatives of the Nellimarla Jute Mill Karmika Sangham , affiliated to IFTU , today urged Chief Minister YS Rajasekhara Reddy to intervene in resolving their problems and to put an end to the 10 - month-old strike involving about 5,000 jute mill workers at Nellimarla in Vizianagaram district .",0,0.666666667,3,train_03,1
train_08_27,"ANDHRA PRADESH Slum-dwellers protest January 10 , 2012 00:00 IST Hundreds of slum-dwellers laid siege to the Greater Visakhapatnam Municipal Corporation 's meeting hall .",0,1,2,train_08,1
train_09_A_48,"KARNATAKA Traders against plan to amend APMC Act January 06 , 2007 00:00 IST REST : A farmer takes a nap on a cotton bale at the APMC yard , in Hubli on Friday as the APMC traders across the State observe bandh .",0,0.666666667,3,train_09,1
train_09_A_161,Post offices wore a deserted look as members of the National Federation of Postal Employees and many other associations did not turn up for duty .,1,1,3,train_09,0
train_05_177,"The incident took place around noon in Gaya district 's Uchla village near Sherghati , about 100 km from here , when Maoists blew up a patrolling vehicle of the Roshanganj police station .",1,1,2,train_05,0
train_05_174,"“ In the wake of increased attacks on the minorities , the recent happenings in Orissa is causing great concern , ” the statement said .",1,1,2,train_05,0
train_01_62,"“ The youth was killed at a protest against the Army ’ s action halting the vehicles , ” alleged Mohammad Yasin Khan , head of a traders ’ body .",0,0.666666667,3,train_01,1
train_09_B_153,"Meanwhile , security forces and Naxalites had an encounter near village Belgaon  12 km from Bairamgarh in Bijapurkilling a Maoist rebel on the spot .",1,1,2,train_09,0
train_06_294,Five members of the old group entered the church during the Sunday mass yesterday and assaulted Akilan injuring him .,1,0.5,2,train_06,0
train_01_141,Biswal underlined that the US on its part had offered rewards for information leading to the arrest and prosecution of individuals associated with the Mumbai attack .,0,0.666666667,3,train_01,1
train_08_169,"The scenes are getting more and more ugly and disturbing , with shops being forced to close and people who are not parallel traders being molested and bullied .",1,1,2,train_08,0
train_03_280,"Campaign against Negligence of Girl Child , a non-governmental organisation , and the District Legal Services Authority jointly organised the human chain as part of the worldwide campaign on violence against women from November 25 to December 12 .",1,0.666666667,3,train_03,0
train_06_186,"The leader 's henchmen offered him a "" settlement "" but when he approached the state Lok Ayukta with a complaint of corruption , they attacked him and his wife .",0,0.5,2,train_06,1
train_02_195,Police said irate protesters set ablaze an earth-mover machine of the Jammu Development Authority ( JDA ) at Sarore on the Jammu-Pathankot national highway when JDA authorities went there to evict illegal occupants of JDA land .,0,0.666666667,3,train_02,1
train_04_26,"While Mamata Banerjee participated in her padayatra , her arch political rival and West Bengal Chief Minister Buddhadeb Bhattacharjee confined himself with an interactive session with the students on a college campus in Garia , Southern part of the city to get their support .",0,0.666666667,3,train_04,1
train_08_321,He claimed that heavily armed men from the other side fired at the police and the latter had to resort to a baton charge and tear gas shelling and finally opened fire .,1,1,2,train_08,0
train_02_267,"Kishore Chandra Deo splits Cong , says Salwa Judum was a ' sinful strategy ' - Indian Express Press Trust Of India , Press Trust Of India : New Delhi , Thu May 30 2013 , 22:07 hrs Activists of Youth Indian National Trade Union Congress ( INTUC ) protest against recent Naxal attack on Congress leaders , in Raipur on Thursday .",1,0.5,2,train_02,0
train_09_B_135,Highly-decorated Delhi Police Inspector Mohan Chand Sharma succumbed to the bullet injuries sustained during the gun battle while head constable Balwant was injured .,1,1,2,train_09,0
train_02_198,Reports from the area said agitated protestors had blocked the highway and security personnel were trying to pacify them .,0,0.666666667,3,train_02,1
train_06_311,"Earlier in the day , the agitating sanitation workers took out a protest rally from Tummalapalli Kalakshetram to the Collector ’ s Camp Office , where they staged a dharna shouting anti-establishment slogans for a couple of hours .",1,0.5,2,train_06,0
train_05_321,"Oct 8 , 2009 : 17 policemen were killed in an ambush by Maoists at Laheri police station in Gadchiroli district of Maharashtra .",1,1,2,train_05,0
train_05_39,"Despite the march being peaceful , most of the businesses in the inner city were closed .",1,0.5,2,train_05,0
train_09_B_47,Most of the riot-affected from city limits testified to the polices hard work at keeping peace .,1,0.5,2,train_09,0
train_05_194,"A week after the killing of a Congolese man in the national capital that stirred a diplomatic row and instigated violence against Indians in Congo , four attacks on African nationals by the residents in Chattarpur were reported on Friday .",1,1,2,train_05,0
