train_04_236,"Following the incident , police officials including Sunil Jacob , Assistant Commissioner of Police , Ernakulam ; and D.S. Suneesh Babu , Circle Inspector , Town Central , reached the spot .",1,0.666666667,3,train_04,0
train_06_322,There were also efforts to attack a local cable channel cameraman .,1,1,2,train_06,0
train_09_A_14,"The video footage of the incident is being scanned and a case will be registered after verifying the allegations , he added .",0,0.666666667,3,train_09,1
train_04_222,Party leaders here have requested educational institutions and other private establishments in twin cities to cooperate with them and make bandh successful .,0,1,3,train_04,1
train_07_262,"Municipal Commissioner Md. Abdul Azeem urged the employees to suspended their protest , and attend to their duties .",0,0.5,2,train_07,1
train_05_16,"While Singhdeo sat on a dharna in the Well in protest , Congress and other BJP members rushed into the Well shouting slogans .",0,0.5,2,train_05,1
train_02_151,"Trouble was also reported from Mirzapur in the city , when a mob gathered near a mosque threw two crude bombs at the police .",0,0.666666667,3,train_02,1
train_07_276,"Qiangba Puncog said on the sidelines of the National People 's Congress that the situation in Tibet was stable , despite reports that several protests had broken out in some Tibetan-populated areas in the run-up to March 10 , the 50th anniversary of an uprising that saw the Dalai Lama flee to India .",1,0.5,2,train_07,0
train_03_119,This caused injury to accused no : 37 in the case .,0,0.666666667,3,train_03,1
train_02_95,"Gandhiji leads fast , boycotts I-Day 16th August 2009 11:21 PM HEAVEN : Mahatma Gandhi led a host of freedom fighters , who after much deliberation , decided not to celebrate Independence Day , instead marking it with prayers and a hunger sit-in and passing a special resolution to write to Parliament on changes they want in the way India is run .",0,1,3,train_02,1
train_08_166,"In the early hours of 6 May , Beijing police detained Pu Zhiqiang , a prominent human rights lawyer who helped organise the 1989 demonstration ; three days prior , he had participated in a private panel discussion commemorating the massacre .",1,0.5,2,train_08,0
train_04_85,“ There was no formal notice of strike and this has created a lot of hassle for the public .,0,0.666666667,3,train_04,1
train_03_163,The people protesting alleged that the factory owner Abdul Majeed was also unwilling to hand over the bodies to their family and forced to cremate them at the Pachalam cremation centre .,1,0.666666667,3,train_03,0
train_06_217,"Guo , who has Australian citizenship , was taken away by police in Beijing shortly after the publication of an interview in which he described participating in 1989 's pro-democracy protests in Tiananmen Square and discussed a work he had created commemorating the bloody crackdown .",1,1,2,train_06,0
train_05_48,"' KSRTC suffering from operational loss ' 12th April 2012 07:01 AM Police removing VSDP workers who tried to disrupt the flag off function of Rajadhani ring road service in the city on Wednesday | B P Deepu THIRUVANANTHAPURAM : The Kerala State Road Transport Corporation ( KSRTC ) is suffering operational loss , but the Government is not viewing it as a loss , said Chief Minister Oommen Chandy .",1,1,2,train_05,0
train_03_293,"The party workers burnt posters of AAP leaders Manish Sisodia , Yogendra Yadav and Kejriwal after the party had earlier in the day announced a second list of 30 candidates for the general elections .",1,0.666666667,3,train_03,0
train_05_114,"Another bomb was recovered on the same railway track this morning at Rowta in the district during investigations by police , Bishnoi said .",0,0.5,2,train_05,1
train_09_A_3,"The Gujjar priest , Mewa Ram , accompanied by youngsters from his community allegedly thrashed the 80 - year-old Dalit priest Hazari Balai during the Navratra festivities on October 1 and declared a ban on the entry of Dalits into the temple .",0,1,3,train_09,1
train_07_311,"Many waved Chinese flags and hurled insults at anti-government demonstrators camped nearby , highlighting the deep ideological fissures now dividing the finance hub .",0,0.5,2,train_07,1
train_03_51,He urged the government to drop the cases registered against the Christians in connection with church attacks .,0,0.666666667,3,train_03,1
train_04_46,Blatant efforts to wage a proxy war 15th April 2010 12:33 AM The Dantewada massacre took the lives of 76 CRPF jawans and caused a huge setback to the Union home ministry ’ s self-proclaimed ‘ war on tribal terror ’ .,0,0.666666667,3,train_04,1
train_03_129,"City Police Commissioner Ravada Chandrasekhar has also directed Shangumugham Assistant Commissioner Suresh Kumar to probe into the role of the police in the incident , including the allegation that LDF candidate P. Ramachandran Nair was pushed by the Pettah Circle Inspector .",0,0.666666667,3,train_03,1
train_05_314,SC curbs on NIA questioning Sadhvi Pragya 09th July 2012 09:26 PM The Supreme Court Monday restrained the National Investigation Agency from interrogating Sadhvi Pragya Singh Thakur in connection with the 2007 murder of Rashtriya Swayamsewak Sangh activist Sunil Joshi in Madhya Pradesh .,0,0.5,2,train_05,1
train_09_B_19,"Pramod Mishra , president of Koshal Kranti Dal , blamed the administration for the incident .",1,1,2,train_09,0
train_09_A_69,"Two men who confessed to being involved in the murder of ANC North West official Obuti Chika were tortured by police , the Klerksdorp Magistrate 's Court heard on Tuesday .",0,1,3,train_09,1
train_03_183,"Taking strong exception to the inordinate delay in release of the promised compensation for crop loss in the August 2005 floods , nearly 50 farmers , led by the Telugu Desam Party MPTC member Gurumurthy and local CPI - ( M ) leaders Krishna Babu and Kondala Babu , squatted before the MRO .",1,1,3,train_03,0
train_09_B_133,The police had reached Batla House on a tip off that some suspected militants involved in the blasts were holed up in the building .,0,0.5,2,train_09,1
train_05_175,"As per reports from Orissa , Dr. Alathara said , several people had been injured and houses and institutions run by Christian missionaries burnt in the incidents on Tuesday .",0,0.5,2,train_05,1
train_07_226,They ended the protest after four hours when LMC Commissioner N P Singh assured that action will be taken against Pandey .,1,1,2,train_07,0
train_07_286,These aspirations were behind the series of demonstrations and rallies held last Sunday .,1,1,2,train_07,0
train_05_75,"In her speech , Lam referred to the protests , saying they had made her realise “ the need to grasp public sentiments accurately ” .",1,1,2,train_05,0
train_02_162,""" People shouted out things , which were so provoking we were very worried [ the man ] would jump in many instances , "" Cheung said .",0,1,3,train_02,1
train_04_88,"While the Dalits firmly state that a mob of their erstwhile Vanniyar friends entered the Dalit area after disconnecting the power supply , and hurled petrol bombs at their temple car and torched eight houses , the Vanniyars claim they were not involved in the attack .",0,1,3,train_04,1
train_02_20,"The row over possession of Satlok Ashram , headed by Rampal , took a violent turn on Sunday when police tried to stop Arya Pratinidhi Sabha activists from marching towards the Ashram .",0,0.666666667,3,train_02,1
train_02_147,"On Sunday , a group of people belonging to the Bharwad community allegedly went on the rampage and damaged shops owned by Patels , who too retaliated .",0,0.666666667,3,train_02,1
train_09_B_35,"We have been together in each other 's hour of grief and joy , but to allege that I was a part of the crowd that incited them to raise anti-Sikh slogans is a preposterous and blatant lie .",1,1,2,train_09,0
train_02_158,"An employee who wished to remain unnamed also told Express that around seven management personnel inside the plant , including five foreign nationals , were forcibly prevented from leaving the plant all night by the protesters .",0,1,3,train_02,1
train_05_196,The African nationals had sustained minor injuries in the attack that took place in South Delhi 's Mehrauli area on Friday .,0,0.5,2,train_05,1
train_08_136,The popular social network has been blocked since ethnic riots in China ’ s far west in 2009 and Instagram was banned during pro-democracy protests in Hong Kong in 2014 .,1,0.5,2,train_08,0
train_04_271,"Ambur Violence Targeted at Police , Was Not Communal : MMK Leader 04th July 2015 06:30 AM COIMBATORE : The violence that broke out in Ambur condemning the death of Shameel Ahmed is not based on communal grounds , said Manithaneya Makkal Katchi ( MMK ) MLA M H Jawahirullah here on Friday .",0,1,3,train_04,1
train_02_55,"`` Residents went on a rampage by throwing stones at Nala Municipality offices , '' said Thakeng .",0,0.666666667,3,train_02,1
train_08_248,"Han Dongfang , who was jailed as a leader of the Tiananmen protests and now runs the workers ’ advocacy group China Labour Bulletin from Hong Kong , believes Beijing can compromise when it sees it is necessary .",1,1,2,train_08,0
train_07_322,"Earlier the Congress of South African Trade Unions ( Cosatu ) Western Cape regional secretary , Tony Ehrenreich , said the strike could be resolved for about R1 million a year .",0,1,2,train_07,1
train_08_32,"ANDHRA PRADESH Nannapaneni injured in ‘ attack ’ Mobbed : District TDP president Karanam Balaramakrishna Murthi trying to shield Nannapaneni Rajakumari from Congress workers at Karamchedu , Ongole , on Monday .",0,0.5,2,train_08,1
train_04_43,"In a letter to Chief Justice of the Supreme Court , Justice HL Dattu , the former Member of Parliament said when CBI arrested Banki MLA Pravat Tripathy on October 31 and took him on remand on November 1 , party supporters gathered in front of the CBI office here and blocked the pathway of his car .",1,1,3,train_04,0
train_04_169,He said action would be taken against those found involved in attacks on vehicles .,1,0.666666667,3,train_04,30:81,8:29,:,:,:,0
train_07_85,"But as we work for the people , we obliged their request and released the men , ” said a Maoist leader who handed over the abducted to the tribal leaders .",1,1,2,train_07,7:29,32:77,4:6,:,:,32:56,61:77,:,:,:,0
train_01_84,Hartal supporters pelted stones at a KSRTC bus at Karamana injuring driver Babu .,1,1,3,train_01,0:58,59:79,59:67,:,:,0
train_08_128,"However , trade unions refused to accept it and continued their strike .",1,0.5,2,train_08,10:43,48:70,:,:,:,0
train_02_214,"Curiously , no policeman has died in any of these exchanges of fire   .",1,0.666666667,3,train_02,0
train_05_150,The protest went on for more than two hours and shops on the highway were shut during that time .,0,0.5,2,train_05,1
train_05_296,"There are 432 apartments here with around 2,000 residents . ” Emotions ran high as citizens and activists raised slogans against Sobha on Saturday .",1,1,2,train_05,0
train_06_125,"Naxal violence a challenge ; meet soon - Indian Express Express News Service , Express News Service : Sat Jul 14 2012 , 04:14 hrs On the continuing Naxal violence in the state , Patil admitted that despite heavy deployment of forces including the CRPF in Gadchiroli and other Naxal-hit areas , incidents of residents and policemen being killed have continued .",1,0.5,2,train_06,0
train_03_265,"The Suhruth Vedi activists were on a war path demonstrating various forms of peaceful agitations in Kalady , Angamaly , Thiruvananthapuram , etc. However , the agitation will be intensified by forming action committees in Aluva , Perumbavoor , Chalakudy , Manjapra , Thuravoor and Malayattoor , said SNDP Aluva Union Secretary K N Divakaran .",0,1,3,train_03,1
train_01_95,The management responded to this by issuing an order the other day seeking immediate removal of the posters .,0,0.666666667,3,train_01,1
train_06_108,"NGO volunteers and prostitutes , holding red umbrellas symbolising protection , shouted : ' Legalisation of sex workers , innocence of sex workers ! ' The authorities quickly stepped in and banned the petition .",1,0.5,2,train_06,0
train_03_4,"Protests rocked Bhaderwah , Banihal , Thathri , Kishtwar , Gool , Doda , Sangaldan areas of Jammu region amid raising of anti-India slogans and burning of tyres , police said .",0,0.666666667,3,train_03,1
train_02_322,"The Sadbhavna fast , its expenses , the 2002 riots and the Lokayukta issues are likely to become major elections issue with both the BJP and the Congress planning to use them to show the other side in poor light .",0,0.666666667,3,train_02,1
train_08_319,The clashes started as a police team went to the park .,0,0.5,2,train_08,1
train_08_242,The mass pro-democracy movement that seized the streets of Hong Kong has been obviously and overwhelmingly youthful .,1,1,2,train_08,0
train_09_B_54,The State Joint Secretary Thammesh Gowda said that several organisations were involved in the blasts and urged the Government to ban them .,1,1,2,train_09,0
train_02_71,"Suspended cops throw may go a long way - Indian Express Muzamil Jaleel , Muzamil Jaleel : Srinagar , Mon Aug 16 2010 , 02:58 hrs The embattled Omar Abdullah took another hit today when a suspended policeman hurled a shoe towards the dais where he was taking the salute after unfurling the tricolour at the Independence Day function here .",0,0.666666667,3,train_02,1
train_04_286,Protest Federation of various autorickshaw employees union on Thursday staged a protest in front of regional transport office raising several demands .,0,0.666666667,3,train_04,1
train_09_B_134,"Of the five flat occupants , Atif Ameen and Mohd Sajid were killed during the encounter .",1,1,2,train_09,0
train_06_221,"Those climbers who hung the banner on Lion Rock boosted people 's spirits , and though it was only up for a day , it will stay in people 's hearts forever .",1,0.5,2,train_06,0
train_06_18,After Dlulisa accepted the memorandum the suspects were led handcuffed into the court to jeers from the protestors .,0,0.5,2,train_06,1
train_03_82,"According to the SABC , when Mbeki took the podium at the Harry Gwala Stadium , a section of the crowd started howling and leaving the stadium .",1,0.666666667,3,train_03,0
train_07_168,Following our march the WCED gave us a letter saying the following would happen : 1 .,1,1,2,train_07,0
train_02_250,"( SUBS/NEDS : IF USED , CREDIT MUST BE RETAINED ) Two Daily Sun reporters were held captive , allegedly by Economic Freedom Fighters members during a protest in Nellmapius , Pretoria , Beeld reported on Thursday .",0,1,3,train_02,1
train_04_52,"On Friday , public meetings and padyatras were held by the parties with the diesel price hike and the cap on LPG cyclinders taking centrestage .",1,0.666666667,3,train_04,0
train_03_218,He said in an address before the protests began that Hong Kong must not be used as a launchpad to challenge Beijing ’ s authority and any questioning of China ’ s sovereignty in the territory “ crosses a red line ” .,0,1,3,train_03,1
train_04_150,"In the charged atmosphere generated by the dangerous currents of domestic politics and media-induced panic , Prime Minister Manmohan Singh is finding himself under tremendous pressure to respond decisively to initial evidence that ‘ elements in Pakistan ’ were responsible for last week ’ s terrorist outrage in Mumbai .",0,0.666666667,3,train_04,1
train_05_164,During service delivery protests three people died .,0,0.5,2,train_05,1
train_01_156,Soon a clash ensued between supporters of Pradhan and the rival group in which 17 persons were injured .,0,0.666666667,3,train_01,1
train_09_A_136,"After the blast , Maoists opened indiscriminate firing .",0,0.666666667,3,train_09,1
train_06_59,Many Hong Kongers also cite the jailing of leaders and activists from the 2014 Occupy Central movement – a 79-day mass civil disobedience movement – as well as the disqualification of young localist lawmakers as signs of the erosion of civil freedoms .,1,0.5,2,train_06,0
train_09_B_126,"Meanwhile , another group of DMK men , who were accompanying a Member of Parliament , allegedly indulged in “ skirmishes ” at Sholandur in which one Narayanan of Pandamangalam was injured .",0,1,2,train_09,1
train_09_B_88,"KERALA UDF whitewashing RSS violence : CPI(M) November 15 , 2007 00:00 IST Staff Reporter KANNUR : Communist Party of India ( Marxist ) State secretary Pinarayi Vijayan has accused the United Democratic Front ( UDF ) of whitewashing violence instigated by the Rashtriya Swayamsevak Sangh ( RSS ) in the State .",0,0.5,2,train_09,1
train_06_242,"He said that the police have learnt that some notorious elements were present in the crowed , which turned violent .",0,0.5,2,train_06,1
train_09_B_49,"Maretha , where till recently riot victims were not allowed to return home , victims of Best Bakery carnage , residents of Noor Park , and some other hotbeds of violence went unrepresented .",1,0.5,2,train_09,0
train_03_43,"It claimed that during the attack a five-vehicle convoy of 6th Dogra Regiment was "" assaulted "" at Tengnoupal-New Somtal Road in Chandel district of Manipur .",1,0.666666667,3,train_03,0
train_09_B_5,"A group , comprising leaders of the Communist Party of India ( Marxist ) and the Democratic Youth Federation of India , had roughed up a journalist who had put out a report to that effect .",1,0.5,2,train_09,0
train_04_202,"Beijing backs policy on minorities PUBLISHED : Thursday , 16 July , 2009 , 12:00am A senior government official said Beijing had no plan to alter its generally preferential policies toward ethnic minorities in the first official response to smouldering public discontent against the measures following the Xinjiang riot .",0,0.666666667,3,train_04,1
train_09_A_151,"Though rebels frequent the villages including Karada , Ranaba and Indragada , this is for the first time that posters exhorting the villagers to participate in the PLGA week have been found at several places in the block .",1,1,3,train_09,0
train_07_250,"The department said teachers who joined the protest march would face disciplinary action and that the no-work , no-pay rule would apply .",1,1,2,train_07,0
train_05_189,"Condemning the government ’ s approach in the matter , Kanhaiya said that the government wanted to perpetually function in a denial mode , adding that the attack on the African students showed the racial discrimination that was taking root in this country .",1,1,2,train_05,0
train_09_A_140,""" When the security forces surrounded the house , they came under heavy gunfire from inside .",0,0.666666667,3,train_09,1
train_07_91,“ I am shocked to hear about the brutal killing of Shri V Ramesh our General Secretary of Tamil Nadu unit .,1,1,2,train_07,0
train_02_246,"Days after blasts , Patna to host another rally 30th October 2013 11:55 AM The Communist Party of India ( Marxist-Leninist ) is holding its rally here amid tight security Wednesday , barely three days after a string of explosions here left six dead and over 80 injured .",0,0.666666667,3,train_02,1
train_01_123,The Kishtwar area has been in focus ever since the Delhi High Court blast as the first of the e—mails claiming responsibility for the blast emanated from here .,0,0.666666667,3,train_01,1
train_03_220,"“ It is absolutely impermissible. ” Little more than an hour before Xi ’ s speech , democracy protesters were attacked by pro-China demonstrators and hauled away by police as they attempted to march on the daily flag-raising ceremony .",1,0.666666667,3,train_03,0
