train_07_230,"However , of the 38 counselling centres in Seemandhra region , 20 are still non functional following the protests .",0,0.5,2,train_07,1
train_02_264,"It is neccessary to take up the agitation at a local level and hence , we will hold rally at Hadapsar instead of coming all the way to Shivajinagar , "" he said adding a few groups are outside Collector office supporting Hazare 's stir .",1,1,2,train_02,0
train_04_249,"Later , they handed over a memorandum to her assistants urging the party leader ’ s intervention .",1,0.666666667,3,train_04,0
train_05_85,"The unruly mob turned violent and set two police jeeps , a mini-bus , four two-wheelers and a TASMAC outlet on fire .",1,1,2,train_05,0
train_05_10,`` At the moment residents have blocked roads in Boitumelong and we ca n't enter the township .,1,1,2,train_05,0
train_07_267,Asked if he was apologetic about letting the strike drag on for over a week Dave said he seemed to have been extremely busy and could not be blamed .,1,1,2,train_07,0
train_02_65,"I would like to request people to reconsider the strike , so that common people do not suffer , "" he said .",0,0.666666667,3,train_02,1
train_08_203,"The police , however , suspect that old enmity might have been the reason behind the murder .",1,1,2,train_08,0
train_03_312,A group of TRS workers fled after setting the office on fire .,0,0.666666667,3,train_03,1
train_03_42,"The release claimed that 20 army personnel , including a junior commissioned officer , were killed and 12 others injured in the incident .",0,1,3,train_03,1
train_08_41,"TAMIL NADU Toddy tappers held in districts January 22 , 2009 00:00 IST Revoke ban : Members of Tamil Nadu Nadar Peravai showing pots as a mark of protest in Virudhunagar on Wednesday .",1,1,2,train_08,0
train_09_B_25,"As the combing party insisted on searching the village , the villagers started pelting stones .",1,1,2,train_09,0
train_03_196,"Chief Minister Y.S. Rajasekhara Reddy , sought details of the exchange of fire in Karimnagar yesterday , in which a student was killed in police firing .",0,0.666666667,3,train_03,1
train_09_A_118,Police justify action against students 16th December 2009 03:25 AM HYDERABAD : Police justified their action against students participating in the agitation programmes at Sri Krishnadevaraya University in Anantapur today even as various political parties and organisations launched protests against the unfortunate incident .,0,1,3,train_09,1
train_08_33,"| Photo Credit : — Photo : Srinivas Kommuri July 14 , 2009 00:00 IST The TDP leader terms it an attempt on her life by the Daggubati couple TDP members were probing irregularities in wage payment under NRLEGP when they were mobbed Rajakumari demands Venkateswara Rao ’ s resignation from House , Purandeswari ’ s apology ONGOLE : Congress workers on Monday attacked TDP senior leader and MLC Nannapaneni Rajakumari with sticks and stones leaving her badly mauled at Karamchedu , native village of Union Minister of State Daggubati Purandeswari ’ s husband and Parchur MLA Venkateswara Rao .",1,1,2,train_08,0
train_05_238,"Today 's Paper Jharkhand village group clash claims 8 lives September 20 , 2006 00:00 IST GRIEF-STRICKEN : Family member of a tribal victim who died in a clash on Monday evening at the Tetratoli village , near Kurkura Bazar in Gumla district of Jharkhand on Tuesday .",0,1,2,train_05,1
train_07_312,"Ramaphosa promises instant response to violence against women and children in SA Songezo Ndlendle CAPE TOWN , September 5 ( ANA ) - South Africa President Cyril Ramaphosa on Thursday addressed thousands of protesters outside Parliament following Wednesday 's mass gathering against the abuse and violence directed at women and children outside the meeting venue of the World Economic Forum in Cape Town .",0,0.5,2,train_07,1
train_08_11,"The organisers of the bandh , which included many Kannada organisations , Dalit organisations and heads of a few religious maths , there was no was force on the business establishments and hotels to close their establishments , and everybody 's support for the bandh call appeared voluntary .",0,0.5,2,train_08,1
train_02_134,"After the jawans left , the Kaliachak police station was attacked , ” said a resident .",1,0.666666667,3,train_02,0
train_04_99,The state shut down Saturday in protest .,0,0.666666667,3,train_04,1
train_01_69,"Incidentally , the officer against whom they made the allegations resumed duty on Saturday after recovering from the injuries he had suffered in the police-fishermen clashes in Gangavaram on March 27 .",0,0.666666667,3,train_01,1
train_05_82,Terrorist attack on the Pathankot airbase exposed another chink in our media armour .,1,1,2,train_05,0
train_09_A_26,"“ Even though UFBU had given notice for the strike one month ago , the Government and Indian Banks Association did not take steps to address the demands .",0,1,3,train_09,1
train_01_125,Modi visited the homes of all the six victims of the serial blasts which rocked Patna ’ s Gandhi Maidan and other parts of the city during his visit to address the Hunkar Rally on October 27 .,0,0.666666667,3,train_01,1
train_01_263,District Collector Gaurav Dwivedi and Superintendent of Police M.S. Tomar rushed to the spot and asked the labourers to withdraw the strike .,1,0.666666667,3,train_01,0
train_05_157,"PCC gives Rs 10 lakh EX gratia to SPO ’ s family 12th March 2009 03:09 AM HYDERABAD : Expressing sympathy to the family members of Special Police Officer ( SPO ) K Subrahmanyam Raju who died in the attack on Gandhi Bhavan by MRPS activists recently , Pradesh Congress Committee president D Srinivas today announced an ex gratia of Rs 10 lakh to the bereaved family .",1,1,2,train_05,0
train_06_85,"Workers from the upstart Association of Mineworkers and Construction Union ( AMCU ) at the mine 's Thembelani shaft in Rustenburg have refused to come out since the 4am ( 0200 GMT ) shift started , according to George Tyobeka , an AMCU leader .",0,0.5,2,train_06,1
train_04_73,It all started at about 9 last night when a gang of 30 plain-clothes policemen armedwith rifles and rods began attacking passersby and vehicles .,0,0.666666667,3,train_04,1
train_03_243,"The SAHRC investigated Tatane 's death , during a protest in Ficksburg in April 2011 , followed a complaint by the Council for the Advancement of the SA Constitution .",1,1,3,train_03,0
train_01_116,"Jammu : Delhi court blast accused killed in Kishtwar August 07 , 2012 00:00 IST A 2011 Delhi High Court blast accused , Amir Ali Kamal , was among two Hizb—ul—Mujahideen ( HM ) militants killed on Monday in a shootout with security forces in the mountainous Kishtwar district of Jammu and Kashmir , police said .",1,0.666666667,3,train_01,0
train_03_222,"The parades come after two separate eruptions of bloodletting claimed more than a dozen lives in Xinjiang , a sprawling border region which has been blighted by repeated outbreaks of ethnic violence and terrorist attacks .",0,0.666666667,3,train_03,1
train_01_181,"A guard said , "" When Jha did not get leave till four hours before departure of his train , he hanged a poster around his neck announcing an indefinite hunger strike .",1,0.666666667,3,train_01,0
train_03_97,Nobody has claimed responsibility for the blast that injured 15 people including 11 policemen from the 4th KSRP battalion .,1,0.666666667,3,train_03,0
train_03_303,"He enrolled at UNISA after his expulsion from the University of the North ( Turfloop ) for political activism , which arose from the organisation of the pro-Frelimo rallies in 1974 under the banner of the then South African Students Organisation ( SASO ) .",0,0.666666667,3,train_03,1
train_07_52,"On learning about the incident , the local police rushed to the spot .",1,1,2,train_07,3:30,33:68,0:2,:,:,0
train_09_B_87,A bodyguard of Javed was killed in that attack .,1,1,2,train_09,35:46,0:31,:,:,:,0
train_07_11,Vehicles have also been used to commit attacks on civilians in Nice and Berlin .,1,0.5,2,train_07,29:78,0:28,29:31,:,:,0
train_02_133,“ Suddenly the situation flared up and the vehicle was vandalised .,1,0.666666667,3,train_02,2:34,39:65,:,:,:,0
train_02_199,"Unique protest against FDI in retail - Indian Express Agencies , Agencies : New Delhi , Wed Nov 28 2012 , 14:05 hrs It was a protest with a difference where senior BJP leader Murli Manohar Joshi today joined traders in blowing horns to drive home a message that the government has become "" deaf and dumb "" to voices against FDI .",0,0.666666667,3,train_02,1
train_07_296,Anti-government protesters in Hong Kong took over key roads early on Monday amid rising tensions ahead of what expected to be a huge pro-democracy rally on the anniversary of the city ’ s handover to China .,0,0.5,2,train_07,1
train_04_259,Implats has been blamed for the strike by National Union of Mineworkers ( NUM ) general secretary Frans Baleni .,1,0.666666667,3,train_04,0
train_04_24,"In a bid to reach out to voters , the Trinamool Congress leader participated the 7 - km padayatra from Rajabazar , a minority dominated area to Ballygung Phari covering five Assembly constituencies .",1,1,3,train_04,0
train_06_299,"Cassim said that the DA had since laid a complaint at the South African Human Rights Commission ( SAHRC ) against one identified leader in the EFF structure , Omphile Seleke , who allegedly incited chaos and violence at the University of Pretoria ( Tuks ) campus in particular .",1,1,2,train_06,0
train_09_A_43,Their signatures and a letter demanding the proposal be scrapped were submitted to Chevalier 's management through the Labour Department .,1,1,3,train_09,0
train_05_1,"BJP condemns terror strikes in J & K ; , says Pak continuing with proxy war - Indian Express Press Trust Of India , Press Trust Of India : New Delhi , Thu Sep 26 2013 , 11:19 hrs BJP spokesperson Prakash Javadekar said that Pakistan land is being used to attack and conduct terror attacks in India .",1,0.5,2,train_05,0
train_03_267,"Not only were the 41 illegally taking part in the strike , as they were essential service workers , but they were also preventing fellow employees from working , by threatening and physically attacking them .",0,0.666666667,3,train_03,1
train_05_97,"The main suspect in a series of parcel bombings in southern China was killed in one of the blasts , according to local police .",1,1,2,train_05,0
train_04_297,"J-K ultras reject ceasefire offer Posted : Wed Nov 22 2000 IST SRINAGAR , NOV 21 : Ignoring the ceasefire offered by the Centre , militants fired a rocket at a BSF headquarter and attacked a police post in the Kashmir valley since last evening injuring a police officer , police said today .",0,0.666666667,3,train_04,1
train_01_102,"Max Chung , who delivered the application for a letter of no objection from the police , that is required to hold a rally , said : “ We want to show to the public and international community that Hong Kongers , we will never surrender in front of terrorism … To show our solidarity and say no to terrorism , we have to stand up. ” Chung said : “ Yuen Long was under terrorist attack and we have no choice but to take it back. ” The protests , principally over a controversial bill that would allow suspects to be extradited from Hong Kong to mainland China , have taken on new demands , including an investigation into police use of rubber bullets , teargas and physical violence against protesters .",0,0.666666667,3,train_01,1
train_01_247,"The incident took place early Tuesday at Balthara village in Jamui district , about 200 km from Patna , when over three dozen armed Maoists stormed the office of a private construction company engaged in bridge construction and abducted the 15 people .",0,0.666666667,3,train_01,1
train_08_300,"NAGAPATTINAM : Farmers allege irregularities February 22 , 2014 00:00 IST Farmers of villages in and around Kondal here in Mayiladuthurai staged a protest demonstration in front of the office of Sub-Registrar-Cooperatives levelling allegations on Friday .",1,1,2,train_08,0
train_04_19,"Following this , the police appealed to the agitators to withdraw the strike .",0,0.666666667,3,train_04,1
train_04_194,"Following information from T Rajasekaran , the guard of Salem-Chennai Express that had passed the spot just minutes before the explosion , the express train was stopped hardly 20 metres away from the blast site .",1,0.5,2,train_04,0
train_09_A_114,"We need to make sure , we must make sure we push , we push and we push until the state listens to us , '' Makwaiba told a cheering crowd .",0,0.666666667,3,train_09,1
train_07_209,"Monday saw the continuing trend of protests in the city , as more than 500 people gathered at Town Hall .",1,1,2,train_07,0
train_09_B_136,"Apart from these two , one Ariz Khan alias Junaid had been declared a proclaimed offender while Mohd Saif was not made an accused in this case as according to the prosecution , he had surrendered peacefully and did not play any part in the entire incident .",1,0.5,2,train_09,0
train_02_240,Two civilians also received gun shot wounds in the firing .,1,1,3,train_02,47:57,0:43,:,:,:,0
train_08_133,This false propaganda is being carried out against the agitation in Singur .,1,1,2,train_08,43:74,0:42,:,:,:,0
train_06_295,"Akilan was admitted to hospital here along with member of rivaal group Stalin Dinakaraj , who also sustained injuries in the melee .",1,0.5,2,train_06,0
train_09_B_150,He dismissed as unfounded earlier reports that a student was killed during the melee .,1,1,2,train_09,0
train_05_58,"The police action came against a breakaway group of protesters , some of whom had forced their way into the legislative council building and vandalised its main chamber .",0,0.5,2,train_05,1
train_08_229,Mr. Yechury said 36 CPI(M) cadres were killed in the violence .,0,0.5,2,train_08,1
train_06_35,Police teargassing was answered with a few gunshots in the air from one of the houses .,1,0.5,2,train_06,0
train_05_100,"The explosions occurred as China gears up for the start of Golden Week , a seven-day national holiday , with millions of people travelling across the country and massing in public spaces .",0,0.5,2,train_05,1
train_06_152,Shortly afterwards protestors gathered again and blockaded the main road between Ganyesa and Vryburg .,1,0.5,2,train_06,0
train_05_254,Wednesday 's demonstration was the second one organised with the help of the Bharatiya Vidyarti Sena ( BVS ) .,1,0.5,2,train_05,0
train_01_64,The action helped launch a 79-day street occupation that was described as the greatest challenge to China ’ s Communist rulers since the 1989 Tiananmen protests .,1,0.666666667,3,train_01,0
train_04_237,"VISAKHAPATNAM Rallies , meetings mark May Day fete May 02 , 2017 00:00 IST Anti-labour policies of Centre , State government criticised Rallies and meetings marked May Day celebrations by various trade unions with focus on taking up a united fight against NDA Government ’ s alleged attempts to dilute labour welfare policies .",0,1,3,train_04,1
train_05_267,"Though he escaped the impact of the bombs , the gang chased and hacked him to death in full view of the public .",0,0.5,2,train_05,1
train_09_B_105,The umbrella movement protests did not achieve “ what the demonstrators wanted and of course they didn ’ t have a well thought out strategy ” .,1,1,2,train_09,0
train_09_A_104,Over 250 people participated in the rally in support of the campaign .,0,0.666666667,3,train_09,1
train_08_39,"Saying that the attack was planned and motivated , she demanded Dr. Venkateswara Rao to resign his Assembly membership and sought an apology from Ms. Purandeswari .",1,1,2,train_08,0
train_05_122,Passengers to the Shamshabad airport did not have much of a problem as some radio cab operators did not participate in the strike and they made brisk business .,1,1,2,train_05,0
train_01_8,Table grape harvesters started protesting about their working conditions in De Doorns last month .,0,0.666666667,3,train_01,1
train_09_B_132,"The encounter had taken place at flat no. L -18 , Batla House in Jamia Nagar locality here on September 19 , 2008 , six days after serial bomb blasts rocked Delhi , killing 26 persons and injuring 133 others .",0,0.5,2,train_09,1
train_04_182,"We have to see all angles . "" Earlier , a group of people protested against the visit of the Congress president and the Union Home Minister outside the Mahabodhi Temple gate .",0,1,3,train_04,1
train_09_A_150,The PLGA week coincides with the 48 - hour bandh call by the Maoists protesting the killing of Kishenji .,0,1,3,train_09,1
train_09_B_82,"Addressing the protest meet , Bhavani Rao More , district unit president of BJP youth wing said that as the deceased officer had alleged that he was being harassed by Bengaluru Urban Development Minister K.J. George , Chief Minister ( CM ) Siddaramaiah should drop Mr. George from the Cabinet .",0,1,2,train_09,1
train_01_23,"The commission , chaired by retired Judge Ian Farlam , is investigating the deaths of 44 people during the wage-related strike at Lonmin 's platinum mining operations at Marikana in August 2012 .",0,1,3,train_01,1
train_05_0,"” Meanwhile , more than 5,000 oil tanker lorries plying inside Chennai city have planned to support the strike and will stay off the roads from Thursday .",1,1,2,train_05,0
train_01_93,"Management , Unions at loggerheads in KSRTC over attack on employees 07th July 2012 11:27 AM 204 attacks in 120 days !",0,0.666666667,3,train_01,1
train_01_20,"`` I observed the attack on the police , I have no doubt about it , '' Modiba said during cross-examination .",1,0.666666667,3,train_01,0
train_08_301,Democratic Party members staged a protest yesterday outside the central government 's liaison office in Hong Kong and handed in a letter addressed to Premier Wen Jiabao calling for Ching 's release .,1,1,2,train_08,0
train_06_190,"Today 's Paper 7 killed , 55 injured in two Assam bomb blasts November 23 , 2009 00:00 IST A child injured in a bomb blast being treated at the Gauhati Medical College Hospital on Sunday .",0,0.5,2,train_06,1
train_07_259,Other explosions cut railway lines between the sprawling township and Johannesburg .,1,1,2,train_07,0
train_03_134,Rajagopal concluded the fast in the evening when the Home Minister ’ s office informed BJP leaders about the report sent to the Election Commission .,1,1,3,train_03,0
train_08_268,""" Yes , we are happy that , after all , people 's anger was reflected and evident with the total success of the shutdown in Bihar , "" Lalu Prasad told IANS here Friday .",1,1,2,train_08,0
train_02_290,The activists planned to use civil disobedience tactics and occupy Hong Kong ’ s central business district in hopes that Beijing would allow Hong Kong voters to choose the city ’ s leader for the first time in history in 2017 .,0,0.666666667,3,train_02,1
train_08_1,About 200 workers briefly protested outside the company 's head office in Johannesburg on Tuesday before agreeing to meet again on Wednesday .,0,0.5,2,train_08,1
train_01_283,"Local drivers have allegedly been attacking the vehicles and threatening foreign drivers , who they accuse of taking jobs meant for locals .",1,0.666666667,3,train_01,0
train_07_302,"There have been large-scale protests in Hong Kong in recent years , including a two-month occupation in 2014 – but have failed to win any concessions from Beijing .",0,0.5,2,train_07,1
train_07_316,"On Wednesday , a crowd , made up of mainly young people from various civil community organisations and students from universities and schools across the city , gathered outside the CTICC , chanting struggle songs and holding posters on which was written `` enough is enough '' and `` stop killing women and children '' .",1,0.5,2,train_07,0
train_02_226,"ANDHRA PRADESH Congress office in Vidyut Bhavan flayed June 17 , 2007 00:00 IST KADAPA : Members of the United Electricity Employees Union staged dharna before the Collectorate on Saturday decrying allotment of one acre of land on Vidyut Bhavan premises to the Congress office .",1,0.666666667,3,train_02,0
train_09_B_48,"Credit was lavish and praise unwavering , making even the judges comment that the riots might have occurred somewhere else .",1,0.5,2,train_09,0
train_03_138,"The idol of Chattambi Swami and the make-shift temple in front of the 17 - cent plot , believed to be the birthplace of Chattambi Swami , at Kannammoola were destroyed by miscreants on Tuesday night .",1,0.666666667,3,train_03,0
train_04_193,"Though none were injured , it shook the entire State machinery , as the blast had occurred just a few days ahead of the classical Tamil conference in June last year .",1,1,2,train_04,0
train_04_261,"TELANGANA Bank strike impacts operations March 01 , 2017 00:00 IST Employees of private banks did not participate in the strike Banking operations across Telangana came to a standstill on Tuesday with several thousand employees of public sector , old generation private and regional rural banks participating in a one-day nationwide strike called by the United Forum of Bank Unions .",0,0.666666667,3,train_04,1
train_06_98,"The party 's provincial task team co-ordinator Saki Mafikeng said the meeting took place at the Tshing stadium , following service delivery protests in the Ventersdorp area over the weekend .",1,0.5,2,train_06,0
train_08_234,"At one point , recorded in the documentary , the filmmaker himself was embroiled in the violence , when he was hit in the face by a police officer .",1,1,2,train_08,0
train_02_220,One incident occurred in a private institute near Jagamara where two groups clashed over the membership issue .,0,0.666666667,3,train_02,1
train_04_136,Activists hold Earth ’ s funeral march 13th December 2009 04:26 AM BANGALORE : The Global Day of Action initiative gained support in Bangalore during a march conducted by Greenpeace in response to the uncertainity of the the UN Climate Change Conference in Copenhagen .,0,0.666666667,3,train_04,1
train_02_129,"They began to march at around 2 pm , attracting onlookers and passers-by as they moved towards a popular shopping and entertainment area under close police watch .",1,0.666666667,3,train_02,0
train_05_68,"The organisers of that rally – the Civil Human Rights Front ( CHRF ) – issued a joint statement with democratic lawmakers placing the blame for the destruction at the legislative council squarely on Lam , saying she had “ ignored the demands of the people and pushed youngsters towards desperation ” .",1,0.5,2,train_05,0
train_07_117,"It is not a time of celebration , there are no winners in this strike , '' Magara said .",1,0.5,2,train_07,0
