train_08_274,"According to police reports from different districts , nearly 12,000 workers and leaders of the RJD were arrested during the shutdown but later released .",0,0.5,2,train_08,1
train_04_189,"Kumar , an officer of the elite Para unit who hailed from Jind , was among two army personnel from elite Para unit who lost their lives today in the fierce encounter with militants holed up inside a government building in Pampore town .",0,1,2,train_04,1
train_01_121,"He is an accused in the Delhi High Court blast of Sep 7 , 2011 in which at least 10 people were killed and over 70 injured .",1,0.666666667,3,train_01,0
train_09_A_81,"Hoisting of the specially prepared multi-colour flag was seen as a mark of protest against the merger of the then Vidarbha , the Central Provinces and Berar into Maharashtra on May 1 , 1960 .",0,1,3,train_09,1
train_07_67,"She has worked as an assistant for legislators , been involved in a youth action group , competed in a District Council election in 2003 , helped with the organisation of the July 1 march in 2004 and 2005 , and has taken part in the fight to preserve the Star Ferry pier .",1,0.5,2,train_07,0
train_05_63,More than 50 people were reportedly taken to hospital for treatment after various protests throughout the day .,0,0.5,2,train_05,1
train_08_108,He said the Chief Minister had announced that the role of the non-official persons in the agitation and the subsequent police firing would be inquired into by the CBI .,1,1,2,train_08,0
train_08_16,"Incidentally , this is for the first time that the police had slapped notices on the organisers of the bandh citing the Supreme Court ruling holding the organisers of the bandh responsible if any untoward incident occurred during the bandh period .",1,1,2,train_08,0
train_07_223,"Arun , who is the sanitation supervisor of the area , alleged he was asked to clean the streets by Pandey in the morning but before he could send his workers , Pandey and his supporters came to Jhabban ki Bagiya and started beating him , his brother Anil , colleague Sachidanand and other workers .",1,0.5,2,train_07,0
train_03_39,"Lok Sabha members , cutting across party lines , meanwhile , expressed outrage at the language used by members of Team Anna during Anna ’ s one-day sit-in fast at Jantar Mantar .",0,0.666666667,3,train_03,1
train_08_45,"Similarly , some palmyrah farmers tapped toddy at Pattankaadu even as the police arrested 517 protestors , including 66 women , in the neighbouring town of Vasudevanallur .",1,0.5,2,train_08,0
train_02_200,"The protest was organised by the Confederation of All India Traders ( CAIT ) at Jantar Mantar here against the Centre 's decision to allow FDI in retail with businessmen alleging that the government was "" sensitive to the needs of MNCs and insensitive to voices of the people "" .",1,0.666666667,3,train_02,0
train_04_153,Too early It is too early to say how these demands for an immediate and decisive response to what happened in Mumbai will affect relations with Pakistan .,0,1,3,train_04,1
train_01_223,"In recent days , Beijing has ramped up its condemnation of the protests , which it describes as “ riots ” , and has accused the US and other western powers of instigating the unrest to hurt China .",0,0.666666667,3,train_01,1
train_07_247,"While tourists visiting the Union Buildings used cameras and cellphones to photograph the protest , the vendors outside packed up their wares .",0,0.5,2,train_07,1
train_07_291,"The decision of the unions affiliated to the Hind Mazdoor Kisan Panchayat to end the agitation came after a 45 - minute long meeting between Chief Minister Manohar Joshi and four union representatives Sharad Rao , Dada Samant , Vithalrao Gaikwad and Narayan Phenani at the CM 's residence late on Wednesday night .",1,0.5,2,train_07,0
train_04_90,"Besides , Jaya , a woman from the Vanniyar community , said the day after the incident , police had said they had so far booked around 150 Vanniyars and remanded about 85 .",0,0.666666667,3,train_04,1
train_04_263,"Anticipating the strike some of the banks , particularly SBI and its associates , had ensured that their ATMs ( automated teller machines ) had cash to meet the customer demand , he added .",0,0.666666667,3,train_04,1
train_02_92,Photo : A. Muralitharan Staff Reporter Being built as part of underground drainage network scheme TAMBARAM : Residents of Keelkattalai on Tuesday protested the construction of a lift station ( a powerful pumping station ) at a burial ground at Arulmurugan Nagar .,0,0.666666667,3,train_02,1
train_06_324,"There was also allegation that some of the Congress workers , who came to interrupt the fest , were in an inebriated state .",1,0.5,2,train_06,0
train_01_228,The statement condemned authorities for turning “ a deaf ear to peaceful protests from a wide section society ” and threatened more actions .,0,1,3,train_01,1
train_09_A_13,Mainpuri SP Shalabh Mathur said that a complaint has been lodged by a Aam Aadmi Party worker at City Kotwali police station alleging attack on him and other agitators .,0,0.666666667,3,train_09,1
train_02_112,"The university was closed following the disturbances , Vice-Chancellor Ngoato Takalo said on Monday .",0,0.666666667,3,train_02,1
train_01_232,"Besides the bank and the insurance company employees , medical and sales representatives , members of the UTF , anganwadi , municipal and construction workers , hamalis , including the RTC porters , participated in the rally taken out under the banner of the leftist unions protesting against the ‘ anti-employee ’ and ‘ anti-national ’ policies of the Congress-led UPA government .",0,0.666666667,3,train_01,1
train_09_B_103,Beijing has refused to modify its controversial plans – originally unveiled last August – despite mass demonstrations and a 79-day occupation of Hong Kong ’ s financial heart during last year ’ s Umbrella movement .,0,1,2,train_09,1
train_03_246,"`` If a suitably qualified person had been chosen , such a person would have foreseen that the demonstration would degenerate into violence and prepared for that eventuality , '' said SAHRC said .",1,0.666666667,3,train_03,0
train_06_106,"The petition came at a sensitive time , with the mainland in the midst of a massive crackdown on vice .",1,0.5,2,train_06,0
train_02_178,"Employees at three factories had signed a petition supporting Mr Zong and were demanding reassurances about the future of the venture and their jobs , Xinhua said .",0,0.666666667,3,train_02,1
train_05_66,Local TV footage showed police officers armed with non-lethal weaponry in other parts of the government complex as the protesters broke in .,0,0.5,2,train_05,1
train_08_170,"Although the people who have organised these events try to blame the government for what has happened , a clear and strong message about such radical and irrational activities must be sent across society , not for the sake of our tourism or economy , but in defence of Hong Kong 's core values .",1,1,2,train_08,0
train_05_173,"KERALA Bishops express concern December 27 , 2007 00:00 IST Kochi : The Kerala Catholic Bishops ’ Council ( KCBC ) has expressed concern over the attack on Christian churches , orphanages and the Bishop ’ s House at Kandhamal in Orissa .",1,1,2,train_05,0
train_08_112,"They blockaded roads leading to Sekhukhune and Burgersfort , Brigadier Hangwani Mulaudzi said .",0,1,2,train_08,1
train_01_230,"ANDHRA PRADESH Work in banks , insurance firms hit August 21 , 2008 00:00 IST Back to old days : A horse-drawn cart comes in handy for passengers as autos went off the road during the general strike in Kurnool on Wednesday .",0,0.666666667,3,train_01,1
train_07_220,"Muck on road after SP leader , supporters beat up LMC men - Indian Express Express News Service , Express News Service : Lucknow , Wed Jul 11 2012 , 04:20 hrs A Samajwadi Party leader and his supporters allegedly beat up three Lucknow Municipal Corporation sanitation workers and manhandled a constable in Thakurganj area on Tuesday .",0,0.5,2,train_07,1
train_03_137,"The strike will be intensified after consulting with like-minded people , he added .",1,0.666666667,3,train_03,0
train_05_47,Mr. Bommai later told presspersons that whoever was responsible for forcing the protestors to stage such a protest would be dealt with sternly .,1,1,2,train_05,0
train_07_122,"“ It was a planned attack instigated by the PMK , who are trying to gain political mileage , ” he charged and added that members of a community in 30 villages , spread across political parties , joined the PMK-led assault .",1,1,2,train_07,0
train_05_165,"Two protestors were shot dead , allegedly by police , on Monday during a service delivery protest .",1,1,2,train_05,71:97,0:63,:,:,:,45:97,0:29,42:44,:,:,0
train_02_259,""" The relay fast is a way of supporting Anna from Pune .",1,0.5,2,train_02,20:54,2:16,20:28,:,:,0
train_08_36,"In the melee , Ms. Rajakumari lost her consciousness .",1,0.5,2,train_08,3:12,15:52,:,:,:,0
train_09_B_108,""" Three terrorists have been killed in this gunfight , which is still going on .",1,1,2,train_09,39:52,2:35,:,:,:,0
train_07_64,The four inmates who held her hostage were arrested .,1,0.5,2,train_07,0:37,43:51,:,:,:,0
train_09_B_118,"Maoists force Centre to revisit CRPF deployment 01st July 2010 03:56 AM NEW DELHI : Unnerved by another instance of sudden ambush and massacre of Central Reserve Police Force personnel by Maoists , the Centre on Wednesday gave hint of enacting a tactical retreat from Naxal strongholds like Dantewada and Narayanpur in Chhattisgarh , camouflaging it as ‘ revisiting deployment ’ .",1,0.5,2,train_09,0
train_01_210,"`` We do not know about the strike , if we called for a strike we could have informed commuters , '' said president Philip Taaibosch .",1,1,3,train_01,0
train_07_159,"Sainath Metri , taluk panchayat member ; Pandurang , Yeshwant Datekar , Mahadev Kumtekar and Narayan Govekar , leaders of fishermen who led the agitation , told presspersons that the officials would forget the development of road after the inauguration of the bridge .",0,0.5,2,train_07,1
train_02_125,"Ignoring warnings that any gathering would be illegal , they started congregating near the provincial government headquarters at about 10 am despite a heavy police presence .",0,0.666666667,3,train_02,1
train_01_108,"In Yuen Long , Chung and other protesters are demanding the government conducts an independent investigation and officially characterises the violence as a “ cross-border terrorist attack ” .",0,0.666666667,3,train_01,1
train_02_278,"AISF State general secretary Viswanath , district president Srinivasulu , secretary Chandrasekhar , city secretary Mahendra , organising secretary Ranganna , vice-presidents Bhargav and Venkatesh and a large number of students jostled with the police when they picketed Kurnool Collectorate .",0,0.666666667,3,train_02,1
train_04_81,Hundreds of them raised slogans against the SP .,0,1,3,train_04,1
train_01_90,He was seen as proactive when he disposed of the mercy petitions of 26/11 attack convict Ajmal Kasab and Parliament attack convict Afzal Guru that had triggered a controversy but his aides explain that as President he had no choice but to go by the Cabinet advice .,1,0.666666667,3,train_01,0
train_03_249,"Staging a protest at Bhajanpura , BJP Delhi unit chief Vijay Goel said Chief Minister Arvind Kejriwal has failed to check power tariff hikes .",0,1,3,train_03,1
train_06_243,"ANDHRA PRADESH Strike near total in Khammam December 15 , 2006 00:00 IST Staff Reporter Dharnas , demonstrations mark the protest against government policies KHAMMAM : The general strike called by the left trade unions against the Centre 's economic policies was near total in Khammam district on Thursday .",1,0.5,2,train_06,0
train_01_35,"September 14 , 2012 00:00 IST Her absence from Vijayamma ’ s protest meet gives credence to rumours Rumour mills are abuzz in Warangal hinting that YSR Congress party leader and former Minister Konda Surekha may join the Congress soon .",1,0.666666667,3,train_01,0
train_01_258,"Former TDP Minister P. Babumohan , who was in oblivion for long , participated in the agitation Despite assurances by the authorities , the stock of urea is not reaching farmers",1,0.666666667,3,train_01,0
train_02_135,The inspector in-charge was injured in the incident .,0,0.666666667,3,train_02,1
train_06_263,July 16 : CPI-Maoist cadres killed 17 personnel of the Special Operations Group of the Orissa Police in a landmine blast in Malkangiri district .,0,0.5,2,train_06,1
train_06_127,"The anti-Posco activists torched our houses , damaged our betel vines and paddy crops and threw us out .",1,1,2,train_06,0
train_06_284,"Freezing weather conditions at ANC PE Siyanqoba Rally Raahil Sain PORT ELIZABETH , July 23 ( ANA ) - African National Congress supporters streamed into the Dan Qeqe Stadium in Zwide , Port Elizabeth , in freezing weather conditions and rain for the ANC 's August 3 municipal elections Siyanqoba rally on Saturday .",1,1,2,train_06,0
train_01_173,"Yes , he 's the fellow who assured his government bosses the July 1 , 2003 , protest march would draw mere thousands , not the half a million that actually turned up .",1,0.666666667,3,train_01,0
train_04_170,JAC convenor Kodandaram condemned the arrests and said he and other leaders would continue their protests in various police stations .,0,1,3,train_04,1
train_04_204,"There are nine million Uygurs among Xinjiang 's 20 million people , and they are the main targets of blame for the unrest .",0,1,3,train_04,1
train_03_28,"Singh said the militants had tried to breach the cordon Tuesday night , "" but the troops fired at them , pushing them back into the jungle "" .",0,0.666666667,3,train_03,1
train_04_312,"Two Maoists killed in Orissa 22nd June 2009 09:49 AM BHUBANESWAR : Two Maoist guerrillas were killed in a gun battle with the police in Orissa 's Malkangiri district , authorities said Monday .",0,0.666666667,3,train_04,1
train_02_131,"Kolkata : No arrests yet in Malda case January 05 , 2016 00:00 IST No arrests have been made so far in connection with Sunday ’ s mob attack on police personnel in the Kaliachak area of West Bengal ’ s Malda district .",0,0.666666667,3,train_02,1
train_03_322,And the students seem to be in no mood to skip them citing the agitation as they have realised that they are crucial to complete the course .,0,0.666666667,3,train_03,1
train_06_269,May 21 : CPI-Maoist cadres shot dead three persons and injured another at Kotam village in Gumla district of Jharkhand .,0,1,2,train_06,1
train_02_297,"The counter protest by the TNCC chief raised a furore with the Movement with its coordinator S Nallusamy saying Thangkabalu “ had insulted the feelings of farmers , coconut and Palmyra tree climbers consumers and nature lovers . ” A few days back Thangkabalu told reporters in Salem that he had decided on the date for his protest three months ago and did not intend it to be a counter protest to that started by the toddy farmers .",0,0.666666667,3,train_02,1
train_09_A_29,"UFBU is meeting at Hyderabad on December 23 to discuss further course of action and the next phase of the agitation , Venkatachalam said .",0,1,3,train_09,1
train_08_59,"Pinarayi ’ s march Mr. Chandy said the march led by Communist Party of India ( Marxist ) State secretary Pinarayi Vijayan was leaving a trail of clashes and violence , though the march ’ s motto was ‘ prosperous Kerala .",0,0.5,2,train_08,1
train_05_132,"When we locked the shop ourselves , Revenue officials rushed to the spot and promised to take action .",1,1,2,train_05,0
train_02_207,"According to sources , a large number of private buses remained off the road over the last couple of days .",0,1,3,train_02,1
train_07_111,"Banking up on the Health Minister ’ s assurance , the students , who were on the warpath against the CRS and bond system retracted from the agitations on April 23 , 2012 .",1,1,2,train_07,0
train_01_217,"One group held a black banner with the words : “ The police have overstepped ” , while others chanted for the release of protesters who have been arrested over the last two months of demonstrations .",0,0.666666667,3,train_01,1
train_08_19,"PM condemns ' dastardly ' attack on Congress workers in Chhattisgarh - Indian Express PTI , PTI : New Delhi , Sun May 26 2013 , 01:39 hrs Prime Minister Manmohan Singh tonight strongly condemned the "" dastardly "" Maoists attack on Congress leaders and workers in Chhattisgarh and appealed to the attackers to release at the earliest all those who may have been abducted .",1,0.5,2,train_08,0
train_01_49,"Protests show rising green concerns PUBLISHED : Wednesday , 04 July , 2012 , 12:00am Mass protests this week over the planned construction of a molybdenum-copper alloy plant in Shifang , Sichuan province show that environmental concerns are becoming a leading cause of social unrest .",0,0.666666667,3,train_01,1
train_05_18,"Angered community members mobilised and marched to a suspected gang member 's house in Bardien Street where Tavern Moss was stabbed and beaten to death , police said at the time .",1,0.5,2,train_05,0
train_05_83,The Pathankot incident too exposed how far the malignant cancer of corruption has spread .,1,1,2,train_05,0
train_02_282,"Four Fisheries Control and Parks officers were taken hostage after 15 armed poachers ambushed them at Hout Bay , SABC radio news reported on Wednesday .",0,1,3,train_02,1
train_07_141,"The Cecelia Makiwane Hospital in East London was again the scene of anger and protest on Tuesday , following the death of four babies at the hospital last week , the SABC reported .",0,0.5,2,train_07,1
train_06_180,"Even after six days of the hunger strike , the government has not reached a consensus on demands raised by the striking doctors .",1,0.5,2,train_06,0
train_02_183,"M. Ranjit , representing the protesting students , said that the Deputy Director of Education ( DDE ) had tried to hoodwink them by issuing an order by which the appointment of language teachers for physical education work was suspended temporarily .",0,0.666666667,3,train_02,1
train_08_245,"Yet older people have been drawn into the protests too : not just democracy veterans , but citizens inspired by the younger generation .",1,1,2,train_08,0
train_09_A_12,"One of the agitators , Vivek Yadav , who was later hospitalised , lodged a complaint alleging that Congress district president Prakash Pradhan and his party workers assaulted him while Louise Khurshid 's vehicle hit him causing injuries .",0,0.666666667,3,train_09,1
train_05_26,"Around 4.30 pm , a 70 - member contingent of VHP and Bajrang Dal activists led by their leaders Yaman Singh and nearly 20 religious heads went in a procession towards the Raj Bhavan with an intention to submit a representation t o g o v e r n o r E S L Narasimhan .",1,1,2,train_05,0
train_01_26,"Claiming that the dozen new trains would prove to be a boon for UP , Sonia said later at a public rally organised adjacent to the railway station that it was after a long gap that the Railway ministry had done so much in one go for the state .",0,0.666666667,3,train_01,1
train_01_238,"Seven Maoists Killed in Gun Battle 18th February 2014 11:36 AM Seven Maoists were killed in a two-hour long gun battle with Maharashtra Police on the border the state shares with Chhattisgarh , a top official said Tuesday .",1,1,3,train_01,0
train_02_161,"Police negotiators facing ' toughest challenge yet ' at Occupy sites Officers trying to defuse tensions at Occupy sites deal with insults and lack of protest leadership PUBLISHED : Wednesday , 08 October , 2014 , 4:52am Opposition losing support of public opinion 4 Jun 2018 Police negotiators say Occupy Central has presented them with their toughest challenge yet , facing hundreds of sometimes hostile demonstrators instead of the one or two people they usually deal with .",0,1,3,train_02,1
train_03_96,"An improvised explosive device ( IED ) kept under the seat of a motorbike blew up after being remotely triggered , just 100 metres from Jagannath Bhavan , the state BJP headquarters in Malleswaram around 10.30 am .",0,0.666666667,3,train_03,1
train_06_304,"Speakers at the rally , orgainsed by the Peoples Union for Civil Liberties ( PUCL ) , CPI , CPM , and Chhattisgarh Mukti Morcha ( CMM ) , accused the Raman Singh government of having implicated Sen in a false case .",1,0.5,2,train_06,0
