train_09_B_137,"During the trial , Shahzad had called as defence witnesses Saif and Zeeshan , both lodged in Sabarmati jail in Ahmedabad in connection with the serial blasts of July 26 , 2008 there , claiming that he was not at the spot .",0,0.5,2,train_09,1
train_08_82,Demonstrators dismantled roadside barriers and built makeshift barricades between them and the police .,1,0.5,2,train_08,0
train_05_154,"`` Under ANC president Jacob Zuma 's leadership , South Africa has become a banana state , '' he told DA supporters at a rally for jobs at the Ellis Park indoor arena in Johannesburg .",1,0.5,2,train_05,0
train_04_143,"Sixteen people , including 4 policemen and 11 CRPF jawans , were killed in the attack .",0,0.666666667,3,train_04,1
train_06_5,The rally culminated in a public meeting where senior Congress leaders held the BJD government responsible for the spate of farmer suicides in the State since September .,0,0.5,2,train_06,1
train_03_182,"ANDHRA PRADESH ` Delay ' in compensation : ryots lay siege to MRO office March 14 , 2006 00:00 IST Staff Reporter Telugu Desam , CPI(M) leaders lead the protest VIJAYAWADA : Betel nut farmers from Garikaparru and Thotlavalluru villages under Thotlavalluru mandal laid siege to the Mandal Revenue Office on Monday .",1,0.666666667,3,train_03,0
train_08_5,PTI Guwahati Police Commissioner Mukesh Aggarwal said that the anti-talk faction of ULFA may be behind the attack .,1,0.5,2,train_08,0
train_07_282,"When the Opposition members boycotted the House proceedings of the day at the end of their virulent protests and demands for the resignation of ‘ corrupt ’ Chief Minister Oommen Chandy and Excise Minister K Babu , an anxious crowd of Assembly staff and watch and ward personnel were looking at the crown of a big coconut tree , where a middle-aged person was staging a protest under the scorching sun and swaying palm fronds .",0,0.5,2,train_07,1
train_03_171,The Palode police have registered a case against about 300 persons in connection with the incident .,0,0.666666667,3,train_03,1
train_02_24,"While two persons received bullet injuries , another man was injured in stone pelting .",0,0.666666667,3,train_02,1
train_09_B_21,"It is difficult to digest as to why they allow the labour unrest to continue for long , ” he added .",0,1,2,train_09,1
train_09_B_119,The Narayanpur incident also looked like capable of sparking a row between the Centre and Chhattisgarh .,0,1,2,train_09,1
train_07_237,"NALGONDA : Condition of fasting IPC students worsens August 07 , 2014 00:00 IST MGU agrees to arrange a meeting of students with In-Charge Vice-Chancellor The condition of IPC students , Mahatma Gandhi University ( MGU ) , is fast deteriorating with their hunger strike entering the third day on Wednesday .",1,1,2,train_07,0
train_03_14,"“ The textbooks and syllabus try to sidestep so-called embarrassing issues like June 4th or the 1967 riots , ” Pang added , referring to the date of the 1989 Tiananmen Square massacre , an event that spurred 1.5 million people , more than a quarter of the population at the time , to march in Hong Kong in the largest ever protest .",0,0.666666667,3,train_03,1
train_06_87,"Abhishek Banerjee , nephew of the chief minister had said : "" The Mamata Banerjee government , by killing him , has proved that in days to come , people will have the final word . "" Communist Party of India-Maoist leader Koteswar Rao alias Kishenji was killed on November 24 , 2011 in a gun battle in West Midnapore district near the Bengal-Jharkhand border .",0,0.5,2,train_06,1
train_02_231,Her story drew widespread condemnation with marches organised against taxi drivers ' actions .,0,0.666666667,3,train_02,1
train_03_109,The CPM workers too came out of the building to confront the protesters and a minor scuffle ensued .,1,1,3,train_03,0
train_05_80,"If what happened in Malda was a trivial incident , why was so much trouble taken to keep the BJP and CPI(M) fact-finding team out from ‘ ground zero ’ ?",0,0.5,2,train_05,1
train_04_120,"There would have been no West Bengal as the entire state would have become part of East Pakistan ( present-day Bangladesh ) . ” Addressing the gathering , the state BJP leaders asked the party workers “ not to get provoked by the TMC goons but to strengthen the organisation as the party ’ s goal was to capture power in the state in the 2016 Assembly elections ” .",0,0.666666667,3,train_04,1
train_08_132,"But in spite of its controversial nature , the CSAT was not removed until April 2015 , and that too after massive protests , ” said Anupama Karthik , an aspirant from Hyderabad .",1,1,2,train_08,0
train_06_110,"Four jawans were also injured in the encounter but they were all out of danger , police said .",0,0.5,2,train_06,1
train_02_293,"After the police doused the crowd in pepper spray and tear gas , tens of thousands of residents joined the action .",0,0.666666667,3,train_02,1
train_03_23,"On getting the news about Mr. Hazare breaking his fast , they too ended their dharna .",0,0.666666667,3,train_03,1
train_04_16,"Even as the workers were agitating , another employee doused himself with kerosene and attempted self-immolation .",0,0.666666667,3,train_04,1
train_05_312,"Several pro-Telangana activists were arrested in Choutuppal , Bhongir and Miryalguda , where the Telugu Desam Party extended support to the agitation .",0,0.5,2,train_05,1
train_04_151,External Affairs Minister Pranab Mukherjee got off to a sober and dignified start last week when he told his Pakistani counterpart that the elements responsible for the carnage did not want a “ leap forward ” in relations between India and Pakistan and were hence acting against Islamabad ’ s interests as well .,0,0.666666667,3,train_04,1
train_06_13,"About 1,000 angry protesters gathered outside the Alice Magistrates Court on Thursday where four suspects appeared on charges of murdering a Victoria Hospital tutor last year .",0,0.5,2,train_06,1
train_02_163,""" We 'd often come to an understanding with protesters willing to open up a part of the road , only to have it blocked again by other protesters who disagreed , "" she said .",0,0.666666667,3,train_02,1
train_01_235,"Secretary of the Insurance Corporation Employees ’ Union , Nellore Division , K. Gopalakrishnaiah and other leaders , who held a demonstration in front of the United India Insurance Company here , criticised the UPA that had categorically said it would strengthen the LIC and GICs but was doing just the opposite by hiking the cap on the Foreign Direct Investment in the insurance sector .",0,0.666666667,3,train_01,1
train_05_65,"“ We used to protest peacefully but it didn ’ t work , now we need to get out of this framework and tell them , we ’ re willing to try anything until you give us an answer. ” Police had issued several warnings through the evening and appeared to be gearing up for violent clashes , but had left the protesters largely unhindered in their efforts even as the group tore up the inside of the building .",1,1,2,train_05,0
train_05_23,"It has also sought a judicial inquiry in the entire case , soon after a group of men in lawyers ' robes were seen thrashing students and journalists in the nearby Patiala House court complex yesterday .",1,1,2,train_05,0
train_08_211,`` We suspect that he pulled the trigger that killed Chika '' .,1,0.5,2,train_08,19:40,46:58,14:18,:,:,0
train_05_257,"The 60 - page charge sheet , filed by National Investigation Agency(NIA) on Saturday before a special court in New Delhi , details reconnaissance activities carried out by 50 - year-old Headley of the targets attacked by Lashker-e-Taiba(LeT) terrorists on November 26 , 2008 that left 166 people dead .",1,0.5,2,train_05,131:274,280:300,280:284,:,:,0
train_02_155,"Dissatisfied with the package , workers staged an all-nigh sit-in .",1,1,3,train_02,0:29,32:65,:,:,:,0
train_06_249,The protesters raised slogans against the government .,1,0.5,2,train_06,30:52,0:29,:,:,:,0
train_06_286,The Cheriyathura clash was the outcome of a petty scuffle between two sections .,1,1,2,train_06,23:78,0:22,23:41,:,:,0
train_07_142,About 200 members of the Treatment Action Campaign ( TAC ) protested outside the hospital and like the families they want answers .,1,0.5,2,train_07,0
train_06_19,"Maoist banners found 10th April 2011 05:14 AM KORAPUT : MAOIST banners were found near the District Primary Education Project ( DPEP ) office today in which the ultras threatened to kill Shikhya Sahayak candidates , outsiders to the district , who have been selected to join the service here .",0,0.5,2,train_06,1
train_03_169,"As the violence mounted , the police hurled teargas shells and grenades at the mob .",0,0.666666667,3,train_03,1
train_06_158,"Another minister and legislator from Gadwal , DK Aruna , whose father C Narsi Reddy ( the then Congress MLA ) was brutally killed by Maoists in Mahaboobnagar district , is also playing a key rule lobbying with the Congress high command for formation of Telangana State .",0,0.5,2,train_06,1
train_01_215,"Thousands of demonstrators marched in Hong Kong on Saturday , facing the threat of arrest and increasingly severe warnings from Beijing .",0,1,3,train_01,1
train_03_73,"Nagamarapalli Fans Ransack BJP Office 22nd March 2014 08:43 AM The surprise choice of Bhagwant Khuba by the BJP as its candidate for Bidar Lok Sabha constituency , leaving out the favourite father-son duo of Gurupadappa Nagamarapalli and his son Suryakant Nagamarapalli , has drawn a strong backlash in the district .",1,1,2,train_03,0
train_07_46,The taxi operators were protesting about routes .,1,0.5,2,train_07,0
train_07_279,"A Day of Protests Inside and Outside Assembly 17th February 2016 05:40 AM THIRUVANANTHAPURAM : Be it in the Assembly or outside , protests will be heard only if they rise to a high .",1,0.5,2,train_07,0
train_06_256,civilians and security forces killed in Naxals attacks in 2008 .,0,0.5,2,train_06,1
train_08_150,"Only CPM had enmity towards TP , says Rema 27th February 2013 08:44 AM K K Rema , wife of slain leader T P Chandrasekharan , stuck to her statement before the Special Additional District and Sessions Court ( Marad cases ) here that the CPM had enmity towards her husband and denied the suggestions made by the defence counsel .",1,1,2,train_08,0
train_02_268,"Tribal Affairs Minister V Kishore Chandra Deo today dubbed anti-Maoist militia Salwa Judum as a "" sinful strategy "" , bringing to the fore apparent differences in Congress over the approach to Maoists who last week wiped out party leadership in Chhattisgarh in a deadly attack .",1,0.5,2,train_02,0
train_09_A_49,"Staff Correspondent Protesters staged a demonstration in front of the Deputy Commissioner 's office Protesters stage demonstration in front of DC 's office Entry of Wal-Mart in retail trade had ruined native traders , says BCCIGovernment was amending the Act without any discussion BELGAUM : Trading activities came to a halt at the Agriculture Produce Marketing Committee Yard in the city causing inconvenience to the growers .",0,0.666666667,3,train_09,1
train_09_A_123,"Maimane said the actions of the over 20,000 students who protested against the injustice of the education system and Afrikaans being imposed as the language of instruction on June 16 , 1976 `` changed the course of our history '' .",1,0.666666667,3,train_09,0
train_06_191,"— | Photo Credit : PHOTO : PTI Sushanta Talukdar Police suspect that it is the handiwork of ULFA ULFA desperate to show its strength after arrests , say police Caller tells TV channels that ULFA is not involved in the blasts Guwahati : Seven people were killed and 55 , including minor children , injured in two bicycle-bomb blasts in Nalbari , headquarters town of lower Assam ’ s Nalbari district on Sunday morning .",1,0.5,2,train_06,0
train_06_198,"A senior police officer , who declined to be quoted on the ground that investigations were still on , told The Hindu that whether the ULFA denied it or not , the police suspected the twin blasts to be the handiwork of the militant outfit .",1,0.5,2,train_06,0
train_08_280,"Political Prisoners ' Rights Day today 13th September 2013 08:33 AM The Committee for the Release of Political Prisoners ( CRPP ) is observing September 13 as Political Prisoners Rights Day , commemorating the sacrifice of Shaheed Jitin Das and organising a memorial programme for Maoist idealogue Ganti Prasadam , in Hyderabad on the occasion .",1,1,2,train_08,0
train_08_80,"The protesters – many of whom were wearing black T-shirts and hard hats and were armed with shields made from boards of wood and surfboards , as well as hiking sticks and rods – retaliated by throwing umbrellas and water bottles .",1,0.5,2,train_08,0
train_01_98,"Distributing medals and trophies to winners of the five-day event in which 702 personnel from 22 State police teams and eight Central police organisations participated , the chief minister recalled the 26/11 incidents in Mumbai to stress her point .",1,1,3,train_01,0
train_08_270,"However , Nitish Kumar termed the shutdown opposed to development .",1,0.5,2,train_08,43:65,30:42,43:53,:,:,0
train_03_99,The blast was so intense that the motorbike split into pieces .,1,0.666666667,3,train_03,0:24,30:61,14:29,:,:,0
train_01_111,"They exhorted us to join the protest against the recommendations of the Mandal Commission , which had been implemented a day earlier .",0,0.666666667,3,train_01,1
train_08_290,"Army officials said that the five-member team , which included Lt Col Ajay Kumar Verma , GREF engineer S K Singh , a protection force of two Army jawans from the JAKRIF regiment and their driver , was on its way to inspect construction work on the Chattroo-Simthan road when it came under heavy fire .",1,1,2,train_08,0
train_06_305,"Others who addressed the dharna demanded that the government must review Section 124 A of the Indian Penal Code ( IPC ) which deals with sedition , the law under which Sen has been sentenced .",1,1,2,train_06,0
train_08_265,"Lalu , Rabri upbeat after success of shutdown 29th January 2010 01:40 PM An RJD activist wears a garland and crown made of vegetables and shouts slogans along with others during a protest against inflation in Patna .",1,1,2,train_08,0
train_06_97,"Co-operative Governance Minister Sicelo Shicka met protesting residents of Tshing township on Monday to discuss service delivery , the North West African National Congress said .",1,0.5,2,train_06,0
train_01_118,"According to reports , two militants have been shot dead in the encounter .",0,0.666666667,3,train_01,1
train_04_228,"National Highway -37 was blocked by protesters at several places , while vehicles remained off the roads in the affected areas , officials said .",1,0.666666667,3,train_04,0
train_01_147,"CHENNAI : Chennai sees its first ever hunger fast against HCL April 08 , 2013 00:00 IST For the first time in Chennai , graduates denied jobs by a multi-national corporation who had recruited them from their college campuses , staged a hunger strike on Sunday .",0,0.666666667,3,train_01,1
train_07_308,"Lam – who has kept out of the public eye since her climbdown and has record low approval ratings – struck a conciliatory note Monday at the ceremony marking the handover , saying a series of protests that have rocked her city have taught her that she needs to listen better to the youth and people in general .",1,0.5,2,train_07,0
train_04_142,Congress Takes Exception to Rail Transportation of Jawans ' Bodies 14th March 2014 12:51 AM Chhattisgarh 's main opposition Congress today accused the BJP government in the state of insensitivity while arranging the transportation of the bodies of the 15 security personnel who died in an attack by the Naxals in Sukma district two days ago .,0,0.666666667,3,train_04,1
train_02_152,"Indefinite curfew continued in Danilimda and Shahpur , where several incidents of arson had been reported on Sunday .",1,0.666666667,3,train_02,0
train_03_272,"TDP legislator Devineni Umamaheswara Rao , former MP Gadde Ramamohan and city unit president B Venkanna alongwith other protesters staged demonstration at the bus station , stalling district bus services for about two hours .",0,0.666666667,3,train_03,1
train_04_37,"Recent pronouncements by both Beijing and the Hong Kong government suggests this will not be allowed to happen , in spite of the huge demonstrations which have filled the streets and parks of the city over the summer .",0,1,3,train_04,1
train_06_297,DA MP Yusuf Cassim said in a statement on Tuesday that universities affected by violent student protests had recorded damages worth more than R150 million .,1,0.5,2,train_06,0
train_06_109,"Three LeT militants , woman killed in J-K encounter - Indian Express Agencies , Agencies : Srinagar , Mon Sep 28 2009 , 11:10 hrs Three Lashkar-e-Toiba militants , including two from Pakistan , and an elderly woman were killed in an encounter with security forces in Pulwama district of South Kashmir on Monday .",0,0.5,2,train_06,1
train_04_316,"Dewan told Newsline that the "" protest will now continue at ward level and from next week onwards every ward will be sensitised against property tax and high charges of regularisation impsed by government "" .",0,1,3,train_04,1
train_04_34,"Raising the communal temperature in riot-affected western UP going to polls on Monday , Shah has spoken of the current election being an opportunity to take “ revenge for the insult ” during the violence in Muzaffarnagar last year .",1,0.666666667,3,train_04,0
train_08_151,She was deposing before the court on the second day on Tuesday as part of the trial of the Chandrasekharan murder case .,0,0.5,2,train_08,1
train_02_56,"The demonstrators proceeded to Kgotsong township , where they threw stones at the house of a municipal official , shattering windows .",0,0.666666667,3,train_02,1
train_09_B_73,"Muslims across the city of lakes , still haunted by memories of the 2002 Gujarat riots , say they will not vote for someone who was unable to stop a massacre of ‘ innocent people ’ in his state .",1,1,2,train_09,0
train_02_128,"One protester said yesterday 's turnout was smaller , following reports the authorities had tried to prevent the demonstration .",0,0.666666667,3,train_02,1
train_08_285,"Top ULFA bomber killed in Assam 05th September 2009 10:34 PM GUWAHATI : A top separatist bomber and close associate of Paresh Baruah , commander-in-chief of the outlawed United Liberation Front of Asom ( ULFA ) , was killed in a gunfight with security forces in Assam Saturday , officials said .",0,0.5,2,train_08,1
train_02_16,"Three persons were killed and over 100 , including 50 cops , injured in the pitched battles between police and Arya Samaj followers .",0,0.666666667,3,train_02,1
train_08_198,The Left leaders pointed out that the ongoing plantation workers ’ stir affects 3.5 lakh of plantation workers across the state and hence was a serious social issue .,1,1,2,train_08,0
train_02_224,The third incident occurred near Uttara where two groups of students of another engineering college clashed leaving four injured .,0,0.666666667,3,train_02,1
train_04_268,"Apart from opposing merger of banks and the practice of outsourcing , the strike was in support of recruitments in the banks , added Mr. Venkataramaiah .",0,1,3,train_04,1
train_08_284,"Jitin Das , among them , resorted to fast unto death and died on the 63rd day of his fast ( September 13 ) , he said .",1,1,2,train_08,0
train_04_299,"Militants fired a rocket at the headquarters of 84th battalion of BSF in Sopore in North Kashmir late last night which missed its target and caused no loss of life or damage to property , police said .",1,0.666666667,3,train_04,0
train_01_47,"The strike began on September 9 , with Numsa demanding a double-digit percentage increase .",1,1,3,train_01,0
train_08_159,"Though Chief Secretary S.M. Vijayanand had called the employees ’ representatives for talks on Wednesday , it failed to reach an accord and the Secretariat Association affiliated to the Congress and the Employees Sangh called for a one-day strike .",1,1,2,train_08,0
train_09_A_30,"TAMIL NADU Demonstration staged September 17 , 2012 00:00 IST Members of Popular Front of India staged a demonstration in Tirupur on Saturday against anti-Islam film .",0,0.666666667,3,train_09,1
train_06_177,A kilometre away from the cemetery his coffin was removed from the hearse and community members lifted it shoulder high as they carried it the rest of the way singing liberation songs .,0,0.5,2,train_06,1
train_04_195,"Investigations into the blast led to the discovery of pamphlets decrying the visit of Sri Lankan President Mahinda Rajapaksa to India , which were found at the spot .",0,1,2,train_04,1
train_04_152,"And on Monday , India issued a demarche to Pakistan in which it said it expected “ strong action ” against those responsible for the attacks , “ whosoever they may be . ” But with TV channels declaring “ enough is enough ” and calling for the start of a “ real war ” on terror , the government finds itself increasingly on the back foot .",0,0.666666667,3,train_04,1
train_09_A_64,Shankar died in the attack while Kausalya escaped with severe injuries .,0,1,3,train_09,1
train_03_87,"UPPSC quota protest : 4 FIRs name 2,500 for rioting , mischief - Indian Express Express News Service , Express News Service : Allahabad , Wed Jul 17 2013 , 04:07 hrs The Allahabad police Tuesday registered a total of four FIRs , all at Civil Lines police station , in connection with the violence that took place on Monday when youths protesting against the reservation policy of the Uttar Pradesh Public Service Commission ( UPPSC ) went on the rampage .",0,0.666666667,3,train_03,1
train_05_162,"Whether it is the recent demonstrations against a nuclear power plant in Jaitapur in Maharashtra or the earlier outbreaks in Singur and Nandigram in West Bengal , the matter of relief and rehabilitation was left to the state governments according to a well-established practice .",1,0.5,2,train_05,0
train_07_165,* We are excited to announce that our protest action on Tuesday has resulted in a great victory for learners at Sizimisele .,1,0.5,2,train_07,0
train_06_199,“ Two improvised bicycle-bombs were triggered by the ULFA .,1,0.5,2,train_06,0
train_06_66,"The students , aged between 17 and 28 , were arrested as a group of about 3,000 angry students ringed by riot policemen gathered at the institution in April .",0,0.5,2,train_06,1
train_01_144,"On media reports that the night vision device used by three terrorists in the Gurdaspur attack had US markings , Biswal said the US is in conversation with Indian authorities to try to ascertain and trace the origins of the equipment found .",1,1,3,train_01,0
train_07_243,"Protesters pushed through police barriers in an attempt to enter the buildings , but to no avail .",1,1,2,train_07,0
train_07_317,"The protesters , during the gathering on Wednesday said they were not willing to listen to any government official and demanded that Ramaphosa come out to address them on how he is planning to stop the scourge of abuse directed at women and children in the country .",1,0.5,2,train_07,0
train_08_309,The two Lashkar-e-Toiba militants drove up to the Central Reserve Police Force ( CRPF ) camp on Monday evening and forced their way in by lobbing a grenade at the gate .,1,0.5,2,train_08,0
train_09_B_28,"Today 's incident , comes barely days after the massacre of 23 Kashmiri Pandits by militants at Wandhama in the Ganderbal area of the Kashmir Valley , and has cast a shadow over the February 16 Lok Sabhapolls in the state .",1,0.5,2,train_09,0
train_02_283,Cape Town police eventually freed the hostages and no one was injured .,0,1,3,train_02,1
train_04_302,He was also responsible for hijacking of an Indian Airlines aircraft in 1971 .,0,1,3,train_04,1
train_09_B_90,He said that Leader of the Opposition Oommen Chandy was worried about the arrest of Akhil Bharatiya Vidyarthi Parishad workers in connection with the killing immediately after the incident .,1,1,2,train_09,0
train_07_114,Noted sculptor Kanayi Kunhiraman said the Vilappilsala agitation was a successful example of local people ’ s fight against forces imposing injustice on them .,1,0.5,2,train_07,0
