train_09_B_137,"During the trial , Shahzad had called as defence witnesses Saif and Zeeshan , both lodged in Sabarmati jail in Ahmedabad in connection with the serial blasts of July 26 , 2008 there , claiming that he was not at the spot .",0,0.5,2,train_09,1
train_08_82,Demonstrators dismantled roadside barriers and built makeshift barricades between them and the police .,1,0.5,2,train_08,0
train_05_120,"For a change , most of them had to jostle like other office-goers commuting in packed RTC buses and local trains , while some brought out their personal vehicles on the roads with an estimated 30,000 taxis and other vehicles , all with yellow registration plates , going off the road .",1,1,2,train_05,0
train_04_109,"The meeting , chaired by Prime Minister Manmohan Singh , saw Ministers expressing concern over the gangrape , which has exposed the lack of women ’ s safety , and the public outrage that followed it .",0,0.666666667,3,train_04,1
train_05_154,"`` Under ANC president Jacob Zuma 's leadership , South Africa has become a banana state , '' he told DA supporters at a rally for jobs at the Ellis Park indoor arena in Johannesburg .",1,0.5,2,train_05,0
train_02_210,Police statistics say 16 extremists died in 18 exchanges of fire in just the six weeks from 14 December 2004 .,1,1,3,train_02,0
train_04_143,"Sixteen people , including 4 policemen and 11 CRPF jawans , were killed in the attack .",0,0.666666667,3,train_04,1
train_06_36,"In retaliation , the police fired a few rounds in the air which finally capped the clashes .",1,1,2,train_06,0
train_03_182,"ANDHRA PRADESH ` Delay ' in compensation : ryots lay siege to MRO office March 14 , 2006 00:00 IST Staff Reporter Telugu Desam , CPI(M) leaders lead the protest VIJAYAWADA : Betel nut farmers from Garikaparru and Thotlavalluru villages under Thotlavalluru mandal laid siege to the Mandal Revenue Office on Monday .",1,0.666666667,3,train_03,0
train_06_25,"Without naming Railway Minister Mamata Banerjee , who recently organised a controversial rally in Lalgarh , Mr. Agarwal wanted to know whether the government would take action against “ influential ” people who were openly supporting the Maoists .",1,1,2,train_06,0
train_08_5,PTI Guwahati Police Commissioner Mukesh Aggarwal said that the anti-talk faction of ULFA may be behind the attack .,1,0.5,2,train_08,0
train_07_282,"When the Opposition members boycotted the House proceedings of the day at the end of their virulent protests and demands for the resignation of ‘ corrupt ’ Chief Minister Oommen Chandy and Excise Minister K Babu , an anxious crowd of Assembly staff and watch and ward personnel were looking at the crown of a big coconut tree , where a middle-aged person was staging a protest under the scorching sun and swaying palm fronds .",0,0.5,2,train_07,1
train_07_68,Bangalore courts to remain shut today 03rd March 2012 08:32 AM Police personnels control the situation after a clash between the lawyers and media in the Civil court premises in Bangalore on Friday .,1,1,2,train_07,0
train_02_24,"While two persons received bullet injuries , another man was injured in stone pelting .",0,0.666666667,3,train_02,1
train_09_B_21,"It is difficult to digest as to why they allow the labour unrest to continue for long , ” he added .",0,1,2,train_09,1
train_03_14,"“ The textbooks and syllabus try to sidestep so-called embarrassing issues like June 4th or the 1967 riots , ” Pang added , referring to the date of the 1989 Tiananmen Square massacre , an event that spurred 1.5 million people , more than a quarter of the population at the time , to march in Hong Kong in the largest ever protest .",0,0.666666667,3,train_03,1
train_02_179,"MALAPPURAM : School athletic meet disrupted again November 15 , 2014 00:00 IST Physical education students and teachers stage protest The District School Athletic Meet was disrupted for the second time when it began at Calicut University grounds on Friday .",1,1,2,train_02,0
train_06_87,"Abhishek Banerjee , nephew of the chief minister had said : "" The Mamata Banerjee government , by killing him , has proved that in days to come , people will have the final word . "" Communist Party of India-Maoist leader Koteswar Rao alias Kishenji was killed on November 24 , 2011 in a gun battle in West Midnapore district near the Bengal-Jharkhand border .",0,0.5,2,train_06,1
train_02_231,Her story drew widespread condemnation with marches organised against taxi drivers ' actions .,0,0.666666667,3,train_02,1
train_05_80,"If what happened in Malda was a trivial incident , why was so much trouble taken to keep the BJP and CPI(M) fact-finding team out from ‘ ground zero ’ ?",0,0.5,2,train_05,1
train_04_120,"There would have been no West Bengal as the entire state would have become part of East Pakistan ( present-day Bangladesh ) . ” Addressing the gathering , the state BJP leaders asked the party workers “ not to get provoked by the TMC goons but to strengthen the organisation as the party ’ s goal was to capture power in the state in the 2016 Assembly elections ” .",0,0.666666667,3,train_04,1
train_08_132,"But in spite of its controversial nature , the CSAT was not removed until April 2015 , and that too after massive protests , ” said Anupama Karthik , an aspirant from Hyderabad .",1,1,2,train_08,0
train_02_293,"After the police doused the crowd in pepper spray and tear gas , tens of thousands of residents joined the action .",0,0.666666667,3,train_02,1
train_03_23,"On getting the news about Mr. Hazare breaking his fast , they too ended their dharna .",0,0.666666667,3,train_03,1
train_04_16,"Even as the workers were agitating , another employee doused himself with kerosene and attempted self-immolation .",0,0.666666667,3,train_04,1
train_04_151,External Affairs Minister Pranab Mukherjee got off to a sober and dignified start last week when he told his Pakistani counterpart that the elements responsible for the carnage did not want a “ leap forward ” in relations between India and Pakistan and were hence acting against Islamabad ’ s interests as well .,0,0.666666667,3,train_04,1
train_03_317,"When the chief minister was about to inaugurate the mela in the afternoon , some candidates made a dash towards the dais , shouting : “ CM down , down ’ ’ and “ Government down , down ’ ’ .",0,0.666666667,3,train_03,1
train_06_13,"About 1,000 angry protesters gathered outside the Alice Magistrates Court on Thursday where four suspects appeared on charges of murdering a Victoria Hospital tutor last year .",0,0.5,2,train_06,1
train_02_163,""" We 'd often come to an understanding with protesters willing to open up a part of the road , only to have it blocked again by other protesters who disagreed , "" she said .",0,0.666666667,3,train_02,1
train_06_317,A Special Bench of Justices D K Jain and P Sathasivam accepted the plea of the SIT for a further 15 days time to submit its report on the Gulberg Society killings .,0,0.5,2,train_06,1
train_05_23,"It has also sought a judicial inquiry in the entire case , soon after a group of men in lawyers ' robes were seen thrashing students and journalists in the nearby Patiala House court complex yesterday .",1,1,2,train_05,0
train_06_170,"Participating in the protest YSRC city convenor P.G. Narasimha Radav , city general secretary S. Noorullah Quadri , State joint secretary B. Zaheer Ahmad Khan and State Minority Cell secretary M. Saleem Basha said that only stringent punishment such as death sentence could act as a deterrent against such ‘ heinous crime ’ .",1,1,2,train_06,219:267,268:323,268:292,:,:,0
train_06_135,"Boycotting the classes and medical services , hundreds of junior doctors squatted at the hospital main building .",1,1,2,train_06,0:43,46:111,0:10,:,:,0
train_08_211,`` We suspect that he pulled the trigger that killed Chika '' .,1,0.5,2,train_08,19:40,46:58,14:18,:,:,0
train_05_257,"The 60 - page charge sheet , filed by National Investigation Agency(NIA) on Saturday before a special court in New Delhi , details reconnaissance activities carried out by 50 - year-old Headley of the targets attacked by Lashker-e-Taiba(LeT) terrorists on November 26 , 2008 that left 166 people dead .",1,0.5,2,train_05,131:274,280:300,280:284,:,:,0
train_06_249,The protesters raised slogans against the government .,1,0.5,2,train_06,30:52,0:29,:,:,:,0
train_06_286,The Cheriyathura clash was the outcome of a petty scuffle between two sections .,1,1,2,train_06,23:78,0:22,23:41,:,:,0
train_07_142,About 200 members of the Treatment Action Campaign ( TAC ) protested outside the hospital and like the families they want answers .,1,0.5,2,train_07,0
train_06_19,"Maoist banners found 10th April 2011 05:14 AM KORAPUT : MAOIST banners were found near the District Primary Education Project ( DPEP ) office today in which the ultras threatened to kill Shikhya Sahayak candidates , outsiders to the district , who have been selected to join the service here .",0,0.5,2,train_06,1
train_04_87,"Victims Recall Trauma , Want Peace at All Cost 31st August 2015 04:57 AM VILLUPURAM : Two weeks after the caste clash , people of Sethusamudram village said they still could not come to terms with the trauma that rocked the village on Independence Day .",0,1,3,train_04,1
train_01_215,"Thousands of demonstrators marched in Hong Kong on Saturday , facing the threat of arrest and increasingly severe warnings from Beijing .",0,1,3,train_01,1
train_03_73,"Nagamarapalli Fans Ransack BJP Office 22nd March 2014 08:43 AM The surprise choice of Bhagwant Khuba by the BJP as its candidate for Bidar Lok Sabha constituency , leaving out the favourite father-son duo of Gurupadappa Nagamarapalli and his son Suryakant Nagamarapalli , has drawn a strong backlash in the district .",1,1,2,train_03,0
train_07_5,"In the same breath , he made light of the Seemandhra protests , observing that when a state is bifurcated , it is natural for some to resign and protest .",1,1,2,train_07,0
train_07_279,"A Day of Protests Inside and Outside Assembly 17th February 2016 05:40 AM THIRUVANANTHAPURAM : Be it in the Assembly or outside , protests will be heard only if they rise to a high .",1,0.5,2,train_07,0
train_06_256,civilians and security forces killed in Naxals attacks in 2008 .,0,0.5,2,train_06,1
train_08_150,"Only CPM had enmity towards TP , says Rema 27th February 2013 08:44 AM K K Rema , wife of slain leader T P Chandrasekharan , stuck to her statement before the Special Additional District and Sessions Court ( Marad cases ) here that the CPM had enmity towards her husband and denied the suggestions made by the defence counsel .",1,1,2,train_08,0
train_09_A_49,"Staff Correspondent Protesters staged a demonstration in front of the Deputy Commissioner 's office Protesters stage demonstration in front of DC 's office Entry of Wal-Mart in retail trade had ruined native traders , says BCCIGovernment was amending the Act without any discussion BELGAUM : Trading activities came to a halt at the Agriculture Produce Marketing Committee Yard in the city causing inconvenience to the growers .",0,0.666666667,3,train_09,1
train_04_200,"Avtar Singh Afat , the president of PSPWF , has stated that the government should not adopt an adamant attitude towards the demands of the ministerial staff and should immediately take steps to end the strike by meeting their representatives .",0,0.666666667,3,train_04,1
train_08_281,Ganti Prasadam was killed by unidentified miscreants in Nellore a few months ago and it was alleged that the government was behind the killing .,1,0.5,2,train_08,0
train_03_299,"`` Mail that had already been on the service pipeline is now delayed by 48 hours , but the speedy resolution of the strike more than compensates for this service backlog . ''",0,0.666666667,3,train_03,1
train_06_198,"A senior police officer , who declined to be quoted on the ground that investigations were still on , told The Hindu that whether the ULFA denied it or not , the police suspected the twin blasts to be the handiwork of the militant outfit .",1,0.5,2,train_06,0
train_08_280,"Political Prisoners ' Rights Day today 13th September 2013 08:33 AM The Committee for the Release of Political Prisoners ( CRPP ) is observing September 13 as Political Prisoners Rights Day , commemorating the sacrifice of Shaheed Jitin Das and organising a memorial programme for Maoist idealogue Ganti Prasadam , in Hyderabad on the occasion .",1,1,2,train_08,0
train_08_80,"The protesters – many of whom were wearing black T-shirts and hard hats and were armed with shields made from boards of wood and surfboards , as well as hiking sticks and rods – retaliated by throwing umbrellas and water bottles .",1,0.5,2,train_08,0
train_04_290,"In a memorandum handed over to provincial authorities , the union expressed its unhappiness with a number of issues , among them overtime allowances not being allocated ; the department not paying members contributions to the medical aid scheme ; correctional officers being remunerated as students despite finishing a probation period ; and financial management in the department as a whole .",0,1,3,train_04,1
train_01_98,"Distributing medals and trophies to winners of the five-day event in which 702 personnel from 22 State police teams and eight Central police organisations participated , the chief minister recalled the 26/11 incidents in Mumbai to stress her point .",1,1,3,train_01,0
train_08_270,"However , Nitish Kumar termed the shutdown opposed to development .",1,0.5,2,train_08,43:65,30:42,43:53,:,:,0
train_03_99,The blast was so intense that the motorbike split into pieces .,1,0.666666667,3,train_03,0:24,30:61,14:29,:,:,0
train_01_111,"They exhorted us to join the protest against the recommendations of the Mandal Commission , which had been implemented a day earlier .",0,0.666666667,3,train_01,1
train_06_305,"Others who addressed the dharna demanded that the government must review Section 124 A of the Indian Penal Code ( IPC ) which deals with sedition , the law under which Sen has been sentenced .",1,1,2,train_06,0
train_08_265,"Lalu , Rabri upbeat after success of shutdown 29th January 2010 01:40 PM An RJD activist wears a garland and crown made of vegetables and shouts slogans along with others during a protest against inflation in Patna .",1,1,2,train_08,0
train_01_118,"According to reports , two militants have been shot dead in the encounter .",0,0.666666667,3,train_01,1
train_05_73,"The protesters have mostly been orderly , obeying traffic laws , cleaning up after themselves and allowing ambulances to pass even when tens of thousands are gathered .",0,0.5,2,train_05,1
train_04_228,"National Highway -37 was blocked by protesters at several places , while vehicles remained off the roads in the affected areas , officials said .",1,0.666666667,3,train_04,0
train_02_218,Engineering students clash at three places 12th February 2013 01:34 PM Three incidents of group clash among engineering college students over the membership drive of NSUI were reported in the City on Monday .,0,0.666666667,3,train_02,1
train_01_13,Both Anoop and Ramanan are also accused in the case related to attack on the Nitta Gelatin office at Panampilly Nagar last year .,0,0.666666667,3,train_01,1
train_04_142,Congress Takes Exception to Rail Transportation of Jawans ' Bodies 14th March 2014 12:51 AM Chhattisgarh 's main opposition Congress today accused the BJP government in the state of insensitivity while arranging the transportation of the bodies of the 15 security personnel who died in an attack by the Naxals in Sukma district two days ago .,0,0.666666667,3,train_04,1
train_02_152,"Indefinite curfew continued in Danilimda and Shahpur , where several incidents of arson had been reported on Sunday .",1,0.666666667,3,train_02,0
train_03_272,"TDP legislator Devineni Umamaheswara Rao , former MP Gadde Ramamohan and city unit president B Venkanna alongwith other protesters staged demonstration at the bus station , stalling district bus services for about two hours .",0,0.666666667,3,train_03,1
train_09_B_63,"Mild tension prevailed when Mr. Yadav and two other BJP corporators , Bangaru Prakash and Vaikuntham , started moving around enforcing bandh .",1,1,2,train_09,0
train_04_37,"Recent pronouncements by both Beijing and the Hong Kong government suggests this will not be allowed to happen , in spite of the huge demonstrations which have filled the streets and parks of the city over the summer .",0,1,3,train_04,1
train_06_297,DA MP Yusuf Cassim said in a statement on Tuesday that universities affected by violent student protests had recorded damages worth more than R150 million .,1,0.5,2,train_06,0
train_06_109,"Three LeT militants , woman killed in J-K encounter - Indian Express Agencies , Agencies : Srinagar , Mon Sep 28 2009 , 11:10 hrs Three Lashkar-e-Toiba militants , including two from Pakistan , and an elderly woman were killed in an encounter with security forces in Pulwama district of South Kashmir on Monday .",0,0.5,2,train_06,1
train_04_316,"Dewan told Newsline that the "" protest will now continue at ward level and from next week onwards every ward will be sensitised against property tax and high charges of regularisation impsed by government "" .",0,1,3,train_04,1
train_08_151,She was deposing before the court on the second day on Tuesday as part of the trial of the Chandrasekharan murder case .,0,0.5,2,train_08,1
train_02_56,"The demonstrators proceeded to Kgotsong township , where they threw stones at the house of a municipal official , shattering windows .",0,0.666666667,3,train_02,1
train_02_128,"One protester said yesterday 's turnout was smaller , following reports the authorities had tried to prevent the demonstration .",0,0.666666667,3,train_02,1
train_02_16,"Three persons were killed and over 100 , including 50 cops , injured in the pitched battles between police and Arya Samaj followers .",0,0.666666667,3,train_02,1
train_01_140,"Given that nearly seven years have passed since the horrendous terror attacks that claimed over 160 lives and injured many others , Biswal said bringing justice for the victims in terror attacks may appear to be an arduous andlong-drawn process .",0,1,3,train_01,1
train_02_224,The third incident occurred near Uttara where two groups of students of another engineering college clashed leaving four injured .,0,0.666666667,3,train_02,1
train_08_284,"Jitin Das , among them , resorted to fast unto death and died on the 63rd day of his fast ( September 13 ) , he said .",1,1,2,train_08,0
train_04_299,"Militants fired a rocket at the headquarters of 84th battalion of BSF in Sopore in North Kashmir late last night which missed its target and caused no loss of life or damage to property , police said .",1,0.666666667,3,train_04,0
train_05_243,Three houses were torched in the incident .,0,0.5,2,train_05,1
train_09_A_30,"TAMIL NADU Demonstration staged September 17 , 2012 00:00 IST Members of Popular Front of India staged a demonstration in Tirupur on Saturday against anti-Islam film .",0,0.666666667,3,train_09,1
train_07_0,The party workers were also involved in a similar incident last Sunday when they manhandled a news channel cameraman while shooting the fighting of a few Congress workers outside the District Congress Committee office .,0,0.5,2,train_07,1
train_09_A_120,"Some anti-social elements which were already in the area took advantage of the incident to pelt stones at the police , ’ ’ Anuradha said .",0,1,3,train_09,1
train_01_272,"The former deputy president told the group , who had spent the morning keeping up a routine of songs and marching , that the judge would sit and analyse the issue of whether to postpone his and his co-accused Thint 's trial .",0,0.666666667,3,train_01,1
train_04_152,"And on Monday , India issued a demarche to Pakistan in which it said it expected “ strong action ” against those responsible for the attacks , “ whosoever they may be . ” But with TV channels declaring “ enough is enough ” and calling for the start of a “ real war ” on terror , the government finds itself increasingly on the back foot .",0,0.666666667,3,train_04,1
train_08_155,CPM leaders hatched a conspiracy and killed him brutally using hired killers .,0,0.5,2,train_08,1
train_09_A_64,Shankar died in the attack while Kausalya escaped with severe injuries .,0,1,3,train_09,1
train_03_87,"UPPSC quota protest : 4 FIRs name 2,500 for rioting , mischief - Indian Express Express News Service , Express News Service : Allahabad , Wed Jul 17 2013 , 04:07 hrs The Allahabad police Tuesday registered a total of four FIRs , all at Civil Lines police station , in connection with the violence that took place on Monday when youths protesting against the reservation policy of the Uttar Pradesh Public Service Commission ( UPPSC ) went on the rampage .",0,0.666666667,3,train_03,1
train_05_162,"Whether it is the recent demonstrations against a nuclear power plant in Jaitapur in Maharashtra or the earlier outbreaks in Singur and Nandigram in West Bengal , the matter of relief and rehabilitation was left to the state governments according to a well-established practice .",1,0.5,2,train_05,0
train_06_199,“ Two improvised bicycle-bombs were triggered by the ULFA .,1,0.5,2,train_06,0
train_06_66,"The students , aged between 17 and 28 , were arrested as a group of about 3,000 angry students ringed by riot policemen gathered at the institution in April .",0,0.5,2,train_06,1
train_03_252,"As for the SP Government ’ s failure to prevent the flare-up , Mulayam conceded that the preventive measures could have defused the situation .",0,0.666666667,3,train_03,1
train_07_195,"In the 1980s , there was a series of student protests in China , culminating in the Tiananmen demonstrations of 1989 , when not just students but city dwellers all across the country joined the rallies .",0,0.5,2,train_07,1
train_01_245,Additional Director General of Police ( HQs ) Ravinder Kumar said that the state police along with central paramilitary forces have been working to rescue the abducted people .,1,0.666666667,3,train_01,0
train_02_170,""" Two truckloads of police stood by and watched as the mob rushed towards the private clinic of Dr Bhagat , ' ' said Paralkar adding that municipal hospitals were no longer safe places to work in .",0,1,3,train_02,1
train_08_309,The two Lashkar-e-Toiba militants drove up to the Central Reserve Police Force ( CRPF ) camp on Monday evening and forced their way in by lobbing a grenade at the gate .,1,0.5,2,train_08,0
train_09_B_28,"Today 's incident , comes barely days after the massacre of 23 Kashmiri Pandits by militants at Wandhama in the Ganderbal area of the Kashmir Valley , and has cast a shadow over the February 16 Lok Sabhapolls in the state .",1,0.5,2,train_09,0
train_07_114,Noted sculptor Kanayi Kunhiraman said the Vilappilsala agitation was a successful example of local people ’ s fight against forces imposing injustice on them .,1,0.5,2,train_07,0
