train_04_209,"It took a communal turn that had resulted in stone-pelting , arson and loot .",0,0.666666667,3,train_04,1
train_08_253,They were protesting the proposed merger of State Bank of Indore into the State Bank of India .,1,0.5,2,train_08,0
train_02_194,"Protestors in Clashes With Police on Jammu-Pathankot NH During Eviction Drive 22nd February 2016 05:22 PM JAMMU : Clashes erupted on the Jammu-Pathankot national highway between police and protesters in Samba district of Jammu region on Monday , police said .",0,1,3,train_02,1
train_02_153,"Nokia Supplier 's Turn to Offer VRS ; 850 Staffers Strike Work 22nd June 2014 07:37 AM CHENNAI : The ripple effect of the drastic downsizing of Nokia ’ s Sriperumbudur plant was felt in another ancillary company , as BYD Electronics India Private Ltd announced a VRS offer for its 1,500 employees .",0,0.666666667,3,train_02,1
train_09_A_152,The posters have warned them against joining the police and army and threatened to take up such cases in the praja court .,0,1,3,train_09,1
train_02_83,"Coinciding with the unrest in the board is the indefinite hunger strike launched by three employees Mahesh Ahire , Shriram Gavai and Balkrishna Gadekar whose regular promotions were denied and the former two were transferred to Nashik on the same post .",0,0.666666667,3,train_02,1
train_09_A_79,"By unfurling a separate flag , the supporters of a separate Vidarbha have insulted the tricolour and the Constitution , "" it said .",1,0.666666667,3,train_09,0
train_01_18,`` I am going to argue your evidence that strikers at Marikana in August 2012 attacked the police should be kicked out .,0,1,3,train_01,1
train_02_156,It ended only when the police removed all 850 workers from inside the plant on Saturday morning and detained them at two locations in Oragadam .,0,0.666666667,3,train_02,1
train_03_30,He was also booked by the Central Bureau of Investigation ( CBI ) as one of the 17 accused in the 2007 ‘ Dinakaran ’ newspaper office attack case .,1,0.666666667,3,train_03,0
train_01_189,"After family members narrated the incident to their neighbours , people came on the road and held demonstrations .",1,1,3,train_01,0
train_06_281,"Curfew relaxed in violence-hit areas of Hyderabad - Indian Express Agencies , Agencies : Hyderabad , Sat Apr 03 2010 , 11:05 hrs Curfew was relaxed for two hours this morning in some violence-hit areas of the city which witnessed communal clashes last week .",0,0.5,2,train_06,1
train_02_149,Ahmedabad : A mob stoned to death two men who were cycling through Dor Bazaar in Ahmedabad this morning .,0,0.666666667,3,train_02,1
train_04_281,"Seeking their jobs back , hundreds of protesters from across the state converged at the Vikas Bhawan ( Punjab Rural Development and Panchayats department headquarters ) in Mohali 's Sector 62 early in the morning .",1,1,3,train_04,0
train_05_301,Addressing a press conference TRS leader B. Goverdhan Reddy and others said the march was a success despite the hurdles created by the government .,1,0.5,2,train_05,0
train_05_307,Orders Nizamabad Staff Reporter adds : Despite prohibitory orders imposed on the movement of Telangana protagonists many of them from the district managed to make it to the twin cities take part in the ‘ Million March ' held on Thursday .,1,0.5,2,train_05,0
train_08_12,"Though the police had assured people of full protection during the bandh , most business establishments remained closed .",1,0.5,2,train_08,0
train_09_B_97,"Tuesday was marked by further protests and police had to disperse a group at least once , Martins-Engelbrecht said .",0,1,1,train_09,1
train_04_23,"Mamata shows off strength , takes out padayatra 01st April 2011 02:48 AM KOLKATA : Trinamool Congress supremo Mamata Banerjee organised a huge padayatra as part of her election campaign in the city on Thursday , sending a message to the CPM leadership about the possible change in the state administration .",1,0.666666667,3,train_04,0
train_08_114,Mulaudzi could not confirm reports that the miners were demonstrating after Xstrata fired them .,1,1,2,train_08,0
train_04_159,And the deliberate targeting of U.S. and British citizens and Jews in the Mumbai attacks should be a further reminder to Washington of the danger of allowing groups like LeT any breathing space .,0,1,3,train_04,1
train_05_322,"July 27 , 2009 : Six CRPF men killed in a landmine blast at Dantewada district in Chhattisgarh .",1,1,2,train_05,0
train_02_52,"They took to the street and within minutes a farm house was on fire , two more house were set alight and road blocked .",1,0.666666667,3,train_02,0
train_01_138,""" We have certainly reiterated our support and our commitment to India 's efforts to seek justice on behalf of the victims "" of the 26/11 attack , Assistant Secretary of State for South and Central Asian Affairs Nisha Desai Biswal told PTI when asked about the delay in bringing to justice the perpetrators of the 2008 terror attacks .",0,0.666666667,3,train_01,1
train_07_78,"It was a surcharged atmosphere as some lawyers went on an attacking spree without any provocation , identifying visual media personnel .",1,1,2,train_07,0
train_02_130,"One of them , a 24 - year-old , said : "" I hope this can be a good beginning for a dialogue between citizens and the government on major decisions . "" The rallies are seen as a sign of growing public awareness of environmental issues on the mainland and increasing courage in speaking out .",0,1,3,train_02,1
train_03_136,He said the peaceful strike demanding a memorial for Chattambi Swami will continue till the government takes a decision on the issue .,0,0.666666667,3,train_03,1
train_01_218,"Protesters distributed protective gear such as face masks , in the event of clashes with police , who have used teargas on demonstrators .",0,0.666666667,3,train_01,1
train_06_270,"April 26 : Three policemen and two CPI-Maoist cadres were killed in an encounter in Dumka , Jharkhand .",1,0.5,2,train_06,0
train_09_B_20,“ Had the administration wanted it could have averted the incident .,1,1,2,train_09,6:31,32:66,2:5,:,:,0
train_05_171,"He said incidents of protest affected voting stations in areas including Mahikeng and Marikana in North West ; Malamulelele , Musina , Mogalakwena , and Northhampton , in Limpopo ; Bushbuckridge in Mpumalanaga ; Khayelitsha in the Western Cape ; Denver , George Koch , and Orange Farm in Gauteng ; Ethekwini and Jozini in KwaZulu-Natal ; Nelson Mandela Bay , Butterworth , and OR Tambo in the Eastern Cape ; Pampierstad in the Northern Cape ; and Maluti-a-Phofung in the Free State .",1,1,2,train_05,8:28,29:62,29:37,:,:,0
train_01_109,"Hailey Leung , a university student who has been attending the protests this summer , said : “ The fear of the gangs is definitely stronger than the fear of the use of violence of the police. ” Her parents have been supportive of the protests but , since the violence in Yuen Long , they have asked her not to attend .",1,0.666666667,3,train_01,0
train_03_244,It found that the police were not suitably equipped to quell public disorder during the protest and had failed to devise a plan to regulate and monitor the protest .,0,1,3,train_03,1
train_03_16,The decision was taken following a demonstration staged by a group of persons who are natives of Salem and have registered with the District Employment Office ( DEO ) for the same post .,1,1,3,train_03,0
train_09_B_46,"When quizzed about the alleged police intimidation most of those who submitted claimed off-record that they had been individually helped by the police during riots and that yesterday , some officers did call them up and ask them to depose in their favour .",1,1,2,train_09,0
train_05_138,NLC strike to go on despite MK appeal 26th October 2010 06:13 PM CHENNAI : The 36 - day strike by contract workers of Neyveli Lignite Corp ( NLC ) is set to continue despite the request to resume work by Tamil Nadu Chief Minister M. Karunanidhi Tuesday .,0,0.5,2,train_05,1
train_06_83,"Referring to her criticism on his continuing in power after the serial blasts in Coimbatore in 1998 , he sought the Chief Minister 's explanation on why none has been arrested in connection with the May 1 Central station twin bomb blasts .",1,1,2,train_06,0
train_03_49,"Urging the Commission to reveal names of people involved in the attacks , he said the protestors against the church attack were assaulted by police , youth were hunted and criminal cases were booked on them .",0,0.666666667,3,train_03,1
train_01_63,"Joshua Wong , the teenage activist who was one of the most recognisable faces of Hong Kong ’ s umbrella movement protests , has been found guilty of “ illegal assembly ” by a court in the former British colony .",0,0.666666667,3,train_01,1
train_09_B_96,"The remaining person in the group , arrested during protests at the Khutsong stadium on Sunday where Defence Minister and African National Congress chairman Mosiuoa Lekota was speaking , was not charged and was released .",0,1,2,train_09,1
train_06_33,"Personnel from the local police station , which is less than half-a-kilometre from the spot , reached 20 minutes after the clashes broke out .",1,0.5,2,train_06,0
train_05_281,"Broken glass , rocks , a broken traffic light and other debris were scattered on Albertina Sisulu Road during the protests .",1,1,2,train_05,0
train_03_189,Workers who did not participate in the strike would receive a once-off loyalty allowance of R2000 .,0,1,3,train_03,1
train_05_81,The burnt-down police station was repaired and given a fresh coat of paint overnight .,1,1,2,train_05,0
train_01_162,"They did not confess to the planned attack after their capture , and so should bear full responsibility for the loss of life , the court said .",1,0.666666667,3,train_01,0
train_08_68,""" On December 29 , we halted at Basaguda village in Chhattisgarh but some people in civil clothes approached us and tied our hands upon which we realised we have been kidnapped .",1,1,2,train_08,0
train_03_79,"After showering flower petals in the sea to mark the World Oceans Day , the villagers and their children started the relay fast at Kooththenkuzhi .",0,0.666666667,3,train_03,1
train_08_58,Speeches of Congress leaders who addressed a large gathering of party men made it abundantly clear that all major issues prominent in the political discourse of the State would be highlighted by the march visiting all constituencies in the State .,1,1,2,train_08,0
train_06_119,"Meanwhile , disruption of services in Osmania and Gandhi hospital continues and emergency services in Osmania General Hospital are boycotted by the PG students .",0,0.5,2,train_06,1
train_08_67,""" We had gone to study the life of people in remote and Naxal-affected tribal areas as part of our mission and did not expect to be kidnapped by the Naxals , though we fully knew about their presence , "" they said .",1,1,2,train_08,0
train_02_182,"When the education authorities conducted the meet on Friday afternoon , physical education students and teachers staged a protest by sitting on the tracks at the meet grounds .",1,0.666666667,3,train_02,0
train_08_223,"TAMIL NADU Post blasts , the web of security tightens May 29 , 2014 00:00 IST Railway stations , places of worship , cinema halls , malls – the enhanced protective measures are everywhere The May Day twin blasts on platform nine of Chennai Central sent a strong message to various enforcement agencies in the city .",1,1,2,train_08,0
train_07_248,"`` The protest is out of concern by Sadtu that our education in this country needs a lot of fixing , '' said Dlamini .",0,0.5,2,train_07,1
train_07_4,Stones were thrown and a number of people were left injured .,1,0.5,2,train_07,0:18,23:59,:,:,:,0
train_03_263,"Agitation to be intensified 02nd April 2011 12:35 AM ALUVA : The ongoing agitation against the closure of study centres in the name of reformist leaders in Sree Sankaracharya Sanskrit University in Kalady will be intensified , said the office-bearers of the Confederation of Sanathana Dharma Suhruth Vedi here on Friday .",0,0.666666667,3,train_03,1
train_07_37,""" Some protesters attacked me when I was clicking pictures , but their colleagues dissuaded them .",1,0.5,2,train_07,0
train_04_7,"Students clash with police in Osmania university - Indian Express Agencies , Agencies : Hyderabad , Mon Feb 15 2010 , 14:34 hrs Over 10 security personnel and few media persons were injured on Monday in a fresh clash between students and security men in Osmania University in Hyderabad , the nerve-centre of separate Telangana agitation .",0,0.666666667,3,train_04,1
train_03_231,The developments at the prestigious engineering institute also triggered politicking even as the state government assured that safety will be ensured for the students hailing from other states at the campus where CRPF has been deployed to instill a sense of security .,0,0.666666667,3,train_03,1
train_07_70,Hundreds of lawyers took on media persons at the court barring them from entering the premises and also threw stones and bottles on them .,0,0.5,2,train_07,1
train_08_295,"He claimed that YSR Congress activists "" manhandled "" TDP activists at A. Konduru and Khambhampadu villages in which about 10 workers were injured .",1,1,2,train_08,0
train_01_41,"Addressing a massive public rally at Vandalur , around 40 km from here , Modi said : "" The central government should be strong , only then the neighbouring countries will be friendly with us . "" Accusing the United Progressive Alliance ( UPA ) government of adopting a confrontationist attitude towards the states , he said it has been demolishing the constitutional institutions whereas the need of the hour is a cooperative attitude .",1,1,3,train_01,0
train_05_27,The march was intercepted at the Khairatabad Crossroads and the marchers were taken into preventive custody .,0,0.5,2,train_05,1
train_07_107,"One soldier killed in ambush as Assam votes 23rd April 2009 10:11 AM GUWAHATI : One soldier of the Indian Army was killed and two wounded in an ambush by tribal separatists in Assam 's North Cachar Hills district Thursday while polling was underway for the second and final phase of parliamentary polls in the state , police said .",1,0.5,2,train_07,0
train_01_152,Bimbola village turned into a battle field as rival groups wielding guns took the centre stage .,1,1,3,train_01,0
train_09_B_114,Sub-Inspector Murlidhar Bastia of Raghunathpur area was killed in Maoist attack while working in Keonjhar district .,1,1,2,train_09,0
train_06_79,"“ We will not rest till the corrupt BJD Government is thrown out of power , ” Odisha Pradesh Congress Committee president Niranjan Patnaik thundered at the rally which saw a turnout of more than a lakh .",1,1,2,train_06,0
train_08_226,"NATIONAL Yechury takes a dig at Advani on Nandigram December 19 , 2007 00:00 IST Kanwar Yogendra SHIMLA : The CPI(M) on Tuesday questioned the BJP over its opposition to the tough measures taken by the West Bengal government against the Maoists at Nandigram where they had set up a “ liberated zone . ” CPI(M) leader Sitaram Yechury was reacting to the reference made by BJP leader L.K. Advani during his public meetings here .",1,1,2,train_08,0
train_03_209,"“ We are here to fight for democracy and universal suffrage. ” Organisers said more than 60,000 people joined the 3km march , which has been held nearly every year since Hong Kong returned to China in 1997 .",1,0.666666667,3,train_03,0
train_03_62,"Govt urged to take over Nellimarla jute mill 24th July 2009 03:08 AM HYDERABAD : Representatives of the Nellimarla Jute Mill Karmika Sangham , affiliated to IFTU , today urged Chief Minister YS Rajasekhara Reddy to intervene in resolving their problems and to put an end to the 10 - month-old strike involving about 5,000 jute mill workers at Nellimarla in Vizianagaram district .",0,0.666666667,3,train_03,1
train_09_B_52,"Soon , the huge posse of advocates started raising defamatory slogans against a few judges .",0,1,2,train_09,1
train_09_A_48,"KARNATAKA Traders against plan to amend APMC Act January 06 , 2007 00:00 IST REST : A farmer takes a nap on a cotton bale at the APMC yard , in Hubli on Friday as the APMC traders across the State observe bandh .",0,0.666666667,3,train_09,1
train_05_177,"The incident took place around noon in Gaya district 's Uchla village near Sherghati , about 100 km from here , when Maoists blew up a patrolling vehicle of the Roshanganj police station .",1,1,2,train_05,0
train_01_62,"“ The youth was killed at a protest against the Army ’ s action halting the vehicles , ” alleged Mohammad Yasin Khan , head of a traders ’ body .",0,0.666666667,3,train_01,1
train_09_B_153,"Meanwhile , security forces and Naxalites had an encounter near village Belgaon  12 km from Bairamgarh in Bijapurkilling a Maoist rebel on the spot .",1,1,2,train_09,0
train_07_136,`` Our disappointment is that the violence occurred after attempts earlier in the day by my office to receive a memorandum from the community . '',1,1,2,train_07,0
train_06_294,Five members of the old group entered the church during the Sunday mass yesterday and assaulted Akilan injuring him .,1,0.5,2,train_06,0
train_01_141,Biswal underlined that the US on its part had offered rewards for information leading to the arrest and prosecution of individuals associated with the Mumbai attack .,0,0.666666667,3,train_01,1
train_08_169,"The scenes are getting more and more ugly and disturbing , with shops being forced to close and people who are not parallel traders being molested and bullied .",1,1,2,train_08,0
train_03_280,"Campaign against Negligence of Girl Child , a non-governmental organisation , and the District Legal Services Authority jointly organised the human chain as part of the worldwide campaign on violence against women from November 25 to December 12 .",1,0.666666667,3,train_03,0
train_06_186,"The leader 's henchmen offered him a "" settlement "" but when he approached the state Lok Ayukta with a complaint of corruption , they attacked him and his wife .",0,0.5,2,train_06,1
train_02_195,Police said irate protesters set ablaze an earth-mover machine of the Jammu Development Authority ( JDA ) at Sarore on the Jammu-Pathankot national highway when JDA authorities went there to evict illegal occupants of JDA land .,0,0.666666667,3,train_02,1
train_04_26,"While Mamata Banerjee participated in her padayatra , her arch political rival and West Bengal Chief Minister Buddhadeb Bhattacharjee confined himself with an interactive session with the students on a college campus in Garia , Southern part of the city to get their support .",0,0.666666667,3,train_04,1
train_06_73,"The MLAs , along with a large number of party supporters , raised slogans against the government and condemned the attack on the woman MLA .",0,0.5,2,train_06,1
train_08_321,He claimed that heavily armed men from the other side fired at the police and the latter had to resort to a baton charge and tear gas shelling and finally opened fire .,1,1,2,train_08,0
train_02_267,"Kishore Chandra Deo splits Cong , says Salwa Judum was a ' sinful strategy ' - Indian Express Press Trust Of India , Press Trust Of India : New Delhi , Thu May 30 2013 , 22:07 hrs Activists of Youth Indian National Trade Union Congress ( INTUC ) protest against recent Naxal attack on Congress leaders , in Raipur on Thursday .",1,0.5,2,train_02,0
train_09_B_135,Highly-decorated Delhi Police Inspector Mohan Chand Sharma succumbed to the bullet injuries sustained during the gun battle while head constable Balwant was injured .,1,1,2,train_09,0
train_01_201,But Congress MP and Union minister from Murshidabad Adhir Chowdhury blamed the Trinamool for the violence .,0,1,3,train_01,1
train_02_198,Reports from the area said agitated protestors had blocked the highway and security personnel were trying to pacify them .,0,0.666666667,3,train_02,1
train_06_311,"Earlier in the day , the agitating sanitation workers took out a protest rally from Tummalapalli Kalakshetram to the Collector ’ s Camp Office , where they staged a dharna shouting anti-establishment slogans for a couple of hours .",1,0.5,2,train_06,0
train_05_39,"Despite the march being peaceful , most of the businesses in the inner city were closed .",1,0.5,2,train_05,0
train_09_B_47,Most of the riot-affected from city limits testified to the polices hard work at keeping peace .,1,0.5,2,train_09,0
train_09_B_59,"HYDERABAD : BJP leaders court arrest during bandh May 01 , 2012 00:00 IST It was private moneylender Srinivas alias Salman Srinu , one of the two alleged masterminds behind the temple desecration in Madannapet , who purchased the blue paint which was sprinkled on the temple wall , the police said .",0,1,2,train_09,1
train_03_114,CPM general secretary Sitaram Yechury alleged that BJP and RSS workers started the bout of violence in Kerala by attacking a victory procession in Kannur .,1,0.666666667,3,train_03,0
