train_08_82,Demonstrators dismantled roadside barriers and built makeshift barricades between them and the police .,1,0.5,2,train_08,0
train_09_B_84,"| Photo Credit : — Photo : PTI / Vijay Verma Staff Reporter He was wanted in connection with the murder of BSP MLA NEW DELHI : Atiq Ahmed , expelled Samajwadi Party MP who was wanted by the Uttar Pradesh police in connection with some criminal cases including the murder of Bahujan Samaj Party MLA Raju Pal in 2005 , was arrested at Pitampura here on Thursday .",1,1,2,train_09,0
train_05_120,"For a change , most of them had to jostle like other office-goers commuting in packed RTC buses and local trains , while some brought out their personal vehicles on the roads with an estimated 30,000 taxis and other vehicles , all with yellow registration plates , going off the road .",1,1,2,train_05,0
train_06_50,Functioning of the offices was disrupted for some time .,0,1,2,train_06,1
train_05_154,"`` Under ANC president Jacob Zuma 's leadership , South Africa has become a banana state , '' he told DA supporters at a rally for jobs at the Ellis Park indoor arena in Johannesburg .",1,0.5,2,train_05,0
train_02_210,Police statistics say 16 extremists died in 18 exchanges of fire in just the six weeks from 14 December 2004 .,1,1,3,train_02,0
train_04_143,"Sixteen people , including 4 policemen and 11 CRPF jawans , were killed in the attack .",0,0.666666667,3,train_04,1
train_03_182,"ANDHRA PRADESH ` Delay ' in compensation : ryots lay siege to MRO office March 14 , 2006 00:00 IST Staff Reporter Telugu Desam , CPI(M) leaders lead the protest VIJAYAWADA : Betel nut farmers from Garikaparru and Thotlavalluru villages under Thotlavalluru mandal laid siege to the Mandal Revenue Office on Monday .",1,0.666666667,3,train_03,0
train_06_25,"Without naming Railway Minister Mamata Banerjee , who recently organised a controversial rally in Lalgarh , Mr. Agarwal wanted to know whether the government would take action against “ influential ” people who were openly supporting the Maoists .",1,1,2,train_06,0
train_08_5,PTI Guwahati Police Commissioner Mukesh Aggarwal said that the anti-talk faction of ULFA may be behind the attack .,1,0.5,2,train_08,0
train_07_282,"When the Opposition members boycotted the House proceedings of the day at the end of their virulent protests and demands for the resignation of ‘ corrupt ’ Chief Minister Oommen Chandy and Excise Minister K Babu , an anxious crowd of Assembly staff and watch and ward personnel were looking at the crown of a big coconut tree , where a middle-aged person was staging a protest under the scorching sun and swaying palm fronds .",0,0.5,2,train_07,1
train_02_24,"While two persons received bullet injuries , another man was injured in stone pelting .",0,0.666666667,3,train_02,1
train_09_B_21,"It is difficult to digest as to why they allow the labour unrest to continue for long , ” he added .",0,1,2,train_09,1
train_09_B_119,The Narayanpur incident also looked like capable of sparking a row between the Centre and Chhattisgarh .,0,1,2,train_09,1
train_03_14,"“ The textbooks and syllabus try to sidestep so-called embarrassing issues like June 4th or the 1967 riots , ” Pang added , referring to the date of the 1989 Tiananmen Square massacre , an event that spurred 1.5 million people , more than a quarter of the population at the time , to march in Hong Kong in the largest ever protest .",0,0.666666667,3,train_03,1
train_02_179,"MALAPPURAM : School athletic meet disrupted again November 15 , 2014 00:00 IST Physical education students and teachers stage protest The District School Athletic Meet was disrupted for the second time when it began at Calicut University grounds on Friday .",1,1,2,train_02,0
train_07_1,But the attacks by Congress workers in Malappuram district have tarnished him and the yatra .,0,0.5,2,train_07,1
train_02_231,Her story drew widespread condemnation with marches organised against taxi drivers ' actions .,0,0.666666667,3,train_02,1
train_05_17,"While the Congress members walked out in protest , the BJP members continued the dharna in the Well till the House was adjourned for the day after the presentation of the Budget .",1,0.5,2,train_05,0
train_06_21,Similar banners were also found between Sunki and Ampavalli where Maoists also blocked road by felling trees .,1,1,2,train_06,0
train_05_80,"If what happened in Malda was a trivial incident , why was so much trouble taken to keep the BJP and CPI(M) fact-finding team out from ‘ ground zero ’ ?",0,0.5,2,train_05,1
train_04_120,"There would have been no West Bengal as the entire state would have become part of East Pakistan ( present-day Bangladesh ) . ” Addressing the gathering , the state BJP leaders asked the party workers “ not to get provoked by the TMC goons but to strengthen the organisation as the party ’ s goal was to capture power in the state in the 2016 Assembly elections ” .",0,0.666666667,3,train_04,1
train_03_127,"Shettar assured the House that he would take action against the erring officials following which the opposition , including JDS members , withdrew the dharna .",1,1,3,train_03,0
train_08_132,"But in spite of its controversial nature , the CSAT was not removed until April 2015 , and that too after massive protests , ” said Anupama Karthik , an aspirant from Hyderabad .",1,1,2,train_08,0
train_06_110,"Four jawans were also injured in the encounter but they were all out of danger , police said .",0,0.5,2,train_06,1
train_02_293,"After the police doused the crowd in pepper spray and tear gas , tens of thousands of residents joined the action .",0,0.666666667,3,train_02,1
train_05_312,"Several pro-Telangana activists were arrested in Choutuppal , Bhongir and Miryalguda , where the Telugu Desam Party extended support to the agitation .",0,0.5,2,train_05,1
train_04_151,External Affairs Minister Pranab Mukherjee got off to a sober and dignified start last week when he told his Pakistani counterpart that the elements responsible for the carnage did not want a “ leap forward ” in relations between India and Pakistan and were hence acting against Islamabad ’ s interests as well .,0,0.666666667,3,train_04,1
train_06_13,"About 1,000 angry protesters gathered outside the Alice Magistrates Court on Thursday where four suspects appeared on charges of murdering a Victoria Hospital tutor last year .",0,0.5,2,train_06,1
train_01_235,"Secretary of the Insurance Corporation Employees ’ Union , Nellore Division , K. Gopalakrishnaiah and other leaders , who held a demonstration in front of the United India Insurance Company here , criticised the UPA that had categorically said it would strengthen the LIC and GICs but was doing just the opposite by hiking the cap on the Foreign Direct Investment in the insurance sector .",0,0.666666667,3,train_01,1
train_05_65,"“ We used to protest peacefully but it didn ’ t work , now we need to get out of this framework and tell them , we ’ re willing to try anything until you give us an answer. ” Police had issued several warnings through the evening and appeared to be gearing up for violent clashes , but had left the protesters largely unhindered in their efforts even as the group tore up the inside of the building .",1,1,2,train_05,0
train_06_317,A Special Bench of Justices D K Jain and P Sathasivam accepted the plea of the SIT for a further 15 days time to submit its report on the Gulberg Society killings .,0,0.5,2,train_06,1
train_05_23,"It has also sought a judicial inquiry in the entire case , soon after a group of men in lawyers ' robes were seen thrashing students and journalists in the nearby Patiala House court complex yesterday .",1,1,2,train_05,0
train_06_170,"Participating in the protest YSRC city convenor P.G. Narasimha Radav , city general secretary S. Noorullah Quadri , State joint secretary B. Zaheer Ahmad Khan and State Minority Cell secretary M. Saleem Basha said that only stringent punishment such as death sentence could act as a deterrent against such ‘ heinous crime ’ .",1,1,2,train_06,219:267,268:323,268:292,:,:,0
train_08_278,"If it does not act , the protests will continue . """,1,1,2,train_08,3:18,21:47,0:2,:,:,0
train_06_135,"Boycotting the classes and medical services , hundreds of junior doctors squatted at the hospital main building .",1,1,2,train_06,0:43,46:111,0:10,:,:,0
train_08_211,`` We suspect that he pulled the trigger that killed Chika '' .,1,0.5,2,train_08,19:40,46:58,14:18,:,:,0
train_01_153,The clash took place over use of the field .,1,1,3,train_01,26:42,0:20,21:25,:,:,0
train_06_249,The protesters raised slogans against the government .,1,0.5,2,train_06,30:52,0:29,:,:,:,0
train_07_142,About 200 members of the Treatment Action Campaign ( TAC ) protested outside the hospital and like the families they want answers .,1,0.5,2,train_07,0
train_06_158,"Another minister and legislator from Gadwal , DK Aruna , whose father C Narsi Reddy ( the then Congress MLA ) was brutally killed by Maoists in Mahaboobnagar district , is also playing a key rule lobbying with the Congress high command for formation of Telangana State .",0,0.5,2,train_06,1
train_04_87,"Victims Recall Trauma , Want Peace at All Cost 31st August 2015 04:57 AM VILLUPURAM : Two weeks after the caste clash , people of Sethusamudram village said they still could not come to terms with the trauma that rocked the village on Independence Day .",0,1,3,train_04,1
train_07_5,"In the same breath , he made light of the Seemandhra protests , observing that when a state is bifurcated , it is natural for some to resign and protest .",1,1,2,train_07,0
train_07_46,The taxi operators were protesting about routes .,1,0.5,2,train_07,0
train_07_279,"A Day of Protests Inside and Outside Assembly 17th February 2016 05:40 AM THIRUVANANTHAPURAM : Be it in the Assembly or outside , protests will be heard only if they rise to a high .",1,0.5,2,train_07,0
train_06_256,civilians and security forces killed in Naxals attacks in 2008 .,0,0.5,2,train_06,1
train_08_150,"Only CPM had enmity towards TP , says Rema 27th February 2013 08:44 AM K K Rema , wife of slain leader T P Chandrasekharan , stuck to her statement before the Special Additional District and Sessions Court ( Marad cases ) here that the CPM had enmity towards her husband and denied the suggestions made by the defence counsel .",1,1,2,train_08,0
train_09_A_49,"Staff Correspondent Protesters staged a demonstration in front of the Deputy Commissioner 's office Protesters stage demonstration in front of DC 's office Entry of Wal-Mart in retail trade had ruined native traders , says BCCIGovernment was amending the Act without any discussion BELGAUM : Trading activities came to a halt at the Agriculture Produce Marketing Committee Yard in the city causing inconvenience to the growers .",0,0.666666667,3,train_09,1
train_08_281,Ganti Prasadam was killed by unidentified miscreants in Nellore a few months ago and it was alleged that the government was behind the killing .,1,0.5,2,train_08,0
train_09_A_7,"Opposing the Pakistan premier 's visit that was marked by tight security , local lawyers , some BJP activists and representatives of markets associations staged protests and shouted anti-Pakistan slogans .",1,0.666666667,3,train_09,0
train_06_191,"— | Photo Credit : PHOTO : PTI Sushanta Talukdar Police suspect that it is the handiwork of ULFA ULFA desperate to show its strength after arrests , say police Caller tells TV channels that ULFA is not involved in the blasts Guwahati : Seven people were killed and 55 , including minor children , injured in two bicycle-bomb blasts in Nalbari , headquarters town of lower Assam ’ s Nalbari district on Sunday morning .",1,0.5,2,train_06,0
train_06_198,"A senior police officer , who declined to be quoted on the ground that investigations were still on , told The Hindu that whether the ULFA denied it or not , the police suspected the twin blasts to be the handiwork of the militant outfit .",1,0.5,2,train_06,0
train_08_280,"Political Prisoners ' Rights Day today 13th September 2013 08:33 AM The Committee for the Release of Political Prisoners ( CRPP ) is observing September 13 as Political Prisoners Rights Day , commemorating the sacrifice of Shaheed Jitin Das and organising a memorial programme for Maoist idealogue Ganti Prasadam , in Hyderabad on the occasion .",1,1,2,train_08,0
train_08_80,"The protesters – many of whom were wearing black T-shirts and hard hats and were armed with shields made from boards of wood and surfboards , as well as hiking sticks and rods – retaliated by throwing umbrellas and water bottles .",1,0.5,2,train_08,0
train_01_98,"Distributing medals and trophies to winners of the five-day event in which 702 personnel from 22 State police teams and eight Central police organisations participated , the chief minister recalled the 26/11 incidents in Mumbai to stress her point .",1,1,3,train_01,0
train_08_270,"However , Nitish Kumar termed the shutdown opposed to development .",1,0.5,2,train_08,43:65,30:42,43:53,:,:,0
train_03_99,The blast was so intense that the motorbike split into pieces .,1,0.666666667,3,train_03,0:24,30:61,14:29,:,:,0
train_01_111,"They exhorted us to join the protest against the recommendations of the Mandal Commission , which had been implemented a day earlier .",0,0.666666667,3,train_01,1
train_08_290,"Army officials said that the five-member team , which included Lt Col Ajay Kumar Verma , GREF engineer S K Singh , a protection force of two Army jawans from the JAKRIF regiment and their driver , was on its way to inspect construction work on the Chattroo-Simthan road when it came under heavy fire .",1,1,2,train_08,0
train_06_305,"Others who addressed the dharna demanded that the government must review Section 124 A of the Indian Penal Code ( IPC ) which deals with sedition , the law under which Sen has been sentenced .",1,1,2,train_06,0
train_08_265,"Lalu , Rabri upbeat after success of shutdown 29th January 2010 01:40 PM An RJD activist wears a garland and crown made of vegetables and shouts slogans along with others during a protest against inflation in Patna .",1,1,2,train_08,0
train_01_118,"According to reports , two militants have been shot dead in the encounter .",0,0.666666667,3,train_01,1
train_04_228,"National Highway -37 was blocked by protesters at several places , while vehicles remained off the roads in the affected areas , officials said .",1,0.666666667,3,train_04,0
train_07_313,The spontaneous protests come after the country has seen a number of violent crimes directed at women and children which have made headlines in recent weeks and left the country reeling .,1,1,2,train_07,0
train_09_A_112,"The march , which began with only a few hundred people at around 10am in Phahameng , had attracted more than 5,000 once it had reached the city centre at lunch time .",0,0.666666667,3,train_09,1
train_04_142,Congress Takes Exception to Rail Transportation of Jawans ' Bodies 14th March 2014 12:51 AM Chhattisgarh 's main opposition Congress today accused the BJP government in the state of insensitivity while arranging the transportation of the bodies of the 15 security personnel who died in an attack by the Naxals in Sukma district two days ago .,0,0.666666667,3,train_04,1
train_02_152,"Indefinite curfew continued in Danilimda and Shahpur , where several incidents of arson had been reported on Sunday .",1,0.666666667,3,train_02,0
train_03_272,"TDP legislator Devineni Umamaheswara Rao , former MP Gadde Ramamohan and city unit president B Venkanna alongwith other protesters staged demonstration at the bus station , stalling district bus services for about two hours .",0,0.666666667,3,train_03,1
train_09_B_63,"Mild tension prevailed when Mr. Yadav and two other BJP corporators , Bangaru Prakash and Vaikuntham , started moving around enforcing bandh .",1,1,2,train_09,0
train_04_37,"Recent pronouncements by both Beijing and the Hong Kong government suggests this will not be allowed to happen , in spite of the huge demonstrations which have filled the streets and parks of the city over the summer .",0,1,3,train_04,1
train_06_297,DA MP Yusuf Cassim said in a statement on Tuesday that universities affected by violent student protests had recorded damages worth more than R150 million .,1,0.5,2,train_06,0
train_06_109,"Three LeT militants , woman killed in J-K encounter - Indian Express Agencies , Agencies : Srinagar , Mon Sep 28 2009 , 11:10 hrs Three Lashkar-e-Toiba militants , including two from Pakistan , and an elderly woman were killed in an encounter with security forces in Pulwama district of South Kashmir on Monday .",0,0.5,2,train_06,1
train_04_316,"Dewan told Newsline that the "" protest will now continue at ward level and from next week onwards every ward will be sensitised against property tax and high charges of regularisation impsed by government "" .",0,1,3,train_04,1
train_08_151,She was deposing before the court on the second day on Tuesday as part of the trial of the Chandrasekharan murder case .,0,0.5,2,train_08,1
train_02_56,"The demonstrators proceeded to Kgotsong township , where they threw stones at the house of a municipal official , shattering windows .",0,0.666666667,3,train_02,1
train_02_128,"One protester said yesterday 's turnout was smaller , following reports the authorities had tried to prevent the demonstration .",0,0.666666667,3,train_02,1
train_08_285,"Top ULFA bomber killed in Assam 05th September 2009 10:34 PM GUWAHATI : A top separatist bomber and close associate of Paresh Baruah , commander-in-chief of the outlawed United Liberation Front of Asom ( ULFA ) , was killed in a gunfight with security forces in Assam Saturday , officials said .",0,0.5,2,train_08,1
train_02_16,"Three persons were killed and over 100 , including 50 cops , injured in the pitched battles between police and Arya Samaj followers .",0,0.666666667,3,train_02,1
train_02_224,The third incident occurred near Uttara where two groups of students of another engineering college clashed leaving four injured .,0,0.666666667,3,train_02,1
train_04_268,"Apart from opposing merger of banks and the practice of outsourcing , the strike was in support of recruitments in the banks , added Mr. Venkataramaiah .",0,1,3,train_04,1
train_08_284,"Jitin Das , among them , resorted to fast unto death and died on the 63rd day of his fast ( September 13 ) , he said .",1,1,2,train_08,0
train_08_159,"Though Chief Secretary S.M. Vijayanand had called the employees ’ representatives for talks on Wednesday , it failed to reach an accord and the Secretariat Association affiliated to the Congress and the Employees Sangh called for a one-day strike .",1,1,2,train_08,0
train_09_A_30,"TAMIL NADU Demonstration staged September 17 , 2012 00:00 IST Members of Popular Front of India staged a demonstration in Tirupur on Saturday against anti-Islam film .",0,0.666666667,3,train_09,1
train_06_177,A kilometre away from the cemetery his coffin was removed from the hearse and community members lifted it shoulder high as they carried it the rest of the way singing liberation songs .,0,0.5,2,train_06,1
train_04_195,"Investigations into the blast led to the discovery of pamphlets decrying the visit of Sri Lankan President Mahinda Rajapaksa to India , which were found at the spot .",0,1,2,train_04,1
train_09_A_120,"Some anti-social elements which were already in the area took advantage of the incident to pelt stones at the police , ’ ’ Anuradha said .",0,1,3,train_09,1
train_09_A_64,Shankar died in the attack while Kausalya escaped with severe injuries .,0,1,3,train_09,1
train_09_A_98,A local business was also set alight but police again managed to extinguish the fire before it did serious damage .,0,0.666666667,3,train_09,1
train_03_87,"UPPSC quota protest : 4 FIRs name 2,500 for rioting , mischief - Indian Express Express News Service , Express News Service : Allahabad , Wed Jul 17 2013 , 04:07 hrs The Allahabad police Tuesday registered a total of four FIRs , all at Civil Lines police station , in connection with the violence that took place on Monday when youths protesting against the reservation policy of the Uttar Pradesh Public Service Commission ( UPPSC ) went on the rampage .",0,0.666666667,3,train_03,1
train_05_162,"Whether it is the recent demonstrations against a nuclear power plant in Jaitapur in Maharashtra or the earlier outbreaks in Singur and Nandigram in West Bengal , the matter of relief and rehabilitation was left to the state governments according to a well-established practice .",1,0.5,2,train_05,0
train_06_199,“ Two improvised bicycle-bombs were triggered by the ULFA .,1,0.5,2,train_06,0
train_06_66,"The students , aged between 17 and 28 , were arrested as a group of about 3,000 angry students ringed by riot policemen gathered at the institution in April .",0,0.5,2,train_06,1
train_03_252,"As for the SP Government ’ s failure to prevent the flare-up , Mulayam conceded that the preventive measures could have defused the situation .",0,0.666666667,3,train_03,1
train_07_195,"In the 1980s , there was a series of student protests in China , culminating in the Tiananmen demonstrations of 1989 , when not just students but city dwellers all across the country joined the rallies .",0,0.5,2,train_07,1
train_01_245,Additional Director General of Police ( HQs ) Ravinder Kumar said that the state police along with central paramilitary forces have been working to rescue the abducted people .,1,0.666666667,3,train_01,0
train_07_317,"The protesters , during the gathering on Wednesday said they were not willing to listen to any government official and demanded that Ramaphosa come out to address them on how he is planning to stop the scourge of abuse directed at women and children in the country .",1,0.5,2,train_07,0
train_08_309,The two Lashkar-e-Toiba militants drove up to the Central Reserve Police Force ( CRPF ) camp on Monday evening and forced their way in by lobbing a grenade at the gate .,1,0.5,2,train_08,0
train_09_B_111,"In the gunfight that ensued , three guerrillas have been killed , the atrmy spokesman said .",1,1,2,train_09,0
train_05_161,"Leave relief and rehab to state governments 23rd May 2011 10:45 PM T he link between the centre ’ s regrettable decision to pay compensation to the victims of the disturbances in UP ’ s Bhatta-Parsaul area , and Rahul Gandhi ’ s attempt to score partisan points from the episode , is too stark to be missed .",0,0.5,2,train_05,1
train_02_283,Cape Town police eventually freed the hostages and no one was injured .,0,1,3,train_02,1
train_07_114,Noted sculptor Kanayi Kunhiraman said the Vilappilsala agitation was a successful example of local people ’ s fight against forces imposing injustice on them .,1,0.5,2,train_07,0
