train_04_236,"Following the incident , police officials including Sunil Jacob , Assistant Commissioner of Police , Ernakulam ; and D.S. Suneesh Babu , Circle Inspector , Town Central , reached the spot .",1,0.666666667,3,train_04,0
train_06_322,There were also efforts to attack a local cable channel cameraman .,1,1,2,train_06,0
train_06_314,SC lifts stay on Gujarat riot cases 26th October 2010 09:24 PM NEW DELHI : The Supreme Court today gave the green signal for the trial courts in Gujarat to give their verdict in the 2002 Godhra train carnage and seven cases of communal riots that followed but kept on hold the judgement in the case in which Chief Minister Narendra Modi was questioned .,1,1,2,train_06,0
train_07_241,"Though the management led by Registrar K. Pochanna promised to resolve their problems on Wednesday , the students refused to end the protest saying that the management promised to do the same last year , but failed to keep its promise .",1,1,2,train_07,0
train_05_206,"Fight against FDI to go on : Oppn - Indian Express Agencies , Agencies : New Delhi , Wed Dec 12 2012 , 19:55 hrs Taking its protest against FDI to the streets , opposition parties today said their fight will go on till they ensure that it is scrapped altogether .",1,1,2,train_05,0
train_04_222,Party leaders here have requested educational institutions and other private establishments in twin cities to cooperate with them and make bandh successful .,0,1,3,train_04,1
train_05_16,"While Singhdeo sat on a dharna in the Well in protest , Congress and other BJP members rushed into the Well shouting slogans .",0,0.5,2,train_05,1
train_09_A_95,"Residents chanted songs drowning out the mayor , who had to be removed from the stadium under police escort .",0,1,2,train_09,1
train_02_27,Members of the minority sect went on a rampage and allegedly set fire to the kitchen of the house belonging to a member of the majority sect .,0,0.666666667,3,train_02,1
train_02_151,"Trouble was also reported from Mirzapur in the city , when a mob gathered near a mosque threw two crude bombs at the police .",0,0.666666667,3,train_02,1
train_07_276,"Qiangba Puncog said on the sidelines of the National People 's Congress that the situation in Tibet was stable , despite reports that several protests had broken out in some Tibetan-populated areas in the run-up to March 10 , the 50th anniversary of an uprising that saw the Dalai Lama flee to India .",1,0.5,2,train_07,0
train_03_119,This caused injury to accused no : 37 in the case .,0,0.666666667,3,train_03,1
train_02_95,"Gandhiji leads fast , boycotts I-Day 16th August 2009 11:21 PM HEAVEN : Mahatma Gandhi led a host of freedom fighters , who after much deliberation , decided not to celebrate Independence Day , instead marking it with prayers and a hunger sit-in and passing a special resolution to write to Parliament on changes they want in the way India is run .",0,1,3,train_02,1
train_08_166,"In the early hours of 6 May , Beijing police detained Pu Zhiqiang , a prominent human rights lawyer who helped organise the 1989 demonstration ; three days prior , he had participated in a private panel discussion commemorating the massacre .",1,0.5,2,train_08,0
train_04_85,“ There was no formal notice of strike and this has created a lot of hassle for the public .,0,0.666666667,3,train_04,1
train_04_72,The mob later entered the depot and damaged at least 30 buses .,0,1,3,train_04,1
train_04_93,"UPDATE 3 : Zuma receives warm welcome at Youth Day commemorations Gertrude Makhafola JOHANNESBURG , June 16 ( ANA ) - President Jacob Zuma arrived to loud cheers and chants at Orlando Stadium , Soweto on Thursday where commemorations to mark 40 years of the June 16 students uprising were underway .",1,0.666666667,3,train_04,0
train_06_217,"Guo , who has Australian citizenship , was taken away by police in Beijing shortly after the publication of an interview in which he described participating in 1989 's pro-democracy protests in Tiananmen Square and discussed a work he had created commemorating the bloody crackdown .",1,1,2,train_06,0
train_09_A_3,"The Gujjar priest , Mewa Ram , accompanied by youngsters from his community allegedly thrashed the 80 - year-old Dalit priest Hazari Balai during the Navratra festivities on October 1 and declared a ban on the entry of Dalits into the temple .",0,1,3,train_09,1
train_07_311,"Many waved Chinese flags and hurled insults at anti-government demonstrators camped nearby , highlighting the deep ideological fissures now dividing the finance hub .",0,0.5,2,train_07,1
train_01_145,""" We will continue to work very closely with the Indian government on those issues , "" she said , adding that it is an ongoing process and the US is working with Indian authorities to address issues of concern emanating from the incident .",1,1,3,train_01,0
train_09_B_74,“ No amount of forgiveness can absolve Modi of the crime that was committed under his watch in Gujarat .,0,1,2,train_09,1
train_04_46,Blatant efforts to wage a proxy war 15th April 2010 12:33 AM The Dantewada massacre took the lives of 76 CRPF jawans and caused a huge setback to the Union home ministry ’ s self-proclaimed ‘ war on tribal terror ’ .,0,0.666666667,3,train_04,1
train_08_109,"Meanwhile , Suneelam again claimed that the farmers ' agitation was completely peaceful and had provided no provocation to the police to open fire on them .",1,1,2,train_08,0
train_01_128,"By visiting the families of the Patna blast victims , NaMo is drilling home the point that NiKu is least bothered about the personal tragedies of his people .",0,0.666666667,3,train_01,1
train_03_129,"City Police Commissioner Ravada Chandrasekhar has also directed Shangumugham Assistant Commissioner Suresh Kumar to probe into the role of the police in the incident , including the allegation that LDF candidate P. Ramachandran Nair was pushed by the Pettah Circle Inspector .",0,0.666666667,3,train_03,1
train_09_B_19,"Pramod Mishra , president of Koshal Kranti Dal , blamed the administration for the incident .",1,1,2,train_09,0
train_09_A_69,"Two men who confessed to being involved in the murder of ANC North West official Obuti Chika were tortured by police , the Klerksdorp Magistrate 's Court heard on Tuesday .",0,1,3,train_09,1
train_03_183,"Taking strong exception to the inordinate delay in release of the promised compensation for crop loss in the August 2005 floods , nearly 50 farmers , led by the Telugu Desam Party MPTC member Gurumurthy and local CPI - ( M ) leaders Krishna Babu and Kondala Babu , squatted before the MRO .",1,1,3,train_03,0
train_09_B_133,The police had reached Batla House on a tip off that some suspected militants involved in the blasts were holed up in the building .,0,0.5,2,train_09,1
train_03_289,"The memorandum given to Chief Minister Harish Rawat , on Saturday , read : “ The stone crushers working in the area will [ be the cause of dust and health problems which will ] result in migration of the population … here most of the people are completely dependent on the earnings from the agricultural produce [ and the dust from the stone crushers would destroy agriculture ] . ” Environmentalist Anil Prakash Joshi , founder of the Himalayan Environmental Studies and Conservation Organisation ( HESCO ) , was present during the protest .",1,1,3,train_03,0
train_07_286,These aspirations were behind the series of demonstrations and rallies held last Sunday .,1,1,2,train_07,0
train_05_75,"In her speech , Lam referred to the protests , saying they had made her realise “ the need to grasp public sentiments accurately ” .",1,1,2,train_05,0
train_04_88,"While the Dalits firmly state that a mob of their erstwhile Vanniyar friends entered the Dalit area after disconnecting the power supply , and hurled petrol bombs at their temple car and torched eight houses , the Vanniyars claim they were not involved in the attack .",0,1,3,train_04,1
train_02_20,"The row over possession of Satlok Ashram , headed by Rampal , took a violent turn on Sunday when police tried to stop Arya Pratinidhi Sabha activists from marching towards the Ashram .",0,0.666666667,3,train_02,1
train_02_147,"On Sunday , a group of people belonging to the Bharwad community allegedly went on the rampage and damaged shops owned by Patels , who too retaliated .",0,0.666666667,3,train_02,1
train_09_B_35,"We have been together in each other 's hour of grief and joy , but to allege that I was a part of the crowd that incited them to raise anti-Sikh slogans is a preposterous and blatant lie .",1,1,2,train_09,0
train_02_158,"An employee who wished to remain unnamed also told Express that around seven management personnel inside the plant , including five foreign nationals , were forcibly prevented from leaving the plant all night by the protesters .",0,1,3,train_02,1
train_05_196,The African nationals had sustained minor injuries in the attack that took place in South Delhi 's Mehrauli area on Friday .,0,0.5,2,train_05,1
train_08_136,The popular social network has been blocked since ethnic riots in China ’ s far west in 2009 and Instagram was banned during pro-democracy protests in Hong Kong in 2014 .,1,0.5,2,train_08,0
train_02_55,"`` Residents went on a rampage by throwing stones at Nala Municipality offices , '' said Thakeng .",0,0.666666667,3,train_02,1
train_08_248,"Han Dongfang , who was jailed as a leader of the Tiananmen protests and now runs the workers ’ advocacy group China Labour Bulletin from Hong Kong , believes Beijing can compromise when it sees it is necessary .",1,1,2,train_08,0
train_07_322,"Earlier the Congress of South African Trade Unions ( Cosatu ) Western Cape regional secretary , Tony Ehrenreich , said the strike could be resolved for about R1 million a year .",0,1,2,train_07,1
train_08_32,"ANDHRA PRADESH Nannapaneni injured in ‘ attack ’ Mobbed : District TDP president Karanam Balaramakrishna Murthi trying to shield Nannapaneni Rajakumari from Congress workers at Karamchedu , Ongole , on Monday .",0,0.5,2,train_08,1
train_04_169,He said action would be taken against those found involved in attacks on vehicles .,1,0.666666667,3,train_04,30:81,8:29,:,:,:,0
train_07_85,"But as we work for the people , we obliged their request and released the men , ” said a Maoist leader who handed over the abducted to the tribal leaders .",1,1,2,train_07,7:29,32:77,4:6,:,:,32:56,61:77,:,:,:,0
train_03_29,Seven people - four militants and three security personnel - were killed in the first two days of the battle .,1,0.666666667,3,train_03,76:108,0:72,:,:,:,0
train_01_83,Two bus drivers were hurt in the attacks .,1,0.666666667,3,train_01,29:40,0:25,:,:,:,0
train_08_128,"However , trade unions refused to accept it and continued their strike .",1,0.5,2,train_08,10:43,48:70,:,:,:,0
train_06_231,The DGP said steps have been taken to prevent the escalation of violence .,1,1,2,train_06,35:72,13:34,:,:,:,0
train_02_214,"Curiously , no policeman has died in any of these exchanges of fire   .",1,0.666666667,3,train_02,0
train_05_141,"The unions argued that withdrawing the strike based on assurance "" without any concrete gains is a difficult proposition "" .",1,1,2,train_05,0
train_06_232,The hartal supporters assaulted a police party in Chettukuzhy while they were engaged in removing the road block .,0,0.5,2,train_06,1
train_05_150,The protest went on for more than two hours and shops on the highway were shut during that time .,0,0.5,2,train_05,1
train_06_124,"Hong Kong ’ s latest political crisis has been brewing for months , with the emergence of a new generation of activists who came of age during the 2014 umbrella movement protests and are now pushing for greater autonomy or outright independence from mainland China .",1,0.5,2,train_06,0
train_06_125,"Naxal violence a challenge ; meet soon - Indian Express Express News Service , Express News Service : Sat Jul 14 2012 , 04:14 hrs On the continuing Naxal violence in the state , Patil admitted that despite heavy deployment of forces including the CRPF in Gadchiroli and other Naxal-hit areas , incidents of residents and policemen being killed have continued .",1,0.5,2,train_06,0
train_01_95,The management responded to this by issuing an order the other day seeking immediate removal of the posters .,0,0.666666667,3,train_01,1
train_03_216,"“ I think it is very selfish , ” explained the teenager , who was at his first rally and said he had come because he wanted to experience first-hand Hong Kong ’ s vibrant democracy movement .",1,1,3,train_03,0
train_03_4,"Protests rocked Bhaderwah , Banihal , Thathri , Kishtwar , Gool , Doda , Sangaldan areas of Jammu region amid raising of anti-India slogans and burning of tyres , police said .",0,0.666666667,3,train_03,1
train_09_A_158,"‘ ‘ People have lost faith in both the NDA and UPA and in these circumstances , regional parties will play a significant role in the post-poll scenario , ’ ’ he said while speaking at a rally at Chhendipada .",0,1,3,train_09,1
train_02_322,"The Sadbhavna fast , its expenses , the 2002 riots and the Lokayukta issues are likely to become major elections issue with both the BJP and the Congress planning to use them to show the other side in poor light .",0,0.666666667,3,train_02,1
train_08_242,The mass pro-democracy movement that seized the streets of Hong Kong has been obviously and overwhelmingly youthful .,1,1,2,train_08,0
train_09_B_54,The State Joint Secretary Thammesh Gowda said that several organisations were involved in the blasts and urged the Government to ban them .,1,1,2,train_09,0
train_09_B_41,"Played active part in wage deal : Vijay Mallya - Indian Express Agencies , Agencies : Greater Noida , Sat Oct 27 2012 , 13:37 hrs Kingfisher Airlines Chairman Vijay Mallya today said he was never out of reach of his striking employees during the 26 - day impasse over non-payment of salaries since March this year and had played an active part in the wage settlement .",0,0.5,2,train_09,1
train_02_71,"Suspended cops throw may go a long way - Indian Express Muzamil Jaleel , Muzamil Jaleel : Srinagar , Mon Aug 16 2010 , 02:58 hrs The embattled Omar Abdullah took another hit today when a suspended policeman hurled a shoe towards the dais where he was taking the salute after unfurling the tricolour at the Independence Day function here .",0,0.666666667,3,train_02,1
train_04_286,Protest Federation of various autorickshaw employees union on Thursday staged a protest in front of regional transport office raising several demands .,0,0.666666667,3,train_04,1
train_09_B_134,"Of the five flat occupants , Atif Ameen and Mohd Sajid were killed during the encounter .",1,1,2,train_09,0
train_06_221,"Those climbers who hung the banner on Lion Rock boosted people 's spirits , and though it was only up for a day , it will stay in people 's hearts forever .",1,0.5,2,train_06,0
train_06_183,Health Minister V S Sivakumar said the agitation was unnecessary as all the major demands have been agreed upon .,1,1,2,train_06,0
train_01_242,"Speaking just after 1pm , Poni said he and the hundreds of residents who had demonstrated outside the court were now on their way by train to the High Court , where they would make another attempt to get an urgent interdict .",1,1,3,train_01,0
train_06_18,After Dlulisa accepted the memorandum the suspects were led handcuffed into the court to jeers from the protestors .,0,0.5,2,train_06,1
train_03_82,"According to the SABC , when Mbeki took the podium at the Harry Gwala Stadium , a section of the crowd started howling and leaving the stadium .",1,0.666666667,3,train_03,0
train_09_B_152,"Police suspect that the panchayat members , including the Salwa Judum leader , were abducted and killed by Maoist rebels , who had left the bodies near the village .",0,1,2,train_09,1
train_07_168,Following our march the WCED gave us a letter saying the following would happen : 1 .,1,1,2,train_07,0
train_06_57,The protests were initially focused on a bill that that would make it easier to extradite people to China from the semi-autonomous city .,1,0.5,2,train_06,0
train_02_250,"( SUBS/NEDS : IF USED , CREDIT MUST BE RETAINED ) Two Daily Sun reporters were held captive , allegedly by Economic Freedom Fighters members during a protest in Nellmapius , Pretoria , Beeld reported on Thursday .",0,1,3,train_02,1
train_04_52,"On Friday , public meetings and padyatras were held by the parties with the diesel price hike and the cap on LPG cyclinders taking centrestage .",1,0.666666667,3,train_04,0
train_03_218,He said in an address before the protests began that Hong Kong must not be used as a launchpad to challenge Beijing ’ s authority and any questioning of China ’ s sovereignty in the territory “ crosses a red line ” .,0,1,3,train_03,1
train_04_150,"In the charged atmosphere generated by the dangerous currents of domestic politics and media-induced panic , Prime Minister Manmohan Singh is finding himself under tremendous pressure to respond decisively to initial evidence that ‘ elements in Pakistan ’ were responsible for last week ’ s terrorist outrage in Mumbai .",0,0.666666667,3,train_04,1
train_05_164,During service delivery protests three people died .,0,0.5,2,train_05,1
train_03_146,The police questioned Sanmugavel regarding the threat call to Nehru .,0,0.666666667,3,train_03,1
train_01_156,Soon a clash ensued between supporters of Pradhan and the rival group in which 17 persons were injured .,0,0.666666667,3,train_01,1
train_05_125,"The strike has hit those in the IT and ITES sectors hard , ” said association president N. K. Sultania .",0,0.5,2,train_05,1
train_09_A_136,"After the blast , Maoists opened indiscriminate firing .",0,0.666666667,3,train_09,1
train_03_324,"But with the agitation in full swing and disturbances on the campus , they were further postponed .",1,1,3,train_03,0
train_01_50,"Authorities yesterday said they would scrap the 10.4 billion yuan ( HK $ 12.7 billion ) project , the subject of demonstrations by tens of thousands of Shifang residents .",1,0.666666667,3,train_01,0
train_09_B_126,"Meanwhile , another group of DMK men , who were accompanying a Member of Parliament , allegedly indulged in “ skirmishes ” at Sholandur in which one Narayanan of Pandamangalam was injured .",0,1,2,train_09,1
train_09_B_88,"KERALA UDF whitewashing RSS violence : CPI(M) November 15 , 2007 00:00 IST Staff Reporter KANNUR : Communist Party of India ( Marxist ) State secretary Pinarayi Vijayan has accused the United Democratic Front ( UDF ) of whitewashing violence instigated by the Rashtriya Swayamsevak Sangh ( RSS ) in the State .",0,0.5,2,train_09,1
train_06_16,"The memorandum called for the State to refuse bail for murderers , saying residents could be tempted to take the law into their own hands .",1,0.5,2,train_06,0
train_09_B_49,"Maretha , where till recently riot victims were not allowed to return home , victims of Best Bakery carnage , residents of Noor Park , and some other hotbeds of violence went unrepresented .",1,0.5,2,train_09,0
train_03_43,"It claimed that during the attack a five-vehicle convoy of 6th Dogra Regiment was "" assaulted "" at Tengnoupal-New Somtal Road in Chandel district of Manipur .",1,0.666666667,3,train_03,0
train_03_69,"Inaugurating the dharna , State secretary of the Communist Party of India C.K. Chandrappan said the United Democratic Front ( UDF ) government seemed to have declared a war on the people through its revised Budget .",1,0.666666667,3,train_03,0
train_09_B_5,"A group , comprising leaders of the Communist Party of India ( Marxist ) and the Democratic Youth Federation of India , had roughed up a journalist who had put out a report to that effect .",1,0.5,2,train_09,0
train_09_A_151,"Though rebels frequent the villages including Karada , Ranaba and Indragada , this is for the first time that posters exhorting the villagers to participate in the PLGA week have been found at several places in the block .",1,1,3,train_09,0
train_05_189,"Condemning the government ’ s approach in the matter , Kanhaiya said that the government wanted to perpetually function in a denial mode , adding that the attack on the African students showed the racial discrimination that was taking root in this country .",1,1,2,train_05,0
train_09_A_140,""" When the security forces surrounded the house , they came under heavy gunfire from inside .",0,0.666666667,3,train_09,1
train_07_91,“ I am shocked to hear about the brutal killing of Shri V Ramesh our General Secretary of Tamil Nadu unit .,1,1,2,train_07,0
train_03_237,"Seeking to allay apprehensions of the students who feared that the agitation will have a bearing on their academic performance as exams are due , the Union Minister said the HRD team will stay at NIT Srinagar till exams , which begin on April 11 , are not over .",1,1,3,train_03,0
train_02_246,"Days after blasts , Patna to host another rally 30th October 2013 11:55 AM The Communist Party of India ( Marxist-Leninist ) is holding its rally here amid tight security Wednesday , barely three days after a string of explosions here left six dead and over 80 injured .",0,0.666666667,3,train_02,1
train_01_123,The Kishtwar area has been in focus ever since the Delhi High Court blast as the first of the e—mails claiming responsibility for the blast emanated from here .,0,0.666666667,3,train_01,1
