train_08_274,"According to police reports from different districts , nearly 12,000 workers and leaders of the RJD were arrested during the shutdown but later released .",0,0.5,2,train_08,1
train_05_316,"Some of the major Maoist guerrilla attacks in past : April 6 , 2010 : 76 security personnel , of whom 75 belonged to the Central Reserve Police Force ( CRPF ) , slaughtered by Maoists in the Chintalnar forested hamlet of Dantewada district .",0,0.5,2,train_05,1
train_04_189,"Kumar , an officer of the elite Para unit who hailed from Jind , was among two army personnel from elite Para unit who lost their lives today in the fierce encounter with militants holed up inside a government building in Pampore town .",0,1,2,train_04,1
train_07_87,"It is learnt that the abducted TDP leaders along with several others working for the ruling party in the mandals of GK Veedhi and Chintapalle , have agreed to resign from the party and intensify agitations against bauxite mining , as demanded by the Maoists .",1,1,2,train_07,0
train_01_121,"He is an accused in the Delhi High Court blast of Sep 7 , 2011 in which at least 10 people were killed and over 70 injured .",1,0.666666667,3,train_01,0
train_01_224,"On Thursday , Chen Daoxiang , the head of the Chinese army garrison in Hong Kong , said the military was “ determined to protect [ the ] national sovereignty ” of Hong Kong and would help put down the “ intolerable ” unrest if requested .",1,0.666666667,3,train_01,0
train_09_A_81,"Hoisting of the specially prepared multi-colour flag was seen as a mark of protest against the merger of the then Vidarbha , the Central Provinces and Berar into Maharashtra on May 1 , 1960 .",0,1,3,train_09,1
train_07_67,"She has worked as an assistant for legislators , been involved in a youth action group , competed in a District Council election in 2003 , helped with the organisation of the July 1 march in 2004 and 2005 , and has taken part in the fight to preserve the Star Ferry pier .",1,0.5,2,train_07,0
train_05_63,More than 50 people were reportedly taken to hospital for treatment after various protests throughout the day .,0,0.5,2,train_05,1
train_08_108,He said the Chief Minister had announced that the role of the non-official persons in the agitation and the subsequent police firing would be inquired into by the CBI .,1,1,2,train_08,0
train_07_223,"Arun , who is the sanitation supervisor of the area , alleged he was asked to clean the streets by Pandey in the morning but before he could send his workers , Pandey and his supporters came to Jhabban ki Bagiya and started beating him , his brother Anil , colleague Sachidanand and other workers .",1,0.5,2,train_07,0
train_09_B_0,"VISAKHAPATNAM : Maoists observe bandh in Visakha Agency area October 07 , 2011 00:00 IST Vijayadasami festival coincided with a bandh on Thursday in the Visakha Agency for which the CPI ( Maoist ) gave the call demanding that the police produce in a court of law the party 's Andhra-Orissa border special zone committee member and a central committee member Damodar alias Azad , who was reportedly taken into custody a few days ago .",1,0.5,2,train_09,0
train_05_278,"It was bound to be rejected . "" Hardik maintained Patels would continue their agitation in support of their demands .",1,1,2,train_05,0
train_08_45,"Similarly , some palmyrah farmers tapped toddy at Pattankaadu even as the police arrested 517 protestors , including 66 women , in the neighbouring town of Vasudevanallur .",1,0.5,2,train_08,0
train_06_34,"The arrival of the police did not deter the mob , which continued with the brickbatting from the safety of their houses .",1,1,2,train_06,0
train_01_223,"In recent days , Beijing has ramped up its condemnation of the protests , which it describes as “ riots ” , and has accused the US and other western powers of instigating the unrest to hurt China .",0,0.666666667,3,train_01,1
train_07_247,"While tourists visiting the Union Buildings used cameras and cellphones to photograph the protest , the vendors outside packed up their wares .",0,0.5,2,train_07,1
train_07_291,"The decision of the unions affiliated to the Hind Mazdoor Kisan Panchayat to end the agitation came after a 45 - minute long meeting between Chief Minister Manohar Joshi and four union representatives Sharad Rao , Dada Samant , Vithalrao Gaikwad and Narayan Phenani at the CM 's residence late on Wednesday night .",1,0.5,2,train_07,0
train_04_263,"Anticipating the strike some of the banks , particularly SBI and its associates , had ensured that their ATMs ( automated teller machines ) had cash to meet the customer demand , he added .",0,0.666666667,3,train_04,1
train_06_324,"There was also allegation that some of the Congress workers , who came to interrupt the fest , were in an inebriated state .",1,0.5,2,train_06,0
train_01_228,The statement condemned authorities for turning “ a deaf ear to peaceful protests from a wide section society ” and threatened more actions .,0,1,3,train_01,1
train_02_168,"The Indian Medical Association has , while condemning the incident , decided that a more trenchant protest needs to be made against the increasing attacks on the medical community .",1,0.666666667,3,train_02,0
train_09_A_13,Mainpuri SP Shalabh Mathur said that a complaint has been lodged by a Aam Aadmi Party worker at City Kotwali police station alleging attack on him and other agitators .,0,0.666666667,3,train_09,1
train_02_112,"The university was closed following the disturbances , Vice-Chancellor Ngoato Takalo said on Monday .",0,0.666666667,3,train_02,1
train_01_232,"Besides the bank and the insurance company employees , medical and sales representatives , members of the UTF , anganwadi , municipal and construction workers , hamalis , including the RTC porters , participated in the rally taken out under the banner of the leftist unions protesting against the ‘ anti-employee ’ and ‘ anti-national ’ policies of the Congress-led UPA government .",0,0.666666667,3,train_01,1
train_09_B_29,ANANTNAG : Police today arrested two top militants and claimed to have solved the bomb blast at the high-security MLA hostel in Srinagar last year .,1,0.5,2,train_09,0
train_01_278,"Addressing a congregation at Gokulnagar , Nandigram , Trinamool Congress chief Mamata Banerjee said the people would give a fitting reply to the Communist Party of India (Marxist)-led government for the “ carnage . ” “ Violence continues ” Condemning the “ atrocities committed by CPI(M) cadres on the innocent people of Nandigram , ” Ms. Banerjee said even after a year “ those responsible had not been punished .",0,0.666666667,3,train_01,1
train_03_246,"`` If a suitably qualified person had been chosen , such a person would have foreseen that the demonstration would degenerate into violence and prepared for that eventuality , '' said SAHRC said .",1,0.666666667,3,train_03,0
train_06_106,"The petition came at a sensitive time , with the mainland in the midst of a massive crackdown on vice .",1,0.5,2,train_06,0
train_01_139,"Biswal , who had travelled to the city from Washington to speak at the Indian Consulate General 's Media-India Lecture Series yesterday , said not only were there a large number of Indian victims in the attack but there were Americans also who lost their lives .",1,0.666666667,3,train_01,0
train_01_319,Blockade against power plant 13th September 2011 08:19 AM ANGUL : They made their intention loud and clear raising slogans against JR Power Plant .,1,0.666666667,3,train_01,0
train_02_236,"On August 16 , 2012 , police shot dead 34 people , almost all striking mineworkers , while trying to disperse and disarm them .",1,0.666666667,3,train_02,0
train_08_170,"Although the people who have organised these events try to blame the government for what has happened , a clear and strong message about such radical and irrational activities must be sent across society , not for the sake of our tourism or economy , but in defence of Hong Kong 's core values .",1,1,2,train_08,0
train_05_173,"KERALA Bishops express concern December 27 , 2007 00:00 IST Kochi : The Kerala Catholic Bishops ’ Council ( KCBC ) has expressed concern over the attack on Christian churches , orphanages and the Bishop ’ s House at Kandhamal in Orissa .",1,1,2,train_05,0
train_05_44,"HAVERI : DC told to probe Savanur protest July 22 , 2010 00:00 IST Water Resources Minister Basavaraj Bommai , who represents Shiggaon Assembly Constituency , has directed the Deputy Commissioner of Haveri to conduct an inquiry into the incident in which members of the “ Bhangi ” community of Savanur staged a protest by pouring faeces over their heads .",1,0.5,2,train_05,0
train_05_304,Attempts Karimnagar Staff Reporter adds : The district police foiled the attempts made by the TRS and pro-Telangana activists to proceed and participate in ‘ Million March ' in Hyderabad on Thursday with their arrests on various routes proceeding to the capital .,1,1,2,train_05,0
train_06_315,"59 persons died in the Sabarmati express attack in Godhra on February 27 , 2002 while around 1,000 persons were killed in the resultant riots .",1,1,2,train_06,0
train_01_230,"ANDHRA PRADESH Work in banks , insurance firms hit August 21 , 2008 00:00 IST Back to old days : A horse-drawn cart comes in handy for passengers as autos went off the road during the general strike in Kurnool on Wednesday .",0,0.666666667,3,train_01,1
train_04_135,"The final leg of the march would be to deliver memorandums to the SA Chamber of Mines , the Johannesburg central police station , the office of the auditor general , and the Hawks .",1,0.5,2,train_04,0
train_03_54,This was Thackeray 's first and keenly watched public rally after his Aurangabad rally last Tuesday when his convoy was attacked allegedly by NCP workers .,0,0.666666667,3,train_03,1
train_07_220,"Muck on road after SP leader , supporters beat up LMC men - Indian Express Express News Service , Express News Service : Lucknow , Wed Jul 11 2012 , 04:20 hrs A Samajwadi Party leader and his supporters allegedly beat up three Lucknow Municipal Corporation sanitation workers and manhandled a constable in Thakurganj area on Tuesday .",0,0.5,2,train_07,1
train_03_137,"The strike will be intensified after consulting with like-minded people , he added .",1,0.666666667,3,train_03,0
train_05_47,Mr. Bommai later told presspersons that whoever was responsible for forcing the protestors to stage such a protest would be dealt with sternly .,1,1,2,train_05,0
train_07_122,"“ It was a planned attack instigated by the PMK , who are trying to gain political mileage , ” he charged and added that members of a community in 30 villages , spread across political parties , joined the PMK-led assault .",1,1,2,train_07,0
train_07_143,They said they would continue with the action until a concrete plan was in place .,1,1,2,train_07,52:80,10:45,46:51,:,:,0
train_05_165,"Two protestors were shot dead , allegedly by police , on Monday during a service delivery protest .",1,1,2,train_05,71:97,0:63,:,:,:,45:97,0:29,42:44,:,:,0
train_02_259,""" The relay fast is a way of supporting Anna from Pune .",1,0.5,2,train_02,20:54,2:16,20:28,:,:,0
train_07_239,"But Nithin would continue his hunger strike by not eating anything , he added .",1,0.5,2,train_07,47:66,4:43,44:46,:,:,0
train_07_64,The four inmates who held her hostage were arrested .,1,0.5,2,train_07,0:37,43:51,:,:,:,0
train_01_114,"Some hotheads tried to gatecrash , provoking the policemen into action  they charged ferociously , dispersing the crowd within minutes .",1,0.666666667,3,train_01,0
train_09_B_118,"Maoists force Centre to revisit CRPF deployment 01st July 2010 03:56 AM NEW DELHI : Unnerved by another instance of sudden ambush and massacre of Central Reserve Police Force personnel by Maoists , the Centre on Wednesday gave hint of enacting a tactical retreat from Naxal strongholds like Dantewada and Narayanpur in Chhattisgarh , camouflaging it as ‘ revisiting deployment ’ .",1,0.5,2,train_09,0
train_01_210,"`` We do not know about the strike , if we called for a strike we could have informed commuters , '' said president Philip Taaibosch .",1,1,3,train_01,0
train_01_108,"In Yuen Long , Chung and other protesters are demanding the government conducts an independent investigation and officially characterises the violence as a “ cross-border terrorist attack ” .",0,0.666666667,3,train_01,1
train_01_80,"Earlier , the protesters , led by workers of Jaya Karnataka Vedike , took out a procession and stopped the movement of vehicles for half an hour .",1,0.666666667,3,train_01,0
train_06_243,"ANDHRA PRADESH Strike near total in Khammam December 15 , 2006 00:00 IST Staff Reporter Dharnas , demonstrations mark the protest against government policies KHAMMAM : The general strike called by the left trade unions against the Centre 's economic policies was near total in Khammam district on Thursday .",1,0.5,2,train_06,0
train_01_35,"September 14 , 2012 00:00 IST Her absence from Vijayamma ’ s protest meet gives credence to rumours Rumour mills are abuzz in Warangal hinting that YSR Congress party leader and former Minister Konda Surekha may join the Congress soon .",1,0.666666667,3,train_01,0
train_01_117,"As we closed in on the hideout of the militants , a fire fight began that continued for over an hour , ” he said .",0,1,3,train_01,1
train_09_A_35,"I am warning other theatres to stop the screening , otherwise , we will intensify our protest in the city in coming days , ” said city Bajrang Dal chief Jwalit Mehta , who led the attack .",1,0.666666667,3,train_09,0
train_01_258,"Former TDP Minister P. Babumohan , who was in oblivion for long , participated in the agitation Despite assurances by the authorities , the stock of urea is not reaching farmers",1,0.666666667,3,train_01,0
train_02_135,The inspector in-charge was injured in the incident .,0,0.666666667,3,train_02,1
train_06_263,July 16 : CPI-Maoist cadres killed 17 personnel of the Special Operations Group of the Orissa Police in a landmine blast in Malkangiri district .,0,0.5,2,train_06,1
train_04_79,"Despite the presence of the IG , policemen moving in vehicles forced a bandh in the town .",0,0.666666667,3,train_04,1
train_06_127,"The anti-Posco activists torched our houses , damaged our betel vines and paddy crops and threw us out .",1,1,2,train_06,0
train_06_284,"Freezing weather conditions at ANC PE Siyanqoba Rally Raahil Sain PORT ELIZABETH , July 23 ( ANA ) - African National Congress supporters streamed into the Dan Qeqe Stadium in Zwide , Port Elizabeth , in freezing weather conditions and rain for the ANC 's August 3 municipal elections Siyanqoba rally on Saturday .",1,1,2,train_06,0
train_01_91,"During the turbulent period last year-end in the capital , the demonstrations against the rape and murder of a 23 - year-old paramedical student reached the gates of Rashtrapati Bhavan seeking his intervention .",1,0.666666667,3,train_01,0
train_01_173,"Yes , he 's the fellow who assured his government bosses the July 1 , 2003 , protest march would draw mere thousands , not the half a million that actually turned up .",1,0.666666667,3,train_01,0
train_07_288,"' The senior official , who spoke on condition of anonymity , observed that protests by professionals such as teachers , social workers and doctors were by no means a grave concern as all these groups were targeting specific policies .",1,1,2,train_07,0
train_04_204,"There are nine million Uygurs among Xinjiang 's 20 million people , and they are the main targets of blame for the unrest .",0,1,3,train_04,1
train_05_116,Party leaders and activists came onto the roads and stopped RTC buses around 6.30 a.m. They were arrested and taken to the respective police stations .,1,1,2,train_05,0
train_03_28,"Singh said the militants had tried to breach the cordon Tuesday night , "" but the troops fired at them , pushing them back into the jungle "" .",0,0.666666667,3,train_03,1
train_04_312,"Two Maoists killed in Orissa 22nd June 2009 09:49 AM BHUBANESWAR : Two Maoist guerrillas were killed in a gun battle with the police in Orissa 's Malkangiri district , authorities said Monday .",0,0.666666667,3,train_04,1
train_02_131,"Kolkata : No arrests yet in Malda case January 05 , 2016 00:00 IST No arrests have been made so far in connection with Sunday ’ s mob attack on police personnel in the Kaliachak area of West Bengal ’ s Malda district .",0,0.666666667,3,train_02,1
train_05_241,"Two others were lynched by a mob , which suspected them of being supporters of the group .",1,1,2,train_05,0
train_03_322,And the students seem to be in no mood to skip them citing the agitation as they have realised that they are crucial to complete the course .,0,0.666666667,3,train_03,1
train_09_B_107,"Three LeT guerrillas killed in Kashmir gunfight 15th July 2011 09:42 AM SRINAGAR : Three separatist guerrillas have been killed Friday in the ongoing gunfight between terrorists and security forces in Jammu and Kashmir , the army said .",1,1,2,train_09,0
train_09_A_29,"UFBU is meeting at Hyderabad on December 23 to discuss further course of action and the next phase of the agitation , Venkatachalam said .",0,1,3,train_09,1
train_09_A_46,"The IFP did not want land reform policy to cause havoc in the country , IFP provincial secretary and KwaZulu-Natal premier candidate Velenkosini Hlabisa said on the sidelines of the party 's final get-out-to-vote campaign `` Sizonqoba '' rally in KwaMashu , Durban .",1,1,3,train_09,0
train_06_63,IFP hotheads at the township entrance tried again to barricade the road and were removed by the police .,1,1,2,train_06,0
train_07_224,Pandey 's supporters also allegedly manhandled constable Rahul Kushwaha who had gone to control the situation .,0,0.5,2,train_07,1
train_07_111,"Banking up on the Health Minister ’ s assurance , the students , who were on the warpath against the CRS and bond system retracted from the agitations on April 23 , 2012 .",1,1,2,train_07,0
train_01_217,"One group held a black banner with the words : “ The police have overstepped ” , while others chanted for the release of protesters who have been arrested over the last two months of demonstrations .",0,0.666666667,3,train_01,1
train_08_19,"PM condemns ' dastardly ' attack on Congress workers in Chhattisgarh - Indian Express PTI , PTI : New Delhi , Sun May 26 2013 , 01:39 hrs Prime Minister Manmohan Singh tonight strongly condemned the "" dastardly "" Maoists attack on Congress leaders and workers in Chhattisgarh and appealed to the attackers to release at the earliest all those who may have been abducted .",1,0.5,2,train_08,0
train_06_140,"Earthlife activists marched to Anglo 's offices in the Johannesburg CBD against the company 's planned coal mine and power station in Waterberg , Limpopo .",1,1,2,train_06,0
train_03_195,"Parties ask AP to resume talks HYDERABAD , JANUARY 21 A day after the Maoists bandh marked by bloodshed , uneasy calm continued in the state even as the Telangana Rashtra Samiti ( TRS ) pressurised the government to halt encounters and resume dialogue with the militants .",1,0.666666667,3,train_03,0
train_01_49,"Protests show rising green concerns PUBLISHED : Wednesday , 04 July , 2012 , 12:00am Mass protests this week over the planned construction of a molybdenum-copper alloy plant in Shifang , Sichuan province show that environmental concerns are becoming a leading cause of social unrest .",0,0.666666667,3,train_01,1
train_05_145,"As around 1,000 advocates gathered at the Mysore Bank Circle around 11.30 am , senior police officers tried to persuade them to withdraw the protest .",1,0.5,2,train_05,0
train_09_B_130,"“ He is also found guilty of assaulting police officers and obstructing them from doing their duty , ” he said .",1,1,2,train_09,0
train_05_18,"Angered community members mobilised and marched to a suspected gang member 's house in Bardien Street where Tavern Moss was stabbed and beaten to death , police said at the time .",1,0.5,2,train_05,0
train_04_47,"The Maoists hit back with a vengeance within 48 hours , butchering 76 security personnel .",1,0.666666667,3,train_04,0
train_05_83,The Pathankot incident too exposed how far the malignant cancer of corruption has spread .,1,1,2,train_05,0
train_02_282,"Four Fisheries Control and Parks officers were taken hostage after 15 armed poachers ambushed them at Hout Bay , SABC radio news reported on Wednesday .",0,1,3,train_02,1
train_07_141,"The Cecelia Makiwane Hospital in East London was again the scene of anger and protest on Tuesday , following the death of four babies at the hospital last week , the SABC reported .",0,0.5,2,train_07,1
train_06_180,"Even after six days of the hunger strike , the government has not reached a consensus on demands raised by the striking doctors .",1,0.5,2,train_06,0
train_02_183,"M. Ranjit , representing the protesting students , said that the Deputy Director of Education ( DDE ) had tried to hoodwink them by issuing an order by which the appointment of language teachers for physical education work was suspended temporarily .",0,0.666666667,3,train_02,1
train_08_245,"Yet older people have been drawn into the protests too : not just democracy veterans , but citizens inspired by the younger generation .",1,1,2,train_08,0
train_09_A_12,"One of the agitators , Vivek Yadav , who was later hospitalised , lodged a complaint alleging that Congress district president Prakash Pradhan and his party workers assaulted him while Louise Khurshid 's vehicle hit him causing injuries .",0,0.666666667,3,train_09,1
train_05_26,"Around 4.30 pm , a 70 - member contingent of VHP and Bajrang Dal activists led by their leaders Yaman Singh and nearly 20 religious heads went in a procession towards the Raj Bhavan with an intention to submit a representation t o g o v e r n o r E S L Narasimhan .",1,1,2,train_05,0
train_05_289,"However , as the JCBs started bringing down structures at Ammavarpet , a few persons pelted stones on the police personnel .",1,1,2,train_05,0
train_03_85,"`` They said to me that the reburial was very dignified , proceeded very well , until plus minus 60 people made a noise when the president was about to speak , and decided to walk out , '' Motlanthe said .",0,0.666666667,3,train_03,1
train_03_96,"An improvised explosive device ( IED ) kept under the seat of a motorbike blew up after being remotely triggered , just 100 metres from Jagannath Bhavan , the state BJP headquarters in Malleswaram around 10.30 am .",0,0.666666667,3,train_03,1
train_06_304,"Speakers at the rally , orgainsed by the Peoples Union for Civil Liberties ( PUCL ) , CPI , CPM , and Chhattisgarh Mukti Morcha ( CMM ) , accused the Raman Singh government of having implicated Sen in a false case .",1,0.5,2,train_06,0
