train_08_274,"According to police reports from different districts , nearly 12,000 workers and leaders of the RJD were arrested during the shutdown but later released .",0,0.5,2,train_08,1
train_05_316,"Some of the major Maoist guerrilla attacks in past : April 6 , 2010 : 76 security personnel , of whom 75 belonged to the Central Reserve Police Force ( CRPF ) , slaughtered by Maoists in the Chintalnar forested hamlet of Dantewada district .",0,0.5,2,train_05,1
train_04_189,"Kumar , an officer of the elite Para unit who hailed from Jind , was among two army personnel from elite Para unit who lost their lives today in the fierce encounter with militants holed up inside a government building in Pampore town .",0,1,2,train_04,1
train_09_A_71,Forensics had later matched the bullets which killed Chika to this gun .,0,1,3,train_09,1
train_09_A_81,"Hoisting of the specially prepared multi-colour flag was seen as a mark of protest against the merger of the then Vidarbha , the Central Provinces and Berar into Maharashtra on May 1 , 1960 .",0,1,3,train_09,1
train_07_67,"She has worked as an assistant for legislators , been involved in a youth action group , competed in a District Council election in 2003 , helped with the organisation of the July 1 march in 2004 and 2005 , and has taken part in the fight to preserve the Star Ferry pier .",1,0.5,2,train_07,0
train_05_63,More than 50 people were reportedly taken to hospital for treatment after various protests throughout the day .,0,0.5,2,train_05,1
train_08_108,He said the Chief Minister had announced that the role of the non-official persons in the agitation and the subsequent police firing would be inquired into by the CBI .,1,1,2,train_08,0
train_07_223,"Arun , who is the sanitation supervisor of the area , alleged he was asked to clean the streets by Pandey in the morning but before he could send his workers , Pandey and his supporters came to Jhabban ki Bagiya and started beating him , his brother Anil , colleague Sachidanand and other workers .",1,0.5,2,train_07,0
train_09_A_17,"She had come to attend the camp and they were staging a demonstration protesting the alleged scam by the trust , he said .",1,0.666666667,3,train_09,0
train_09_B_123,He said an attack on the transport of goods was an attack on the economy .,0,1,2,train_09,1
train_05_226,"The image used in the advert was taken from a protest in Bekkersdal where the police had to restore public order , he said .",0,0.5,2,train_05,1
train_03_39,"Lok Sabha members , cutting across party lines , meanwhile , expressed outrage at the language used by members of Team Anna during Anna ’ s one-day sit-in fast at Jantar Mantar .",0,0.666666667,3,train_03,1
train_08_45,"Similarly , some palmyrah farmers tapped toddy at Pattankaadu even as the police arrested 517 protestors , including 66 women , in the neighbouring town of Vasudevanallur .",1,0.5,2,train_08,0
train_01_223,"In recent days , Beijing has ramped up its condemnation of the protests , which it describes as “ riots ” , and has accused the US and other western powers of instigating the unrest to hurt China .",0,0.666666667,3,train_01,1
train_04_263,"Anticipating the strike some of the banks , particularly SBI and its associates , had ensured that their ATMs ( automated teller machines ) had cash to meet the customer demand , he added .",0,0.666666667,3,train_04,1
train_02_150,"The victims were passing through the market when they were stopped , beaten up and then stoned to death , said the police .",0,0.666666667,3,train_02,1
train_06_163,"Youth beaten up by Bajrang Dal men in Madhya Pradesh 14th February 2009 05:58 PM BHOPAL : A youth accompanying his sister was brutally beaten up by Bajrang Dal activists in Ujjain , while over 50 activists of right-wing Hindu organisations were detained in Gwalior and Bhopal on Valentine 's Day Saturday , Madhya Pradesh police said .",0,0.5,2,train_06,1
train_05_2,"The Bharatiya Janata Party ( BJP ) on Thursday condemned the twin militant attacks in Jammu and Kashmir , saying it reflects that Pakistan is continuing with its strategy to strike at will through proxy war of terror .",0,0.5,2,train_05,1
train_01_192,"Tiruvannamalai District Tourist Car , Van Dirvers-Owners Welfare Association that organised the rally insisted that old tax system should continue .",0,0.666666667,3,train_01,1
train_02_92,Photo : A. Muralitharan Staff Reporter Being built as part of underground drainage network scheme TAMBARAM : Residents of Keelkattalai on Tuesday protested the construction of a lift station ( a powerful pumping station ) at a burial ground at Arulmurugan Nagar .,0,0.666666667,3,train_02,1
train_01_228,The statement condemned authorities for turning “ a deaf ear to peaceful protests from a wide section society ” and threatened more actions .,0,1,3,train_01,1
train_09_A_13,Mainpuri SP Shalabh Mathur said that a complaint has been lodged by a Aam Aadmi Party worker at City Kotwali police station alleging attack on him and other agitators .,0,0.666666667,3,train_09,1
train_08_216,"Karnataka Home Minister G Parameshwara has denied that the Tanzanian woman was stripped and paraded naked , claiming that it was not a racial attack .",0,0.5,2,train_08,1
train_02_112,"The university was closed following the disturbances , Vice-Chancellor Ngoato Takalo said on Monday .",0,0.666666667,3,train_02,1
train_01_232,"Besides the bank and the insurance company employees , medical and sales representatives , members of the UTF , anganwadi , municipal and construction workers , hamalis , including the RTC porters , participated in the rally taken out under the banner of the leftist unions protesting against the ‘ anti-employee ’ and ‘ anti-national ’ policies of the Congress-led UPA government .",0,0.666666667,3,train_01,1
train_09_B_29,ANANTNAG : Police today arrested two top militants and claimed to have solved the bomb blast at the high-security MLA hostel in Srinagar last year .,1,0.5,2,train_09,0
train_01_278,"Addressing a congregation at Gokulnagar , Nandigram , Trinamool Congress chief Mamata Banerjee said the people would give a fitting reply to the Communist Party of India (Marxist)-led government for the “ carnage . ” “ Violence continues ” Condemning the “ atrocities committed by CPI(M) cadres on the innocent people of Nandigram , ” Ms. Banerjee said even after a year “ those responsible had not been punished .",0,0.666666667,3,train_01,1
train_03_246,"`` If a suitably qualified person had been chosen , such a person would have foreseen that the demonstration would degenerate into violence and prepared for that eventuality , '' said SAHRC said .",1,0.666666667,3,train_03,0
train_06_106,"The petition came at a sensitive time , with the mainland in the midst of a massive crackdown on vice .",1,0.5,2,train_06,0
train_02_178,"Employees at three factories had signed a petition supporting Mr Zong and were demanding reassurances about the future of the venture and their jobs , Xinhua said .",0,0.666666667,3,train_02,1
train_01_319,Blockade against power plant 13th September 2011 08:19 AM ANGUL : They made their intention loud and clear raising slogans against JR Power Plant .,1,0.666666667,3,train_01,0
train_08_88,The Hong Kong government said in a statement in the early hours of Sunday that protesters had also vandalised police cars and had blocked roads .,0,0.5,2,train_08,1
train_05_66,Local TV footage showed police officers armed with non-lethal weaponry in other parts of the government complex as the protesters broke in .,0,0.5,2,train_05,1
train_05_173,"KERALA Bishops express concern December 27 , 2007 00:00 IST Kochi : The Kerala Catholic Bishops ’ Council ( KCBC ) has expressed concern over the attack on Christian churches , orphanages and the Bishop ’ s House at Kandhamal in Orissa .",1,1,2,train_05,0
train_09_A_139,"Sopore gunfight ends , no trace of guerrilla 31st January 2010 02:05 PM SRINAGAR : A fierce overnight gun battle between a top militant hiding in a house and security forces in the north Kashmir town of Sopore ended Sunday morning with reports that the guerrilla might have escaped .",0,1,3,train_09,1
train_05_44,"HAVERI : DC told to probe Savanur protest July 22 , 2010 00:00 IST Water Resources Minister Basavaraj Bommai , who represents Shiggaon Assembly Constituency , has directed the Deputy Commissioner of Haveri to conduct an inquiry into the incident in which members of the “ Bhangi ” community of Savanur staged a protest by pouring faeces over their heads .",1,0.5,2,train_05,0
train_01_230,"ANDHRA PRADESH Work in banks , insurance firms hit August 21 , 2008 00:00 IST Back to old days : A horse-drawn cart comes in handy for passengers as autos went off the road during the general strike in Kurnool on Wednesday .",0,0.666666667,3,train_01,1
train_06_292,Protesters also disrupted schools and pelted police with stones and petrol-bombed a Nyala .,0,0.5,2,train_06,1
train_07_220,"Muck on road after SP leader , supporters beat up LMC men - Indian Express Express News Service , Express News Service : Lucknow , Wed Jul 11 2012 , 04:20 hrs A Samajwadi Party leader and his supporters allegedly beat up three Lucknow Municipal Corporation sanitation workers and manhandled a constable in Thakurganj area on Tuesday .",0,0.5,2,train_07,1
train_02_94,"Consequently , the residents staged a demonstration on Tuesday .",0,0.666666667,3,train_02,1
train_03_137,"The strike will be intensified after consulting with like-minded people , he added .",1,0.666666667,3,train_03,0
train_05_47,Mr. Bommai later told presspersons that whoever was responsible for forcing the protestors to stage such a protest would be dealt with sternly .,1,1,2,train_05,0
train_07_122,"“ It was a planned attack instigated by the PMK , who are trying to gain political mileage , ” he charged and added that members of a community in 30 villages , spread across political parties , joined the PMK-led assault .",1,1,2,train_07,0
train_02_259,""" The relay fast is a way of supporting Anna from Pune .",1,0.5,2,train_02,20:54,2:16,20:28,:,:,0
train_07_64,The four inmates who held her hostage were arrested .,1,0.5,2,train_07,0:37,43:51,:,:,:,0
train_08_189,"Between 11 p.m. and 12 midnight , they set fire to the tower in the Kutumba police station area .",0,1,2,train_08,1
train_01_210,"`` We do not know about the strike , if we called for a strike we could have informed commuters , '' said president Philip Taaibosch .",1,1,3,train_01,0
train_07_159,"Sainath Metri , taluk panchayat member ; Pandurang , Yeshwant Datekar , Mahadev Kumtekar and Narayan Govekar , leaders of fishermen who led the agitation , told presspersons that the officials would forget the development of road after the inauguration of the bridge .",0,0.5,2,train_07,1
train_02_125,"Ignoring warnings that any gathering would be illegal , they started congregating near the provincial government headquarters at about 10 am despite a heavy police presence .",0,0.666666667,3,train_02,1
train_02_278,"AISF State general secretary Viswanath , district president Srinivasulu , secretary Chandrasekhar , city secretary Mahendra , organising secretary Ranganna , vice-presidents Bhargav and Venkatesh and a large number of students jostled with the police when they picketed Kurnool Collectorate .",0,0.666666667,3,train_02,1
train_04_81,Hundreds of them raised slogans against the SP .,0,1,3,train_04,1
train_01_90,He was seen as proactive when he disposed of the mercy petitions of 26/11 attack convict Ajmal Kasab and Parliament attack convict Afzal Guru that had triggered a controversy but his aides explain that as President he had no choice but to go by the Cabinet advice .,1,0.666666667,3,train_01,0
train_08_37,"‘ Attack motivated ’ Speaking to The Hindu over telephone from her hospital bed , Ms. Rajakumari said it was a clear attempt on her life .",0,0.5,2,train_08,1
train_05_107,"According to two witnesses , some of the crowd threw stones and police detained at least 10 people .",0,0.5,2,train_05,1
train_06_243,"ANDHRA PRADESH Strike near total in Khammam December 15 , 2006 00:00 IST Staff Reporter Dharnas , demonstrations mark the protest against government policies KHAMMAM : The general strike called by the left trade unions against the Centre 's economic policies was near total in Khammam district on Thursday .",1,0.5,2,train_06,0
train_01_35,"September 14 , 2012 00:00 IST Her absence from Vijayamma ’ s protest meet gives credence to rumours Rumour mills are abuzz in Warangal hinting that YSR Congress party leader and former Minister Konda Surekha may join the Congress soon .",1,0.666666667,3,train_01,0
train_01_117,"As we closed in on the hideout of the militants , a fire fight began that continued for over an hour , ” he said .",0,1,3,train_01,1
train_09_A_35,"I am warning other theatres to stop the screening , otherwise , we will intensify our protest in the city in coming days , ” said city Bajrang Dal chief Jwalit Mehta , who led the attack .",1,0.666666667,3,train_09,0
train_01_258,"Former TDP Minister P. Babumohan , who was in oblivion for long , participated in the agitation Despite assurances by the authorities , the stock of urea is not reaching farmers",1,0.666666667,3,train_01,0
train_02_135,The inspector in-charge was injured in the incident .,0,0.666666667,3,train_02,1
train_07_88,"Following a demonstration at the district collectorate on Wednesday , the students handed over a memorandum addressed to the Governor to Additional District Magistrate Akhilesh Ojha , who assured them of a fair inquiry .",0,0.5,2,train_07,1
train_09_A_0,"Over 6,000 people had gathered in Chennai on Saturday for the fasting meeting between 10 am and 5 pm .",1,0.666666667,3,train_09,0
train_04_84,Sources said that KSRTEA members did not give any formal notice to zonal officers before calling the indefinite strike .,0,1,3,train_04,1
train_06_263,July 16 : CPI-Maoist cadres killed 17 personnel of the Special Operations Group of the Orissa Police in a landmine blast in Malkangiri district .,0,0.5,2,train_06,1
train_01_21,He said he was about 100 metres away when he witnessed the attack .,0,1,3,train_01,1
train_04_79,"Despite the presence of the IG , policemen moving in vehicles forced a bandh in the town .",0,0.666666667,3,train_04,1
train_06_284,"Freezing weather conditions at ANC PE Siyanqoba Rally Raahil Sain PORT ELIZABETH , July 23 ( ANA ) - African National Congress supporters streamed into the Dan Qeqe Stadium in Zwide , Port Elizabeth , in freezing weather conditions and rain for the ANC 's August 3 municipal elections Siyanqoba rally on Saturday .",1,1,2,train_06,0
train_09_A_61,"It questioned the commission ’ s action in withholding the report on the “ dubious role ” of the State government in supporting the accused involved in the carnage against the minority community , which followed the train fire .",0,0.666666667,3,train_09,1
train_02_323,"Alongside the protests , there were also celebrations in different parts of the city to hail the decision .",1,0.666666667,3,train_02,0
train_01_173,"Yes , he 's the fellow who assured his government bosses the July 1 , 2003 , protest march would draw mere thousands , not the half a million that actually turned up .",1,0.666666667,3,train_01,0
train_07_173,"In all , 30 incidents were reported from various districts and 31 Electronic Voting Machines ( EVMs ) were damaged .",0,0.5,2,train_07,1
train_04_1,"The poor response could be gauged from the fact that out of 21,773 candidates only 3,391 appeared and the boycott was total in campus colleges .",0,0.666666667,3,train_04,1
train_04_204,"There are nine million Uygurs among Xinjiang 's 20 million people , and they are the main targets of blame for the unrest .",0,1,3,train_04,1
train_05_38,A police helicopter circled above as the protest march reached town .,0,1,2,train_05,1
train_09_B_102,"Remarkably , the BSNL towers were blown up by Maoists in the areas .",0,1,2,train_09,1
train_06_3,"When the opposition Congress organised a padyatra in Salipur in Cuttack district as part of its Jana Jagaran Yatra on Saturday , the BJD roped in some dissident block level Congress workers from that area to show that its image had not been affected in any manner .",1,1,2,train_06,0
train_02_13,"– PHOTO : PTI ROHTAK : , Arya Samaj activists place body of police firing victim on road An uneasy calm prevailed in Karontha village here on Monday with protesters blocking traffic and placing the body of one of the three persons killed in Sunday ’ s clash on road even as Haryana Chief Minister Bhupinder Singh Hooda ordered a magisterial probe into the violence .",0,0.666666667,3,train_02,1
train_04_231,"KOCHI : DYFI , Youth Congress activists clash October 11 , 2011 00:00 IST The prevailing tension between members of the Democratic Youth Federation of India ( DYFI ) and Youth Congress turned into full scale violence at Alinchuvadu Junction near Vennala on Monday evening .",0,0.666666667,3,train_04,1
train_03_28,"Singh said the militants had tried to breach the cordon Tuesday night , "" but the troops fired at them , pushing them back into the jungle "" .",0,0.666666667,3,train_03,1
train_04_312,"Two Maoists killed in Orissa 22nd June 2009 09:49 AM BHUBANESWAR : Two Maoist guerrillas were killed in a gun battle with the police in Orissa 's Malkangiri district , authorities said Monday .",0,0.666666667,3,train_04,1
train_02_131,"Kolkata : No arrests yet in Malda case January 05 , 2016 00:00 IST No arrests have been made so far in connection with Sunday ’ s mob attack on police personnel in the Kaliachak area of West Bengal ’ s Malda district .",0,0.666666667,3,train_02,1
train_05_241,"Two others were lynched by a mob , which suspected them of being supporters of the group .",1,1,2,train_05,0
train_09_B_151,"Salwa Judum leader among 3 killed in Bastar - Indian Express Express News Service , Express News Service : RAIPUR : , Tue Jul 01 2008 , 23:26 hrs Suspected Maoist rebels killed a Salwa Judum leader and two elected panchayat members .",0,1,2,train_09,1
train_03_322,And the students seem to be in no mood to skip them citing the agitation as they have realised that they are crucial to complete the course .,0,0.666666667,3,train_03,1
train_06_269,May 21 : CPI-Maoist cadres shot dead three persons and injured another at Kotam village in Gumla district of Jharkhand .,0,1,2,train_06,1
train_02_297,"The counter protest by the TNCC chief raised a furore with the Movement with its coordinator S Nallusamy saying Thangkabalu “ had insulted the feelings of farmers , coconut and Palmyra tree climbers consumers and nature lovers . ” A few days back Thangkabalu told reporters in Salem that he had decided on the date for his protest three months ago and did not intend it to be a counter protest to that started by the toddy farmers .",0,0.666666667,3,train_02,1
train_01_146,"The step came after RLD workers , led by district party president Ajit Rathi , former UP minister Dharamvir Balyan and MLC Chaudhry Mushtaq , staged a dharna outside the DM 's office here yesterday and submitted a memorandum to him .",0,1,2,train_01,1
train_09_A_29,"UFBU is meeting at Hyderabad on December 23 to discuss further course of action and the next phase of the agitation , Venkatachalam said .",0,1,3,train_09,1
train_04_124,The incident occurred at 10.30 a.m. The pro-CPI(M) NGO Union activists alleged that the employees had been transferred based on a list submitted by the Congress-affiliated NGO Association district committee 's treasurer C. Ranjith .,0,0.666666667,3,train_04,1
train_04_293,"They sent a letter to university management making it clear that they were committed to negotiations , but found the university 's invitation to talks lacked clarity , Hlatshwayo said .",0,0.666666667,3,train_04,1
train_09_A_46,"The IFP did not want land reform policy to cause havoc in the country , IFP provincial secretary and KwaZulu-Natal premier candidate Velenkosini Hlabisa said on the sidelines of the party 's final get-out-to-vote campaign `` Sizonqoba '' rally in KwaMashu , Durban .",1,1,3,train_09,0
train_03_270,"Most government and private establishments remained open in Vijayawada city , one of the nerve centres of the agitation against the bifurcation .",0,1,3,train_03,1
train_08_59,"Pinarayi ’ s march Mr. Chandy said the march led by Communist Party of India ( Marxist ) State secretary Pinarayi Vijayan was leaving a trail of clashes and violence , though the march ’ s motto was ‘ prosperous Kerala .",0,0.5,2,train_08,1
train_02_207,"According to sources , a large number of private buses remained off the road over the last couple of days .",0,1,3,train_02,1
train_07_224,Pandey 's supporters also allegedly manhandled constable Rahul Kushwaha who had gone to control the situation .,0,0.5,2,train_07,1
train_02_107,"They allege that the attack , apparently triggered by an inter-caste marriage , was politically engineered .",0,0.666666667,3,train_02,1
train_07_111,"Banking up on the Health Minister ’ s assurance , the students , who were on the warpath against the CRS and bond system retracted from the agitations on April 23 , 2012 .",1,1,2,train_07,0
train_01_243,"Police clueless about 15 abducted by Maoists 04th November 2011 09:45 PM PATNA : Four days after armed Maoists abducted 15 people , including 12 labourers , in Bihar 's Jamui district , police are still in dark about their whereabouts and have failed to rescue them , officials here said Friday .",0,1,3,train_01,1
train_01_217,"One group held a black banner with the words : “ The police have overstepped ” , while others chanted for the release of protesters who have been arrested over the last two months of demonstrations .",0,0.666666667,3,train_01,1
train_08_19,"PM condemns ' dastardly ' attack on Congress workers in Chhattisgarh - Indian Express PTI , PTI : New Delhi , Sun May 26 2013 , 01:39 hrs Prime Minister Manmohan Singh tonight strongly condemned the "" dastardly "" Maoists attack on Congress leaders and workers in Chhattisgarh and appealed to the attackers to release at the earliest all those who may have been abducted .",1,0.5,2,train_08,0
train_06_0,"June 10 , 2009 : Nine security personnel , including CRPF troopers , ambushed by Maoists during a routine patrol in Saranda jungles in Jharkhand .",0,1,2,train_06,1
train_05_18,"Angered community members mobilised and marched to a suspected gang member 's house in Bardien Street where Tavern Moss was stabbed and beaten to death , police said at the time .",1,0.5,2,train_05,0
train_05_83,The Pathankot incident too exposed how far the malignant cancer of corruption has spread .,1,1,2,train_05,0
train_01_12,It was in January this year a group of persons attacked the NHAI office at Kalamassery and distributed notices supporting armed revolt against the government .,0,0.666666667,3,train_01,1
train_02_173,"A day after Mishra , succumbed to his wounds suffered of an assassin 's bullet at Bhagwati Hospital , under Dr D V Bhagat 's care , the latter continues to remain under police protection away from home .",0,0.666666667,3,train_02,1
train_02_282,"Four Fisheries Control and Parks officers were taken hostage after 15 armed poachers ambushed them at Hout Bay , SABC radio news reported on Wednesday .",0,1,3,train_02,1
train_07_141,"The Cecelia Makiwane Hospital in East London was again the scene of anger and protest on Tuesday , following the death of four babies at the hospital last week , the SABC reported .",0,0.5,2,train_07,1
train_06_180,"Even after six days of the hunger strike , the government has not reached a consensus on demands raised by the striking doctors .",1,0.5,2,train_06,0
train_02_183,"M. Ranjit , representing the protesting students , said that the Deputy Director of Education ( DDE ) had tried to hoodwink them by issuing an order by which the appointment of language teachers for physical education work was suspended temporarily .",0,0.666666667,3,train_02,1
train_08_245,"Yet older people have been drawn into the protests too : not just democracy veterans , but citizens inspired by the younger generation .",1,1,2,train_08,0
train_09_A_12,"One of the agitators , Vivek Yadav , who was later hospitalised , lodged a complaint alleging that Congress district president Prakash Pradhan and his party workers assaulted him while Louise Khurshid 's vehicle hit him causing injuries .",0,0.666666667,3,train_09,1
train_01_26,"Claiming that the dozen new trains would prove to be a boon for UP , Sonia said later at a public rally organised adjacent to the railway station that it was after a long gap that the Railway ministry had done so much in one go for the state .",0,0.666666667,3,train_01,1
train_02_161,"Police negotiators facing ' toughest challenge yet ' at Occupy sites Officers trying to defuse tensions at Occupy sites deal with insults and lack of protest leadership PUBLISHED : Wednesday , 08 October , 2014 , 4:52am Opposition losing support of public opinion 4 Jun 2018 Police negotiators say Occupy Central has presented them with their toughest challenge yet , facing hundreds of sometimes hostile demonstrators instead of the one or two people they usually deal with .",0,1,3,train_02,1
train_03_85,"`` They said to me that the reburial was very dignified , proceeded very well , until plus minus 60 people made a noise when the president was about to speak , and decided to walk out , '' Motlanthe said .",0,0.666666667,3,train_03,1
train_06_159,A number of BJP and ABVP activists were killed by Maoists in the Telangana region in the last several years but they do not think Maoists will dominate after formation of the separate state .,0,0.5,2,train_06,1
train_03_96,"An improvised explosive device ( IED ) kept under the seat of a motorbike blew up after being remotely triggered , just 100 metres from Jagannath Bhavan , the state BJP headquarters in Malleswaram around 10.30 am .",0,0.666666667,3,train_03,1
train_06_304,"Speakers at the rally , orgainsed by the Peoples Union for Civil Liberties ( PUCL ) , CPI , CPM , and Chhattisgarh Mukti Morcha ( CMM ) , accused the Raman Singh government of having implicated Sen in a false case .",1,0.5,2,train_06,0
