train_04_209,"It took a communal turn that had resulted in stone-pelting , arson and loot .",0,0.666666667,3,train_04,1
train_01_39,The protest march started at 7.30 p.m. but the police blocked it before it reached the venue .,0,1,3,train_01,1
train_01_3,"Tip asked Mathunjwa why he had not `` explicitly '' told armed , striking mineworkers to leave the hill where they had gathered and return to work .",0,1,3,train_01,1
train_09_B_9,"In Thanjavur , the students and staff , 19 in total , were going around the Sri Brahadeeswara Temple when a group owing allegiance to the Naam Tamizhar Katchi and Thamizh Desiya Podhuvudamai Katchi attacked Ven .",0,1,2,train_09,1
train_02_185,"Maoists damage three bridges in Bihar 09th October 2009 12:05 PM PATNA : Maoist guerrillas early Friday damaged three bridges in Bihar 's Aurangabad district with dynamites , police said .",0,0.666666667,3,train_02,1
train_04_118,"And the saffron party ’ s warning , asking Didi ‘ to set her house in order ’ , came at a massive rally staged as part of the ‘ awareness programme ’ , which will continue till July 6 , the death anniversary of Jan Sangh founder Shyama Prasad Mookherjee .",0,1,3,train_04,1
train_07_214,"Wary of Sena , migrants get into a huddle MUMBAI , NOVEMBER 26 As many as 80 migrants from Bihar and Uttar Pradesh  shopkeepers to businessmen and politicians  huddled in a hastily-called meeting at Andheri on Tuesday .",0,0.5,2,train_07,1
train_02_194,"Protestors in Clashes With Police on Jammu-Pathankot NH During Eviction Drive 22nd February 2016 05:22 PM JAMMU : Clashes erupted on the Jammu-Pathankot national highway between police and protesters in Samba district of Jammu region on Monday , police said .",0,1,3,train_02,1
train_02_153,"Nokia Supplier 's Turn to Offer VRS ; 850 Staffers Strike Work 22nd June 2014 07:37 AM CHENNAI : The ripple effect of the drastic downsizing of Nokia ’ s Sriperumbudur plant was felt in another ancillary company , as BYD Electronics India Private Ltd announced a VRS offer for its 1,500 employees .",0,0.666666667,3,train_02,1
train_09_A_152,The posters have warned them against joining the police and army and threatened to take up such cases in the praja court .,0,1,3,train_09,1
train_02_83,"Coinciding with the unrest in the board is the indefinite hunger strike launched by three employees Mahesh Ahire , Shriram Gavai and Balkrishna Gadekar whose regular promotions were denied and the former two were transferred to Nashik on the same post .",0,0.666666667,3,train_02,1
train_05_277,"Reacting to the news , Hardik Patel , the face of Patel quota stir , called it "" failure "" of the government .",0,0.5,2,train_05,1
train_06_165,""" However , the cops posted at a nearby police outpost soon came to their rescue and brought the situation under control .",0,0.5,2,train_06,1
train_03_158,Hundreds of workers gathered at the stadium at 7.30am on Thursday continuing the second day of the NUM strike in windy and cloudy conditions .,0,1,3,train_03,1
train_01_18,`` I am going to argue your evidence that strikers at Marikana in August 2012 attacked the police should be kicked out .,0,1,3,train_01,1
train_05_7,"On Monday , residents blocked the N12 and set alight a municipal office , community hall , houses belonging to the mayor , two councillors and two officials , and several businesses .",0,1,2,train_05,1
train_02_156,It ended only when the police removed all 850 workers from inside the plant on Saturday morning and detained them at two locations in Oragadam .,0,0.666666667,3,train_02,1
train_03_30,He was also booked by the Central Bureau of Investigation ( CBI ) as one of the 17 accused in the 2007 ‘ Dinakaran ’ newspaper office attack case .,1,0.666666667,3,train_03,0
train_06_281,"Curfew relaxed in violence-hit areas of Hyderabad - Indian Express Agencies , Agencies : Hyderabad , Sat Apr 03 2010 , 11:05 hrs Curfew was relaxed for two hours this morning in some violence-hit areas of the city which witnessed communal clashes last week .",0,0.5,2,train_06,1
train_02_149,Ahmedabad : A mob stoned to death two men who were cycling through Dor Bazaar in Ahmedabad this morning .,0,0.666666667,3,train_02,1
train_05_301,Addressing a press conference TRS leader B. Goverdhan Reddy and others said the march was a success despite the hurdles created by the government .,1,0.5,2,train_05,0
train_01_166,"At least five more people will be tried over the attack , Xinhua has reported .",0,1,3,train_01,1
train_08_12,"Though the police had assured people of full protection during the bandh , most business establishments remained closed .",1,0.5,2,train_08,0
train_09_B_97,"Tuesday was marked by further protests and police had to disperse a group at least once , Martins-Engelbrecht said .",0,1,1,train_09,1
train_08_114,Mulaudzi could not confirm reports that the miners were demonstrating after Xstrata fired them .,1,1,2,train_08,0
train_04_159,And the deliberate targeting of U.S. and British citizens and Jews in the Mumbai attacks should be a further reminder to Washington of the danger of allowing groups like LeT any breathing space .,0,1,3,train_04,1
train_01_67,ANDHRA PRADESH Constable and SI allege harassment by higher-up SEEKING JUSTICE : Reserve constable Sanyasi Sahu staging a dharna opposite the City Armed Reserve office in Visakhapatnam on Saturday .,0,0.666666667,3,train_01,1
train_01_68,"April 09 , 2006 00:00 IST Senior officers reportedly trying to sort out issue VISAKHAPATNAM : The Police Stadium , which also houses the headquarters of the City Armed Reserve located , witnessed a rare incident of a constable and a Sub-Inspector staging a silent protest .",0,0.666666667,3,train_01,1
train_02_229,The report said that a crowd of men shouted obscenities at the women and asked them to undress .,0,1,3,train_02,1
train_01_138,""" We have certainly reiterated our support and our commitment to India 's efforts to seek justice on behalf of the victims "" of the 26/11 attack , Assistant Secretary of State for South and Central Asian Affairs Nisha Desai Biswal told PTI when asked about the delay in bringing to justice the perpetrators of the 2008 terror attacks .",0,0.666666667,3,train_01,1
train_07_78,"It was a surcharged atmosphere as some lawyers went on an attacking spree without any provocation , identifying visual media personnel .",1,1,2,train_07,0
train_02_130,"One of them , a 24 - year-old , said : "" I hope this can be a good beginning for a dialogue between citizens and the government on major decisions . "" The rallies are seen as a sign of growing public awareness of environmental issues on the mainland and increasing courage in speaking out .",0,1,3,train_02,1
train_02_127,"It was the second demonstration in Kunming about the controversial project this month , after more than 1,000 protesters took part in a rally on May 4 .",0,0.666666667,3,train_02,1
train_02_104,"More than two weeks after three Dalit settlements , not far from Nayakankottai in this backward district in north-west Tamil Nadu , were attacked , the air is still thick with tension .",0,0.666666667,3,train_02,1
train_03_86,"He said he told Ndebele that since this was a repeat of what happened when the prime minister of India was in the country , party officials should have followed those who were leaving the stadium and observed them .",0,1,3,train_03,1
train_09_B_7,"THANJAVUR / TIRUCHI : Sri Lankan monk assaulted March 17 , 2013 00:00 IST Police escort him to airport and put him on flight to Chennai A Sri Lankan Buddhist monk , Pathberiye Gnanaloka Thero , was assaulted by members of Tamil outfits at Big Temple in Thanjavur on Saturday .",0,0.5,2,train_09,1
train_03_136,He said the peaceful strike demanding a memorial for Chattambi Swami will continue till the government takes a decision on the issue .,0,0.666666667,3,train_03,1
train_01_218,"Protesters distributed protective gear such as face masks , in the event of clashes with police , who have used teargas on demonstrators .",0,0.666666667,3,train_01,1
train_06_82,"He also recalled the incident when a ' pipe ' bomb , targeting BJP leader LK Advani who was on a tour then , was found and diffused in October 2011 near Madurai .",0,0.5,2,train_06,1
train_06_132,The protest over housing started around 6am on Main Reef road .,0,1,2,train_06,1
train_02_144,"At an April 30 election rally in Khalilabad in Sant Kabir Nagar district of Uttar Pradesh , Azmi said : "" If any Muslim opposes the Samajwadi Party , have a DNA test done , he could be an RSS man .",0,0.666666667,3,train_02,1
train_05_171,"He said incidents of protest affected voting stations in areas including Mahikeng and Marikana in North West ; Malamulelele , Musina , Mogalakwena , and Northhampton , in Limpopo ; Bushbuckridge in Mpumalanaga ; Khayelitsha in the Western Cape ; Denver , George Koch , and Orange Farm in Gauteng ; Ethekwini and Jozini in KwaZulu-Natal ; Nelson Mandela Bay , Butterworth , and OR Tambo in the Eastern Cape ; Pampierstad in the Northern Cape ; and Maluti-a-Phofung in the Free State .",1,1,2,train_05,8:28,29:62,29:37,:,:,0
train_03_244,It found that the police were not suitably equipped to quell public disorder during the protest and had failed to devise a plan to regulate and monitor the protest .,0,1,3,train_03,1
train_03_84,Mbeki continued with his speech during the chaos and it soon died down .,0,1,3,train_03,1
train_05_138,NLC strike to go on despite MK appeal 26th October 2010 06:13 PM CHENNAI : The 36 - day strike by contract workers of Neyveli Lignite Corp ( NLC ) is set to continue despite the request to resume work by Tamil Nadu Chief Minister M. Karunanidhi Tuesday .,0,0.5,2,train_05,1
train_03_49,"Urging the Commission to reveal names of people involved in the attacks , he said the protestors against the church attack were assaulted by police , youth were hunted and criminal cases were booked on them .",0,0.666666667,3,train_03,1
train_01_63,"Joshua Wong , the teenage activist who was one of the most recognisable faces of Hong Kong ’ s umbrella movement protests , has been found guilty of “ illegal assembly ” by a court in the former British colony .",0,0.666666667,3,train_01,1
train_09_B_96,"The remaining person in the group , arrested during protests at the Khutsong stadium on Sunday where Defence Minister and African National Congress chairman Mosiuoa Lekota was speaking , was not charged and was released .",0,1,2,train_09,1
train_06_33,"Personnel from the local police station , which is less than half-a-kilometre from the spot , reached 20 minutes after the clashes broke out .",1,0.5,2,train_06,0
train_05_281,"Broken glass , rocks , a broken traffic light and other debris were scattered on Albertina Sisulu Road during the protests .",1,1,2,train_05,0
train_03_189,Workers who did not participate in the strike would receive a once-off loyalty allowance of R2000 .,0,1,3,train_03,1
train_05_81,The burnt-down police station was repaired and given a fresh coat of paint overnight .,1,1,2,train_05,0
train_01_162,"They did not confess to the planned attack after their capture , and so should bear full responsibility for the loss of life , the court said .",1,0.666666667,3,train_01,0
train_08_68,""" On December 29 , we halted at Basaguda village in Chhattisgarh but some people in civil clothes approached us and tied our hands upon which we realised we have been kidnapped .",1,1,2,train_08,0
train_03_79,"After showering flower petals in the sea to mark the World Oceans Day , the villagers and their children started the relay fast at Kooththenkuzhi .",0,0.666666667,3,train_03,1
train_08_58,Speeches of Congress leaders who addressed a large gathering of party men made it abundantly clear that all major issues prominent in the political discourse of the State would be highlighted by the march visiting all constituencies in the State .,1,1,2,train_08,0
train_02_1,"“ Instead of blocking traffic here , they should go to Bhubaneswar with their demand .",0,1,3,train_02,1
train_06_119,"Meanwhile , disruption of services in Osmania and Gandhi hospital continues and emergency services in Osmania General Hospital are boycotted by the PG students .",0,0.5,2,train_06,1
train_08_67,""" We had gone to study the life of people in remote and Naxal-affected tribal areas as part of our mission and did not expect to be kidnapped by the Naxals , though we fully knew about their presence , "" they said .",1,1,2,train_08,0
train_01_132,Modiites are now reminding the Congress about the trips which Sonia and the Prime Minister made to Muzzafarnagar after 43 were killed in the worst-ever communal clashes in decades .,0,0.666666667,3,train_01,1
train_08_223,"TAMIL NADU Post blasts , the web of security tightens May 29 , 2014 00:00 IST Railway stations , places of worship , cinema halls , malls – the enhanced protective measures are everywhere The May Day twin blasts on platform nine of Chennai Central sent a strong message to various enforcement agencies in the city .",1,1,2,train_08,0
train_09_B_50,Outside the court hall were nearly 100 advocates shouting slogans and hurling abuses against the judiciary and a few judicial officers .,0,0.5,2,train_09,1
train_07_248,"`` The protest is out of concern by Sadtu that our education in this country needs a lot of fixing , '' said Dlamini .",0,0.5,2,train_07,1
train_03_263,"Agitation to be intensified 02nd April 2011 12:35 AM ALUVA : The ongoing agitation against the closure of study centres in the name of reformist leaders in Sree Sankaracharya Sanskrit University in Kalady will be intensified , said the office-bearers of the Confederation of Sanathana Dharma Suhruth Vedi here on Friday .",0,0.666666667,3,train_03,1
train_03_157,Metro police intervened and the fire was put out .,0,0.666666667,3,train_03,1
train_02_252,"Protesters blockaded the R104 with rocks , rubbish , and burning tyres on Wednesday .",0,1,3,train_02,1
train_04_7,"Students clash with police in Osmania university - Indian Express Agencies , Agencies : Hyderabad , Mon Feb 15 2010 , 14:34 hrs Over 10 security personnel and few media persons were injured on Monday in a fresh clash between students and security men in Osmania University in Hyderabad , the nerve-centre of separate Telangana agitation .",0,0.666666667,3,train_04,1
train_03_172,The trade union federation said the march by thousands of women to the Union Buildings in Pretoria in 1956 against pass books was a turning point in history .,0,1,3,train_03,1
train_03_231,The developments at the prestigious engineering institute also triggered politicking even as the state government assured that safety will be ensured for the students hailing from other states at the campus where CRPF has been deployed to instill a sense of security .,0,0.666666667,3,train_03,1
train_06_136,They shouted slogans against superintendent Dr Asok Kumar and RMO-I Dr BV Rao .,0,1,2,train_06,1
train_07_70,Hundreds of lawyers took on media persons at the court barring them from entering the premises and also threw stones and bottles on them .,0,0.5,2,train_07,1
train_08_295,"He claimed that YSR Congress activists "" manhandled "" TDP activists at A. Konduru and Khambhampadu villages in which about 10 workers were injured .",1,1,2,train_08,0
train_05_27,The march was intercepted at the Khairatabad Crossroads and the marchers were taken into preventive custody .,0,0.5,2,train_05,1
train_06_316,Ex - Congress MP Ehasan Jafri was among those killed in the Gulberg Society riots .,0,1,2,train_06,1
train_09_A_58,"NATIONAL Supreme Court won ’ t restrain Gujarat from acting on report September 27 , 2008 00:00 IST J. Venkatesan New Delhi : The Supreme Court on Friday refused to restrain the Gujarat government from circulating , publishing and acting on the Nanavati Commission report on the Godhra train carnage .",0,1,3,train_09,1
train_03_62,"Govt urged to take over Nellimarla jute mill 24th July 2009 03:08 AM HYDERABAD : Representatives of the Nellimarla Jute Mill Karmika Sangham , affiliated to IFTU , today urged Chief Minister YS Rajasekhara Reddy to intervene in resolving their problems and to put an end to the 10 - month-old strike involving about 5,000 jute mill workers at Nellimarla in Vizianagaram district .",0,0.666666667,3,train_03,1
train_07_154,"’ 93 blasts : SC to deliver verdict today 21st March 2013 07:54 AM Twenty years and a week after the serial blasts rocked Mumbai on March 12 , 1993 , the Supreme Court will be delivering its judgment in the case on Thursday .",0,0.5,2,train_07,1
train_05_193,"The Indian Government had yesterday assured the family members of African national Masunda Oliver , who was brutally killed in the national capital , that speedy trial would take place in the case and all the three accused would be prosecuted as per law of the land .",0,0.5,2,train_05,1
train_09_B_52,"Soon , the huge posse of advocates started raising defamatory slogans against a few judges .",0,1,2,train_09,1
train_09_B_143,"PPSS has sought cooperation of the villagers , political parties and anti-land displacement leaders in their agitation against Posco .",0,0.5,2,train_09,1
train_09_A_48,"KARNATAKA Traders against plan to amend APMC Act January 06 , 2007 00:00 IST REST : A farmer takes a nap on a cotton bale at the APMC yard , in Hubli on Friday as the APMC traders across the State observe bandh .",0,0.666666667,3,train_09,1
train_04_0,"Eventually , students of the campus and constituent colleges boycotted the exams while affiliated college students wrote the exams but in lesser numbers .",0,1,3,train_04,1
train_02_119,"Jaganmohan Reddy is fighting for the people ’ s cause but the State government appears to have compromised with the Centre over the issue , ” Mr. Gowtham Reddy said while addressing the gathering .",0,0.666666667,3,train_02,1
train_01_62,"“ The youth was killed at a protest against the Army ’ s action halting the vehicles , ” alleged Mohammad Yasin Khan , head of a traders ’ body .",0,0.666666667,3,train_01,1
train_01_141,Biswal underlined that the US on its part had offered rewards for information leading to the arrest and prosecution of individuals associated with the Mumbai attack .,0,0.666666667,3,train_01,1
train_06_186,"The leader 's henchmen offered him a "" settlement "" but when he approached the state Lok Ayukta with a complaint of corruption , they attacked him and his wife .",0,0.5,2,train_06,1
train_02_195,Police said irate protesters set ablaze an earth-mover machine of the Jammu Development Authority ( JDA ) at Sarore on the Jammu-Pathankot national highway when JDA authorities went there to evict illegal occupants of JDA land .,0,0.666666667,3,train_02,1
train_04_26,"While Mamata Banerjee participated in her padayatra , her arch political rival and West Bengal Chief Minister Buddhadeb Bhattacharjee confined himself with an interactive session with the students on a college campus in Garia , Southern part of the city to get their support .",0,0.666666667,3,train_04,1
train_06_73,"The MLAs , along with a large number of party supporters , raised slogans against the government and condemned the attack on the woman MLA .",0,0.5,2,train_06,1
train_05_11,"Delivering the valedictory address of the 119th Maramon Convention at Maramon near Kozhenchery here on Sunday , Joseph Mar Thoma said the people who are participating in the agitation against the airport are actually natives of distant places , including Malabar and Thiruvananthapuram .",0,0.5,2,train_05,1
train_06_215,"In July , ANC councillor Wandile Mkhize was shot dead in a drive-by shooting near his home in Manaba , Margate .",0,1,2,train_06,1
train_01_201,But Congress MP and Union minister from Murshidabad Adhir Chowdhury blamed the Trinamool for the violence .,0,1,3,train_01,1
train_02_198,Reports from the area said agitated protestors had blocked the highway and security personnel were trying to pacify them .,0,0.666666667,3,train_02,1
train_02_272,About 15 cars were burnt and seven damaged by the angry protesters .,0,0.666666667,3,train_02,1
train_06_311,"Earlier in the day , the agitating sanitation workers took out a protest rally from Tummalapalli Kalakshetram to the Collector ’ s Camp Office , where they staged a dharna shouting anti-establishment slogans for a couple of hours .",1,0.5,2,train_06,0
train_05_39,"Despite the march being peaceful , most of the businesses in the inner city were closed .",1,0.5,2,train_05,0
train_05_110,"The blast occurred on the railway track last night about eight km south of Mazbat damaging a reinforced concrete cement ( RCC ) line sleeper , IGP L R Bishnoi said .",0,1,2,train_05,1
train_09_A_27,"Hence , the strike was forced on us , ” he added .",0,1,3,train_09,1
train_09_B_59,"HYDERABAD : BJP leaders court arrest during bandh May 01 , 2012 00:00 IST It was private moneylender Srinivas alias Salman Srinu , one of the two alleged masterminds behind the temple desecration in Madannapet , who purchased the blue paint which was sprinkled on the temple wall , the police said .",0,1,2,train_09,1
